{
  "tag": "C3_r0.05_mp2",
  "alias": "C3_r0.05_mp2",
  "dataset": "100k",
  "num_round_requested": 30,
  "num_round_actual": 30,
  "best_round": 29,
  "best_test_hr": 0.6861081654294804,
  "best_test_ndcg": 0.4273987602003498,
  "best_val_hr": 0.7264050901378579,
  "hr_list": [
    0.20890774125132555,
    0.3022269353128314,
    0.4369034994697773,
    0.5185577942735949,
    0.5408271474019088,
    0.5408271474019088,
    0.5493107104984093,
    0.5524920466595971,
    0.5662778366914104,
    0.5715800636267232,
    0.5662778366914104,
    0.5758218451749735,
    0.5811240721102863,
    0.5821845174973489,
    0.5927889713679746,
    0.5832449628844114,
    0.6193001060445387,
    0.6139978791092259,
    0.6171792152704135,
    0.6299045599151644,
    0.6288441145281018,
    0.647932131495228,
    0.6585365853658537,
    0.6564156945917285,
    0.6638388123011665,
    0.662778366914104,
    0.6680805938494168,
    0.6733828207847296,
    0.6829268292682927,
    0.6861081654294804
  ],
  "ndcg_list": [
    0.10024106242464549,
    0.161858108829605,
    0.25832607894625986,
    0.3126252670981021,
    0.3254302217474455,
    0.3253344744828935,
    0.3328743963624341,
    0.3309851838602966,
    0.33428904336784077,
    0.33892076711443037,
    0.33939292100953405,
    0.33796110396589246,
    0.3429933607503167,
    0.34326857212341466,
    0.3517263929124273,
    0.3507177060967331,
    0.3684879623838283,
    0.3682888569123263,
    0.36856262546895713,
    0.38765877694534795,
    0.3884683353568749,
    0.39560289765266843,
    0.4032168946393934,
    0.40295274181000823,
    0.40978180637883266,
    0.40972020790518193,
    0.41938519593507634,
    0.41788386781492015,
    0.424782710627106,
    0.4273987602003498
  ],
  "val_hr_list": [
    0.19936373276776245,
    0.31919406150583246,
    0.45387062566277836,
    0.5418875927889714,
    0.5683987274655355,
    0.584305408271474,
    0.5980911983032874,
    0.601272534464475,
    0.6023329798515377,
    0.5970307529162248,
    0.6171792152704135,
    0.601272534464475,
    0.6076352067868505,
    0.6224814422057264,
    0.6129374337221634,
    0.6203605514316013,
    0.6352067868504772,
    0.6532343584305408,
    0.6659597030752916,
    0.6489925768822906,
    0.6755037115588547,
    0.672322375397667,
    0.6733828207847296,
    0.6871686108165429,
    0.7062566277836692,
    0.7062566277836692,
    0.6924708377518558,
    0.711558854718982,
    0.7158006362672322,
    0.7264050901378579
  ],
  "val_ndcg_list": [
    0.10077957922637794,
    0.1746036553717696,
    0.26731499627380556,
    0.3332124384337938,
    0.3533680777015047,
    0.3594323859388134,
    0.36147199943274483,
    0.35962916240276266,
    0.35795559043371106,
    0.35435513258270934,
    0.36752464496628645,
    0.36413848662208104,
    0.3678691172491312,
    0.3767433827507226,
    0.38280230208968147,
    0.3823990439488552,
    0.39269299828544907,
    0.4058025825986175,
    0.4149007286543253,
    0.4084117911017997,
    0.4271890305953553,
    0.42639661265050666,
    0.4349440691494218,
    0.440049859972559,
    0.4553938758201997,
    0.4533943409344626,
    0.4476265168129787,
    0.4562816854115333,
    0.45512568166147466,
    0.4742139107132478
  ],
  "upload_bytes_per_round": [
    214732416,
    214732416,
    214732416,
    214732416,
    214732416,
    214732416,
    214732416,
    214732416,
    214732416,
    214732416,
    214732416,
    214732416,
    214732416,
    214732416,
    214732416,
    214732416,
    214732416,
    214732416,
    214732416,
    214732416,
    214732416,
    214732416,
    214732416,
    214732416,
    214732416,
    214732416,
    214732416,
    214732416,
    214732416,
    214732416
  ],
  "total_upload_bytes": 6441972480,
  "aggregate_stats_per_round": [
    {
      "avg_item_neighbors": 648.5747613997879,
      "avg_interest_neighbors": 672.0954400848357,
      "avg_trusted_neighbors": 556.3923647932131,
      "avg_union_neighbors": 764.2778366914104,
      "avg_false_neighbor_ratio": 0.2720024864231859,
      "isolated_nodes": 115.0,
      "mode": "intersection"
    },
    {
      "avg_item_neighbors": 640.6383881230116,
      "avg_interest_neighbors": 591.9512195121952,
      "avg_trusted_neighbors": 479.81972428419937,
      "avg_union_neighbors": 752.7698833510075,
      "avg_false_neighbor_ratio": 0.3625944197604605,
      "isolated_nodes": 137.0,
      "mode": "intersection"
    },
    {
      "avg_item_neighbors": 605.3594909862142,
      "avg_interest_neighbors": 562.203605514316,
      "avg_trusted_neighbors": 430.7592788971368,
      "avg_union_neighbors": 736.8038176033934,
      "avg_false_neighbor_ratio": 0.4153677429383166,
      "isolated_nodes": 152.0,
      "mode": "intersection"
    },
    {
      "avg_item_neighbors": 589.626723223754,
      "avg_interest_neighbors": 558.9734888653235,
      "avg_trusted_neighbors": 411.54188759278895,
      "avg_union_neighbors": 737.0583244962885,
      "avg_false_neighbor_ratio": 0.44164271141766154,
      "isolated_nodes": 155.0,
      "mode": "intersection"
    },
    {
      "avg_item_neighbors": 574.1145281018028,
      "avg_interest_neighbors": 553.2343584305409,
      "avg_trusted_neighbors": 395.97667020148464,
      "avg_union_neighbors": 731.3722163308589,
      "avg_false_neighbor_ratio": 0.4585839311916762,
      "isolated_nodes": 159.0,
      "mode": "intersection"
    },
    {
      "avg_item_neighbors": 558.0636267232237,
      "avg_interest_neighbors": 584.7995758218452,
      "avg_trusted_neighbors": 420.12513255567336,
      "avg_union_neighbors": 722.7380699893955,
      "avg_false_neighbor_ratio": 0.41870346948537285,
      "isolated_nodes": 165.0,
      "mode": "intersection"
    },
    {
      "avg_item_neighbors": 545.4931071049841,
      "avg_interest_neighbors": 644.5323435843054,
      "avg_trusted_neighbors": 474.20572640509016,
      "avg_union_neighbors": 715.8197242841993,
      "avg_false_neighbor_ratio": 0.3375347027782963,
      "isolated_nodes": 166.0,
      "mode": "intersection"
    },
    {
      "avg_item_neighbors": 537.745493107105,
      "avg_interest_neighbors": 631.6033934252386,
      "avg_trusted_neighbors": 466.87380699893953,
      "avg_union_neighbors": 702.475079533404,
      "avg_false_neighbor_ratio": 0.33538737444032163,
      "isolated_nodes": 186.0,
      "mode": "intersection"
    },
    {
      "avg_item_neighbors": 531.5673382820785,
      "avg_interest_neighbors": 615.170731707317,
      "avg_trusted_neighbors": 449.1134676564157,
      "avg_union_neighbors": 697.6246023329799,
      "avg_false_neighbor_ratio": 0.35622472866567356,
      "isolated_nodes": 178.0,
      "mode": "intersection"
    },
    {
      "avg_item_neighbors": 518.7783669141039,
      "avg_interest_neighbors": 601.5355249204666,
      "avg_trusted_neighbors": 430.7847295864263,
      "avg_union_neighbors": 689.5291622481442,
      "avg_false_neighbor_ratio": 0.37524799069861864,
      "isolated_nodes": 190.0,
      "mode": "intersection"
    },
    {
      "avg_item_neighbors": 518.1569459172853,
      "avg_interest_neighbors": 597.0901378579003,
      "avg_trusted_neighbors": 427.5143160127253,
      "avg_union_neighbors": 687.7327677624602,
      "avg_false_neighbor_ratio": 0.37837146046764075,
      "isolated_nodes": 188.0,
      "mode": "intersection"
    },
    {
      "avg_item_neighbors": 505.0243902439024,
      "avg_interest_neighbors": 605.0434782608696,
      "avg_trusted_neighbors": 429.05832449628844,
      "avg_union_neighbors": 681.0095440084835,
      "avg_false_neighbor_ratio": 0.36996723721254704,
      "isolated_nodes": 199.0,
      "mode": "intersection"
    },
    {
      "avg_item_neighbors": 503.30222693531283,
      "avg_interest_neighbors": 603.1728525980913,
      "avg_trusted_neighbors": 424.7168610816543,
      "avg_union_neighbors": 681.7582184517497,
      "avg_false_neighbor_ratio": 0.37702714894120065,
      "isolated_nodes": 193.0,