{
  "tag": "C4_r0.05_mp2_lep2",
  "alias": "C4_r0.05_mp2_lep2",
  "dataset": "100k",
  "num_round_requested": 30,
  "num_round_actual": 30,
  "best_round": 28,
  "best_test_hr": 0.7529162248144221,
  "best_test_ndcg": 0.459842286539607,
  "best_val_hr": 0.7794273594909862,
  "hr_list": [
    0.2735949098621421,
    0.47613997879109227,
    0.5874867444326617,
    0.6214209968186638,
    0.6129374337221634,
    0.6108165429480382,
    0.6182396606574762,
    0.6256627783669141,
    0.6267232237539767,
    0.6320254506892895,
    0.6405090137857901,
    0.6458112407211029,
    0.6553552492046659,
    0.6511134676564156,
    0.6511134676564156,
    0.6606574761399788,
    0.672322375397667,
    0.689289501590668,
    0.6988335100742312,
    0.7083775185577943,
    0.7051961823966065,
    0.721102863202545,
    0.7242841993637328,
    0.7274655355249204,
    0.7412513255567338,
    0.7391304347826086,
    0.7571580063626723,
    0.7476139978791092,
    0.7529162248144221,
    0.7518557794273595
  ],
  "ndcg_list": [
    0.14025760041416238,
    0.2948290842078745,
    0.3766575919406707,
    0.3912550031352195,
    0.3843008936283349,
    0.38453958960101214,
    0.38774056599315726,
    0.399824587746385,
    0.39829218246904735,
    0.4034498307632303,
    0.4039047744854763,
    0.4007312916471642,
    0.3987274447415087,
    0.41045965653949035,
    0.4016530110219317,
    0.41016318164385945,
    0.41598317487091685,
    0.4158578455909657,
    0.42027697788403273,
    0.4320699032091242,
    0.43105152041187567,
    0.4331539602005711,
    0.44070679106199084,
    0.44808787780618337,
    0.4588451815971881,
    0.4459974943481322,
    0.4642132847136499,
    0.4539842906143146,
    0.459842286539607,
    0.4594676756926888
  ],
  "val_hr_list": [
    0.30434782608695654,
    0.5196182396606575,
    0.630965005302227,
    0.6553552492046659,
    0.6489925768822906,
    0.6585365853658537,
    0.662778366914104,
    0.6617179215270413,
    0.6574761399787911,
    0.6755037115588547,
    0.6702014846235419,
    0.6755037115588547,
    0.6670201484623541,
    0.6871686108165429,
    0.6903499469777307,
    0.7009544008483564,
    0.6967126193001061,
    0.7158006362672322,
    0.7295864262990456,
    0.7232237539766702,
    0.7423117709437964,
    0.7433722163308589,
    0.7423117709437964,
    0.7476139978791092,
    0.7688229056203606,
    0.76033934252386,
    0.7635206786850477,
    0.777306468716861,
    0.7794273594909862,
    0.777306468716861
  ],
  "val_ndcg_list": [
    0.15702742773701914,
    0.3168543484475625,
    0.41340828615747716,
    0.41729927135596423,
    0.4184387386179113,
    0.420471227145085,
    0.4191138978921282,
    0.4269092547585801,
    0.4200347167061916,
    0.4334201993368279,
    0.4371205418965172,
    0.43892876457524715,
    0.43929341373374137,
    0.44333178738269247,
    0.44170005879248664,
    0.44833716177138344,
    0.433963983724276,
    0.45703962867467507,
    0.4499849944286299,
    0.4624832276898481,
    0.47199909627638975,
    0.4683234980624321,
    0.47408444953637746,
    0.4829284048706447,
    0.48749291278890616,
    0.48533972889333343,
    0.4924604646841218,
    0.49833097320237485,
    0.5025165827013013,
    0.49250633534046856
  ],
  "upload_bytes_per_round": [
    214732416,
    214732416,
    214732416,
    214732416,
    214732416,
    214732416,
    214732416,
    214732416,
    214732416,
    214732416,
    214732416,
    214732416,
    214732416,
    214732416,
    214732416,
    214732416,
    214732416,
    214732416,
    214732416,
    214732416,
    214732416,
    214732416,
    214732416,
    214732416,
    214732416,
    214732416,
    214732416,
    214732416,
    214732416,
    214732416
  ],
  "total_upload_bytes": 6441972480,
  "aggregate_stats_per_round": [
    {
      "avg_item_neighbors": 579.6755037115588,
      "avg_interest_neighbors": 595.779427359491,
      "avg_trusted_neighbors": 453.5121951219512,
      "avg_union_neighbors": 721.9427359490986,
      "avg_false_neighbor_ratio": 0.3718169426197723,
      "isolated_nodes": 153.0,
      "mode": "intersection"
    },
    {
      "avg_item_neighbors": 493.6797454931071,
      "avg_interest_neighbors": 574.254506892895,
      "avg_trusted_neighbors": 350.2460233297985,
      "avg_union_neighbors": 717.6882290562036,
      "avg_false_neighbor_ratio": 0.5119802594639321,
      "isolated_nodes": 179.0,
      "mode": "intersection"
    },
    {
      "avg_item_neighbors": 528.1802757158007,
      "avg_interest_neighbors": 566.4665959703075,
      "avg_trusted_neighbors": 367.9893955461294,
      "avg_union_neighbors": 726.6574761399788,
      "avg_false_neighbor_ratio": 0.4935861700606213,
      "isolated_nodes": 171.0,
      "mode": "intersection"
    },
    {
      "avg_item_neighbors": 505.3255567338282,
      "avg_interest_neighbors": 636.3499469777306,
      "avg_trusted_neighbors": 427.8557794273595,
      "avg_union_neighbors": 713.8197242841993,
      "avg_false_neighbor_ratio": 0.4006108757271976,
      "isolated_nodes": 185.0,
      "mode": "intersection"
    },
    {
      "avg_item_neighbors": 493.32979851537647,
      "avg_interest_neighbors": 622.3520678685047,
      "avg_trusted_neighbors": 414.08271474019085,
      "avg_union_neighbors": 701.5991516436903,
      "avg_false_neighbor_ratio": 0.4098015743461385,
      "isolated_nodes": 187.0,
      "mode": "intersection"
    },
    {
      "avg_item_neighbors": 479.1049840933192,
      "avg_interest_neighbors": 606.8335100742312,
      "avg_trusted_neighbors": 392.4369034994698,
      "avg_union_neighbors": 693.5015906680806,
      "avg_false_neighbor_ratio": 0.4341225618222187,
      "isolated_nodes": 183.0,
      "mode": "intersection"
    },
    {
      "avg_item_neighbors": 464.07847295864264,
      "avg_interest_neighbors": 612.3669141039237,
      "avg_trusted_neighbors": 387.3637327677625,
      "avg_union_neighbors": 689.0816542948038,
      "avg_false_neighbor_ratio": 0.4378551070784421,
      "isolated_nodes": 189.0,
      "mode": "intersection"
    },
    {
      "avg_item_neighbors": 454.27571580063625,
      "avg_interest_neighbors": 626.2099681866384,
      "avg_trusted_neighbors": 381.7900318133616,
      "avg_union_neighbors": 698.695652173913,
      "avg_false_neighbor_ratio": 0.4535674715801296,
      "isolated_nodes": 188.0,
      "mode": "intersection"
    },
    {
      "avg_item_neighbors": 445.72852598091197,
      "avg_interest_neighbors": 623.9024390243902,
      "avg_trusted_neighbors": 370.60869565217394,
      "avg_union_neighbors": 699.0222693531283,
      "avg_false_neighbor_ratio": 0.4698184708834336,
      "isolated_nodes": 182.0,
      "mode": "intersection"
    },
    {
      "avg_item_neighbors": 438.90986214209966,
      "avg_interest_neighbors": 649.4718981972428,
      "avg_trusted_neighbors": 377.54188759278895,
      "avg_union_neighbors": 710.8398727465535,
      "avg_false_neighbor_ratio": 0.4688791356989626,
      "isolated_nodes": 176.0,
      "mode": "intersection"
    },
    {
      "avg_item_neighbors": 429.74125132555673,
      "avg_interest_neighbors": 648.5429480381761,
      "avg_trusted_neighbors": 364.5471898197243,
      "avg_union_neighbors": 713.7370095440085,
      "avg_false_neighbor_ratio": 0.4892415764559753,
      "isolated_nodes": 170.0,
      "mode": "intersection"
    },
    {
      "avg_item_neighbors": 425.0625662778367,
      "avg_interest_neighbors": 646.695652173913,
      "avg_trusted_neighbors": 357.78154825026513,
      "avg_union_neighbors": 713.9766702014846,
      "avg_false_neighbor_ratio": 0.49888902091254755,
      "isolated_nodes": 164.0,
      "mode": "intersection"
    },
    {
      "avg_item_neighbors": 431.14952279957583,
      "avg_interest_neighbors": 653.32131495228,
      "avg_trusted_neighbors": 366.627783669141,
      "avg_union_neighbors": 717.8430540827147,
      "avg_false_neighbor_ratio": 0.4892647054478628,
      "isolated_nodes": 160.0,