{
  "tag": "F1_r0.01_mp2_lep2",
  "alias": "F1_r0.01_mp2_lep2",
  "dataset": "100k",
  "num_round_requested": 30,
  "num_round_actual": 30,
  "best_round": 29,
  "best_test_hr": 0.7751855779427359,
  "best_test_ndcg": 0.48650907618805034,
  "best_val_hr": 0.7910922587486744,
  "hr_list": [
    0.2863202545068929,
    0.5005302226935313,
    0.5800636267232238,
    0.6065747613997879,
    0.6044538706256628,
    0.6055143160127253,
    0.6246023329798516,
    0.6150583244962884,
    0.6246023329798516,
    0.6267232237539767,
    0.6256627783669141,
    0.6383881230116649,
    0.6426299045599152,
    0.6489925768822906,
    0.6574761399787911,
    0.6648992576882291,
    0.6882290562036055,
    0.6871686108165429,
    0.7147401908801697,
    0.7126193001060446,
    0.750795334040297,
    0.7317073170731707,
    0.735949098621421,
    0.7306468716861082,
    0.7518557794273595,
    0.7444326617179216,
    0.7667020148462355,
    0.7645811240721103,
    0.777306468716861,
    0.7751855779427359
  ],
  "ndcg_list": [
    0.148363117785391,
    0.30029353501468387,
    0.3514498578928232,
    0.3675524150508015,
    0.36009322243648484,
    0.3691714396708191,
    0.3788048649661326,
    0.3832740412161915,
    0.3869667632659908,
    0.38911248353946654,
    0.387515716765473,
    0.3914248948907358,
    0.39663730757717347,
    0.39718510079045743,
    0.4047127092115303,
    0.4096110618331685,
    0.4195800018406742,
    0.4195835884925147,
    0.435870314948265,
    0.4392784612238514,
    0.4533848421702316,
    0.4468198646825442,
    0.4534696572060689,
    0.4583979789042094,
    0.4669431548932806,
    0.46595995425326897,
    0.47701556524340705,
    0.47434710393035745,
    0.4845500122236644,
    0.48650907618805034
  ],
  "val_hr_list": [
    0.3170731707317073,
    0.5514316012725344,
    0.633085896076352,
    0.6373276776246023,
    0.6468716861081655,
    0.6468716861081655,
    0.662778366914104,
    0.6532343584305408,
    0.6542948038176034,
    0.6680805938494168,
    0.6511134676564156,
    0.6765641569459173,
    0.6617179215270413,
    0.6871686108165429,
    0.6786850477200425,
    0.711558854718982,
    0.6967126193001061,
    0.71898197242842,
    0.7306468716861082,
    0.7317073170731707,
    0.750795334040297,
    0.76033934252386,
    0.7698833510074231,
    0.76033934252386,
    0.7857900318133616,
    0.7720042417815483,
    0.7794273594909862,
    0.7879109225874867,
    0.7868504772004242,
    0.7910922587486744
  ],
  "val_ndcg_list": [
    0.16599365730037854,
    0.32733482292657334,
    0.3958348898739432,
    0.40251448877608964,
    0.39718388782001396,
    0.404510734850205,
    0.4080911422646507,
    0.4192314102321381,
    0.40929826772005384,
    0.42797287951260526,
    0.4228009245195321,
    0.4324154519398246,
    0.43198487939033203,
    0.4382608900136923,
    0.43787598978869885,
    0.45415526559129604,
    0.43892449465966443,
    0.46808323099949606,
    0.4644830849704682,
    0.47727191006792086,
    0.4927526502426053,
    0.49751777509815687,
    0.4966401531447217,
    0.5020355689888306,
    0.507863426648432,
    0.5058262142398068,
    0.5133187134120334,
    0.5204570906229877,
    0.5222903140363294,
    0.5257935588865897
  ],
  "upload_bytes_per_round": [
    214732416,
    214732416,
    214732416,
    214732416,
    214732416,
    214732416,
    214732416,
    214732416,
    214732416,
    214732416,
    214732416,
    214732416,
    214732416,
    214732416,
    214732416,
    214732416,
    214732416,
    214732416,
    214732416,
    214732416,
    214732416,
    214732416,
    214732416,
    214732416,
    214732416,
    214732416,
    214732416,
    214732416,
    214732416,
    214732416
  ],
  "total_upload_bytes": 6441972480,
  "aggregate_stats_per_round": [
    {
      "avg_item_neighbors": 566.5026511134677,
      "avg_interest_neighbors": 594.1314952279957,
      "avg_trusted_neighbors": 455.2492046659597,
      "avg_union_neighbors": 705.3849416755037,
      "avg_false_neighbor_ratio": 0.3546088415431659,
      "isolated_nodes": 160.0,
      "mode": "intersection"
    },
    {
      "avg_item_neighbors": 512.559915164369,
      "avg_interest_neighbors": 560.5980911983033,
      "avg_trusted_neighbors": 357.915164369035,
      "avg_union_neighbors": 715.2428419936373,
      "avg_false_neighbor_ratio": 0.4995893095953291,
      "isolated_nodes": 172.0,
      "mode": "intersection"
    },
    {
      "avg_item_neighbors": 513.170731707317,
      "avg_interest_neighbors": 565.085896076352,
      "avg_trusted_neighbors": 360.27147401908803,
      "avg_union_neighbors": 717.9851537645811,
      "avg_false_neighbor_ratio": 0.4982187693852834,
      "isolated_nodes": 160.0,
      "mode": "intersection"
    },
    {
      "avg_item_neighbors": 502.83987274655357,
      "avg_interest_neighbors": 640.0233297985154,
      "avg_trusted_neighbors": 431.59278897136795,
      "avg_union_neighbors": 711.2704135737009,
      "avg_false_neighbor_ratio": 0.3932085733710237,
      "isolated_nodes": 174.0,
      "mode": "intersection"
    },
    {
      "avg_item_neighbors": 487.6797454931071,
      "avg_interest_neighbors": 623.2173913043479,
      "avg_trusted_neighbors": 415.31283138918343,
      "avg_union_neighbors": 695.5843054082715,
      "avg_false_neighbor_ratio": 0.4029295541028393,
      "isolated_nodes": 177.0,
      "mode": "intersection"
    },
    {
      "avg_item_neighbors": 470.6426299045599,
      "avg_interest_neighbors": 608.4644750795334,
      "avg_trusted_neighbors": 395.24496288441145,
      "avg_union_neighbors": 683.8621420996818,
      "avg_false_neighbor_ratio": 0.4220400011164833,
      "isolated_nodes": 184.0,
      "mode": "intersection"
    },
    {
      "avg_item_neighbors": 463.91092258748677,
      "avg_interest_neighbors": 617.6118769883351,
      "avg_trusted_neighbors": 401.796394485684,
      "avg_union_neighbors": 679.7264050901379,
      "avg_false_neighbor_ratio": 0.40888511689875845,
      "isolated_nodes": 196.0,
      "mode": "intersection"
    },
    {
      "avg_item_neighbors": 452.95015906680806,
      "avg_interest_neighbors": 618.8950159066808,
      "avg_trusted_neighbors": 389.8897136797455,
      "avg_union_neighbors": 681.9554612937434,
      "avg_false_neighbor_ratio": 0.42827686585267244,
      "isolated_nodes": 202.0,
      "mode": "intersection"
    },
    {
      "avg_item_neighbors": 442.0975609756098,
      "avg_interest_neighbors": 616.50901378579,
      "avg_trusted_neighbors": 381.03287380699896,
      "avg_union_neighbors": 677.5737009544008,
      "avg_false_neighbor_ratio": 0.4376510285592658,
      "isolated_nodes": 193.0,
      "mode": "intersection"
    },
    {
      "avg_item_neighbors": 437.98727465535524,
      "avg_interest_neighbors": 619.3149522799575,
      "avg_trusted_neighbors": 380.78897136797457,
      "avg_union_neighbors": 676.5132555673383,
      "avg_false_neighbor_ratio": 0.437130066211878,
      "isolated_nodes": 191.0,
      "mode": "intersection"
    },
    {
      "avg_item_neighbors": 433.4782608695652,
      "avg_interest_neighbors": 619.202545068929,
      "avg_trusted_neighbors": 374.0954400848356,
      "avg_union_neighbors": 678.5853658536586,
      "avg_false_neighbor_ratio": 0.4487127796895169,
      "isolated_nodes": 194.0,
      "mode": "intersection"
    },
    {
      "avg_item_neighbors": 432.9437963944857,
      "avg_interest_neighbors": 615.9554612937434,
      "avg_trusted_neighbors": 373.43796394485685,
      "avg_union_neighbors": 675.4612937433723,
      "avg_false_neighbor_ratio": 0.4471363978899774,
      "isolated_nodes": 187.0,
      "mode": "intersection"
    },
    {
      "avg_item_neighbors": 425.52916224814425,
      "avg_interest_neighbors": 646.3117709437964,
      "avg_trusted_neighbors": 381.2598091198303,
      "avg_union_neighbors": 690.5811240721102,
      "avg_false_neighbor_ratio": 0.44791452324720754,
      "isolated_nodes": 188.0,