{
  "tag": "F3_r0.1_mp2_lep3",
  "alias": "F3_r0.1_mp2_lep3",
  "dataset": "100k",
  "num_round_requested": 30,
  "num_round_actual": 30,
  "best_round": 29,
  "best_test_hr": 0.7423117709437964,
  "best_test_ndcg": 0.45822548669542235,
  "best_val_hr": 0.7656415694591728,
  "hr_list": [
    0.2926829268292683,
    0.5291622481442205,
    0.6023329798515377,
    0.6214209968186638,
    0.6214209968186638,
    0.6086956521739131,
    0.6277836691410392,
    0.6150583244962884,
    0.6288441145281018,
    0.6373276776246023,
    0.6415694591728526,
    0.6352067868504772,
    0.6362672322375398,
    0.6288441145281018,
    0.6553552492046659,
    0.6511134676564156,
    0.6606574761399788,
    0.6702014846235419,
    0.6744432661717922,
    0.6712619300106044,
    0.6903499469777307,
    0.711558854718982,
    0.704135737009544,
    0.7073170731707317,
    0.7147401908801697,
    0.7232237539766702,
    0.7200424178154825,
    0.7295864262990456,
    0.7295864262990456,
    0.7423117709437964
  ],
  "ndcg_list": [
    0.15829777082119584,
    0.3433218770495051,
    0.3868428204715655,
    0.3949566588188787,
    0.39079823382214707,
    0.38735821849341895,
    0.3969276455648839,
    0.3961543738558256,
    0.40202520630951855,
    0.4042176472103957,
    0.39928062545208926,
    0.3957077416997986,
    0.39815700204003823,
    0.3940377247523964,
    0.40246603925431734,
    0.4054595374449447,
    0.4100895025839834,
    0.4087886390326893,
    0.4177317490672022,
    0.4133754296515265,
    0.42761866504944696,
    0.43460321726334583,
    0.4312368034665014,
    0.43788129287142463,
    0.4374951103652089,
    0.4440979560999468,
    0.43932784944237424,
    0.4370051055762151,
    0.4484525600162027,
    0.45822548669542235
  ],
  "val_hr_list": [
    0.32873806998939553,
    0.5768822905620361,
    0.6468716861081655,
    0.6532343584305408,
    0.6521739130434783,
    0.6574761399787911,
    0.6500530222693531,
    0.6553552492046659,
    0.6670201484623541,
    0.6617179215270413,
    0.6680805938494168,
    0.6808059384941676,
    0.6808059384941676,
    0.6818663838812301,
    0.6786850477200425,
    0.6988335100742312,
    0.6924708377518558,
    0.7126193001060446,
    0.6998939554612937,
    0.7253446447507953,
    0.7285259809119831,
    0.7380699893955461,
    0.7380699893955461,
    0.76033934252386,
    0.7592788971367974,
    0.7560975609756098,
    0.7560975609756098,
    0.7550371155885471,
    0.7518557794273595,
    0.7656415694591728
  ],
  "val_ndcg_list": [
    0.1750555164269976,
    0.3770716781012874,
    0.422676967311847,
    0.4216551868064012,
    0.4252337899434688,
    0.41970734086183226,
    0.41729390621996915,
    0.4202510758846961,
    0.42005949603152887,
    0.4266058179839479,
    0.4310708752550097,
    0.4315336060540963,
    0.431744535498473,
    0.4334153013720084,
    0.4307364104039064,
    0.44287159680495436,
    0.4375649498891365,
    0.4575492572917367,
    0.4460717950570653,
    0.4650523420153199,
    0.46292956010509534,
    0.46450094241117107,
    0.4733386424076189,
    0.4880404455405574,
    0.48407252801542455,
    0.48573378147993096,
    0.489982994820105,
    0.4825603851606061,
    0.48168651874347684,
    0.4883651642892456
  ],
  "upload_bytes_per_round": [
    214732416,
    214732416,
    214732416,
    214732416,
    214732416,
    214732416,
    214732416,
    214732416,
    214732416,
    214732416,
    214732416,
    214732416,
    214732416,
    214732416,
    214732416,
    214732416,
    214732416,
    214732416,
    214732416,
    214732416,
    214732416,
    214732416,
    214732416,
    214732416,
    214732416,
    214732416,
    214732416,
    214732416,
    214732416,
    214732416
  ],
  "total_upload_bytes": 6441972480,
  "aggregate_stats_per_round": [
    {
      "avg_item_neighbors": 528.6892895015907,
      "avg_interest_neighbors": 570.5896076352068,
      "avg_trusted_neighbors": 391.1728525980912,
      "avg_union_neighbors": 708.1060445387062,
      "avg_false_neighbor_ratio": 0.447578712800115,
      "isolated_nodes": 181.0,
      "mode": "intersection"
    },
    {
      "avg_item_neighbors": 522.0721102863203,
      "avg_interest_neighbors": 586.7062566277837,
      "avg_trusted_neighbors": 362.76139978791093,
      "avg_union_neighbors": 746.016967126193,
      "avg_false_neighbor_ratio": 0.5137357248249452,
      "isolated_nodes": 121.0,
      "mode": "intersection"
    },
    {
      "avg_item_neighbors": 632.1993637327678,
      "avg_interest_neighbors": 622.4602332979852,
      "avg_trusted_neighbors": 462.46871686108165,
      "avg_union_neighbors": 792.1908801696712,
      "avg_false_neighbor_ratio": 0.41621555052233095,
      "isolated_nodes": 134.0,
      "mode": "intersection"
    },
    {
      "avg_item_neighbors": 607.2619300106045,
      "avg_interest_neighbors": 650.3605514316013,
      "avg_trusted_neighbors": 456.1972428419936,
      "avg_union_neighbors": 801.4252386002121,
      "avg_false_neighbor_ratio": 0.43076756150230766,
      "isolated_nodes": 130.0,
      "mode": "intersection"
    },
    {
      "avg_item_neighbors": 583.202545068929,
      "avg_interest_neighbors": 656.3457051961824,
      "avg_trusted_neighbors": 443.7900318133616,
      "avg_union_neighbors": 795.7582184517497,
      "avg_false_neighbor_ratio": 0.4423054371002132,
      "isolated_nodes": 136.0,
      "mode": "intersection"
    },
    {
      "avg_item_neighbors": 585.6670201484624,
      "avg_interest_neighbors": 669.4316012725344,
      "avg_trusted_neighbors": 450.492046659597,
      "avg_union_neighbors": 804.6065747613998,
      "avg_false_neighbor_ratio": 0.44010891684151704,
      "isolated_nodes": 128.0,
      "mode": "intersection"
    },
    {
      "avg_item_neighbors": 590.5281018027572,
      "avg_interest_neighbors": 694.0381760339343,
      "avg_trusted_neighbors": 469.1389183457052,
      "avg_union_neighbors": 815.4273594909862,
      "avg_false_neighbor_ratio": 0.42467110909970507,
      "isolated_nodes": 132.0,
      "mode": "intersection"
    },
    {
      "avg_item_neighbors": 582.4941675503711,
      "avg_interest_neighbors": 699.8324496288441,
      "avg_trusted_neighbors": 466.5853658536585,
      "avg_union_neighbors": 815.7412513255567,
      "avg_false_neighbor_ratio": 0.42802283800718627,
      "isolated_nodes": 127.0,
      "mode": "intersection"
    },
    {
      "avg_item_neighbors": 580.7104984093319,
      "avg_interest_neighbors": 705.6500530222694,
      "avg_trusted_neighbors": 468.60233297985155,
      "avg_union_neighbors": 817.7582184517497,
      "avg_false_neighbor_ratio": 0.4269671372217453,
      "isolated_nodes": 131.0,
      "mode": "intersection"
    },
    {
      "avg_item_neighbors": 579.2788971367975,
      "avg_interest_neighbors": 716.5132555673383,
      "avg_trusted_neighbors": 471.270413573701,
      "avg_union_neighbors": 824.5217391304348,
      "avg_false_neighbor_ratio": 0.4284317911730056,
      "isolated_nodes": 121.0,
      "mode": "intersection"
    },
    {
      "avg_item_neighbors": 580.9331919406151,
      "avg_interest_neighbors": 713.8048780487804,
      "avg_trusted_neighbors": 466.76564156945915,
      "avg_union_neighbors": 827.9724284199364,
      "avg_false_neighbor_ratio": 0.43625460758371776,
      "isolated_nodes": 116.0,
      "mode": "intersection"
    },
    {
      "avg_item_neighbors": 570.4050901378579,
      "avg_interest_neighbors": 728.3244962884412,
      "avg_trusted_neighbors": 469.8897136797455,
      "avg_union_neighbors": 828.8398727465535,
      "avg_false_neighbor_ratio": 0.4330753995670398,
      "isolated_nodes": 115.0,
      "mode": "intersection"
    },
    {
      "avg_item_neighbors": 583.6903499469777,
      "avg_interest_neighbors": 768.6977730646871,
      "avg_trusted_neighbors": 504.4814422057264,
      "avg_union_neighbors": 847.9066808059385,
      "avg_false_neighbor_ratio": 0.4050271643971305,
      "isolated_nodes": 111.0,