{
  "tag": "L1_lep_2",
  "alias": "L1_lep_2",
  "dataset": "100k",
  "num_round_requested": 30,
  "num_round_actual": 30,
  "best_round": 28,
  "best_test_hr": 0.6065747613997879,
  "best_test_ndcg": 0.3844986250940183,
  "best_val_hr": 0.6436903499469777,
  "hr_list": [
    0.1283138918345705,
    0.16967126193001061,
    0.2417815482502651,
    0.3213149522799576,
    0.383881230116649,
    0.43478260869565216,
    0.45811240721102864,
    0.4591728525980912,
    0.4676564156945917,
    0.4878048780487805,
    0.5005302226935313,
    0.5185577942735949,
    0.5334040296924708,
    0.528101802757158,
    0.5482502651113468,
    0.5365853658536586,
    0.5334040296924708,
    0.5524920466595971,
    0.5641569459172853,
    0.5715800636267232,
    0.5726405090137858,
    0.5758218451749735,
    0.5790031813361611,
    0.5726405090137858,
    0.5800636267232238,
    0.5779427359490986,
    0.5853658536585366,
    0.6033934252386002,
    0.6065747613997879,
    0.6044538706256628
  ],
  "ndcg_list": [
    0.0566529251052318,
    0.083105415907781,
    0.12975307875822864,
    0.18171408746646697,
    0.2232815689881128,
    0.24751168058172482,
    0.2678206307516689,
    0.26945562426362013,
    0.2820420625118449,
    0.2892809786215194,
    0.2980116664871749,
    0.30555938560551293,
    0.31551679227327184,
    0.3149194558106265,
    0.32921561329325105,
    0.3320906566028843,
    0.33126684003372137,
    0.3375815055829098,
    0.3468546607956166,
    0.34867937071492416,
    0.3530565086312392,
    0.35483006876364115,
    0.35992453916835077,
    0.3572525979415348,
    0.36278456410875254,
    0.36026726828152994,
    0.36915714036199354,
    0.37625588688315514,
    0.3844986250940183,
    0.38820419247687965
  ],
  "val_hr_list": [
    0.13467656415694593,
    0.1919406150583245,
    0.24814422057264052,
    0.3552492046659597,
    0.42629904559915166,
    0.46447507953340406,
    0.5068928950159067,
    0.5217391304347826,
    0.5387062566277837,
    0.5355249204665959,
    0.5524920466595971,
    0.5556733828207847,
    0.5609756097560976,
    0.5673382820784729,
    0.5683987274655355,
    0.584305408271474,
    0.5821845174973489,
    0.5991516436903499,
    0.6065747613997879,
    0.6033934252386002,
    0.6055143160127253,
    0.6224814422057264,
    0.616118769883351,
    0.6139978791092259,
    0.6171792152704135,
    0.6193001060445387,
    0.6277836691410392,
    0.6341463414634146,
    0.6436903499469777,
    0.6426299045599152
  ],
  "val_ndcg_list": [
    0.05928254547467384,
    0.08998003699987908,
    0.13128463236697707,
    0.20520670296756757,
    0.2511244765119913,
    0.2729606938972502,
    0.2944546849699907,
    0.3027191958408987,
    0.3149911813853462,
    0.3196904928491138,
    0.33115335398609563,
    0.33564473690709645,
    0.34236300082544835,
    0.3395769906434261,
    0.344845575733865,
    0.35202738150267615,
    0.3547775064216164,
    0.35836968665345875,
    0.36705904459639943,
    0.3639362458474942,
    0.37179603515748305,
    0.3757386730334242,
    0.3798415192751802,
    0.38576624792215203,
    0.39206375572067975,
    0.38904647072070625,
    0.39581048474810687,
    0.4051277532557451,
    0.41311406994191935,
    0.41779165129853696
  ],
  "upload_bytes_per_round": [
    214732416,
    214732416,
    214732416,
    214732416,
    214732416,
    214732416,
    214732416,
    214732416,
    214732416,
    214732416,
    214732416,
    214732416,
    214732416,
    214732416,
    214732416,
    214732416,
    214732416,
    214732416,
    214732416,
    214732416,
    214732416,
    214732416,
    214732416,
    214732416,
    214732416,
    214732416,
    214732416,
    214732416,
    214732416,
    214732416
  ],
  "total_upload_bytes": 6441972480,
  "aggregate_stats_per_round": [
    {
      "avg_item_neighbors": 708.3096500530223,
      "avg_interest_neighbors": 606.1060445387062,
      "avg_trusted_neighbors": 474.2799575821845,
      "avg_union_neighbors": 840.135737009544,
      "avg_false_neighbor_ratio": 0.4354722258686674,
      "isolated_nodes": 96.0,
      "mode": "intersection"
    },
    {
      "avg_item_neighbors": 705.3107104984093,
      "avg_interest_neighbors": 568.0042417815482,
      "avg_trusted_neighbors": 427.12619300106047,
      "avg_union_neighbors": 846.1887592788971,
      "avg_false_neighbor_ratio": 0.4952353262585907,
      "isolated_nodes": 110.0,
      "mode": "intersection"
    },
    {
      "avg_item_neighbors": 694.8080593849417,
      "avg_interest_neighbors": 593.3552492046659,
      "avg_trusted_neighbors": 437.1664899257688,
      "avg_union_neighbors": 850.9968186638388,
      "avg_false_neighbor_ratio": 0.4862889257187005,
      "isolated_nodes": 116.0,
      "mode": "intersection"
    },
    {
      "avg_item_neighbors": 683.6733828207847,
      "avg_interest_neighbors": 657.9724284199364,
      "avg_trusted_neighbors": 523.745493107105,
      "avg_union_neighbors": 817.9003181336161,
      "avg_false_neighbor_ratio": 0.35964630225080385,
      "isolated_nodes": 123.0,
      "mode": "intersection"
    },
    {
      "avg_item_neighbors": 652.5556733828208,
      "avg_interest_neighbors": 660.4156945917285,
      "avg_trusted_neighbors": 517.3700954400848,
      "avg_union_neighbors": 795.6012725344644,
      "avg_false_neighbor_ratio": 0.3497118301584001,
      "isolated_nodes": 139.0,
      "mode": "intersection"
    },
    {
      "avg_item_neighbors": 627.0434782608696,
      "avg_interest_neighbors": 610.2608695652174,
      "avg_trusted_neighbors": 467.5503711558855,
      "avg_union_neighbors": 769.7539766702015,
      "avg_false_neighbor_ratio": 0.39259765415124853,
      "isolated_nodes": 155.0,
      "mode": "intersection"
    },
    {
      "avg_item_neighbors": 598.0233297985154,
      "avg_interest_neighbors": 648.8059384941675,
      "avg_trusted_neighbors": 492.2099681866384,
      "avg_union_neighbors": 754.6193001060445,
      "avg_false_neighbor_ratio": 0.3477373715230057,
      "isolated_nodes": 162.0,
      "mode": "intersection"
    },
    {
      "avg_item_neighbors": 568.254506892895,
      "avg_interest_neighbors": 669.1622481442206,
      "avg_trusted_neighbors": 480.02969247083774,
      "avg_union_neighbors": 757.3870625662778,
      "avg_false_neighbor_ratio": 0.3662029414070813,
      "isolated_nodes": 169.0,
      "mode": "intersection"
    },
    {
      "avg_item_neighbors": 560.1081654294804,
      "avg_interest_neighbors": 655.626723223754,
      "avg_trusted_neighbors": 470.6299045599152,
      "avg_union_neighbors": 745.1049840933192,
      "avg_false_neighbor_ratio": 0.3683710153508085,
      "isolated_nodes": 173.0,
      "mode": "intersection"
    },
    {
      "avg_item_neighbors": 543.3234358430541,
      "avg_interest_neighbors": 662.1993637327678,
      "avg_trusted_neighbors": 458.66383881230115,
      "avg_union_neighbors": 746.8589607635207,
      "avg_false_neighbor_ratio": 0.38587623245036123,
      "isolated_nodes": 182.0,
      "mode": "intersection"
    },
    {
      "avg_item_neighbors": 528.5811240721102,
      "avg_interest_neighbors": 662.5429480381761,
      "avg_trusted_neighbors": 447.58854718981974,
      "avg_union_neighbors": 743.5355249204666,
      "avg_false_neighbor_ratio": 0.398026681727552,
      "isolated_nodes": 195.0,
      "mode": "intersection"
    },
    {
      "avg_item_neighbors": 515.6076352067869,
      "avg_interest_neighbors": 664.7253446447507,
      "avg_trusted_neighbors": 439.1792152704136,
      "avg_union_neighbors": 741.153764581124,
      "avg_false_neighbor_ratio": 0.40743846114223903,
      "isolated_nodes": 195.0,
      "mode": "intersection"
    },
    {
      "avg_item_neighbors": 511.219512195122,
      "avg_interest_neighbors": 672.0551431601273,
      "avg_trusted_neighbors": 438.050901378579,
      "avg_union_neighbors": 745.2237539766702,
      "avg_false_neighbor_ratio": 0.41218875667737703,
      "isolated_nodes": 202.0,