{
  "tag": "L2_lep_3",
  "alias": "L2_lep_3",
  "dataset": "100k",
  "num_round_requested": 30,
  "num_round_actual": 30,
  "best_round": 29,
  "best_test_hr": 0.5790031813361611,
  "best_test_ndcg": 0.37171501868189755,
  "best_val_hr": 0.6362672322375398,
  "hr_list": [
    0.14103923647932132,
    0.1951219512195122,
    0.2788971367974549,
    0.3796394485683987,
    0.4241781548250265,
    0.45493107104984093,
    0.48462354188759277,
    0.48568398727465534,
    0.4941675503711559,
    0.5090137857900318,
    0.5079533404029692,
    0.5164369034994698,
    0.5291622481442205,
    0.5334040296924708,
    0.5355249204665959,
    0.5249204665959704,
    0.5461293743372216,
    0.5323435843054083,
    0.5694591728525981,
    0.5620360551431601,
    0.5609756097560976,
    0.5630965005302226,
    0.5758218451749735,
    0.5768822905620361,
    0.574761399787911,
    0.5715800636267232,
    0.591728525980912,
    0.5896076352067868,
    0.5885471898197243,
    0.5790031813361611
  ],
  "ndcg_list": [
    0.06560040551770112,
    0.10042799774047616,
    0.15975203938999744,
    0.2183426818245461,
    0.250843741898316,
    0.264672516524401,
    0.28616929212511066,
    0.28978177335013117,
    0.2944094759640308,
    0.30340731817543304,
    0.3052867598015228,
    0.30875023197205115,
    0.3167113018863814,
    0.32644689287618056,
    0.32696758198256115,
    0.3208629540283708,
    0.3360960587255708,
    0.3258792670279972,
    0.3485344658406187,
    0.3412274505835766,
    0.34366209383409474,
    0.3437538061646703,
    0.35113655180678643,
    0.3460601953228043,
    0.34942210020677694,
    0.35663688596768706,
    0.3678192175760294,
    0.3642585545555288,
    0.367333502196512,
    0.37171501868189755
  ],
  "val_hr_list": [
    0.14634146341463414,
    0.2067868504772004,
    0.3107104984093319,
    0.4220572640509014,
    0.4687168610816543,
    0.5227995758218452,
    0.5365853658536586,
    0.5461293743372216,
    0.5471898197242842,
    0.5662778366914104,
    0.5737009544008483,
    0.5683987274655355,
    0.5821845174973489,
    0.5885471898197243,
    0.5885471898197243,
    0.5970307529162248,
    0.5811240721102863,
    0.5980911983032874,
    0.5864262990455992,
    0.6108165429480382,
    0.6033934252386002,
    0.6097560975609756,
    0.6171792152704135,
    0.6256627783669141,
    0.6086956521739131,
    0.6224814422057264,
    0.6341463414634146,
    0.6352067868504772,
    0.6362672322375398,
    0.6362672322375398
  ],
  "val_ndcg_list": [
    0.06679846128208276,
    0.10145589390256722,
    0.17109878948521073,
    0.23972876004162252,
    0.2764590107073437,
    0.2955013855006805,
    0.30569334748526994,
    0.3142035326775513,
    0.32049185033387856,
    0.3310696433614972,
    0.3401185583278943,
    0.3352069113246925,
    0.3436837841274276,
    0.3473254766921042,
    0.3460192790008935,
    0.35756571975104123,
    0.3572926519091801,
    0.36030469316222075,
    0.36025178571056654,
    0.361445662072161,
    0.3714934772845144,
    0.37647208544885313,
    0.37716382984702507,
    0.37997485389971336,
    0.37364764956635665,
    0.37901928771736043,
    0.39569323970694165,
    0.39541731861349333,
    0.4042084826835654,
    0.4010124985873071
  ],
  "upload_bytes_per_round": [
    214732416,
    214732416,
    214732416,
    214732416,
    214732416,
    214732416,
    214732416,
    214732416,
    214732416,
    214732416,
    214732416,
    214732416,
    214732416,
    214732416,
    214732416,
    214732416,
    214732416,
    214732416,
    214732416,
    214732416,
    214732416,
    214732416,
    214732416,
    214732416,
    214732416,
    214732416,
    214732416,
    214732416,
    214732416,
    214732416
  ],
  "total_upload_bytes": 6441972480,
  "aggregate_stats_per_round": [
    {
      "avg_item_neighbors": 686.1145281018028,
      "avg_interest_neighbors": 572.1314952279957,
      "avg_trusted_neighbors": 429.66065747614,
      "avg_union_neighbors": 828.5853658536586,
      "avg_false_neighbor_ratio": 0.4814527564899994,
      "isolated_nodes": 110.0,
      "mode": "intersection"
    },
    {
      "avg_item_neighbors": 680.9565217391304,
      "avg_interest_neighbors": 596.6829268292682,
      "avg_trusted_neighbors": 429.3700954400848,
      "avg_union_neighbors": 848.2693531283139,
      "avg_false_neighbor_ratio": 0.49382811738203164,
      "isolated_nodes": 121.0,
      "mode": "intersection"
    },
    {
      "avg_item_neighbors": 657.068928950159,
      "avg_interest_neighbors": 701.3722163308589,
      "avg_trusted_neighbors": 546.967126193001,
      "avg_union_neighbors": 811.4740190880169,
      "avg_false_neighbor_ratio": 0.3259585478685868,
      "isolated_nodes": 133.0,
      "mode": "intersection"
    },
    {
      "avg_item_neighbors": 617.0795334040297,
      "avg_interest_neighbors": 613.9194061505832,
      "avg_trusted_neighbors": 474.03181336161185,
      "avg_union_neighbors": 756.967126193001,
      "avg_false_neighbor_ratio": 0.37377490123560564,
      "isolated_nodes": 152.0,
      "mode": "intersection"
    },
    {
      "avg_item_neighbors": 578.2226935312831,
      "avg_interest_neighbors": 622.4835630965006,
      "avg_trusted_neighbors": 471.5715800636267,
      "avg_union_neighbors": 729.134676564157,
      "avg_false_neighbor_ratio": 0.35324488709578894,
      "isolated_nodes": 147.0,
      "mode": "intersection"
    },
    {
      "avg_item_neighbors": 545.5482502651114,
      "avg_interest_neighbors": 607.9109225874868,
      "avg_trusted_neighbors": 433.5652173913044,
      "avg_union_neighbors": 719.8939554612938,
      "avg_false_neighbor_ratio": 0.39773738326017144,
      "isolated_nodes": 161.0,
      "mode": "intersection"
    },
    {
      "avg_item_neighbors": 527.8939554612938,
      "avg_interest_neighbors": 609.3955461293743,
      "avg_trusted_neighbors": 423.49098621420995,
      "avg_union_neighbors": 713.7985153764581,
      "avg_false_neighbor_ratio": 0.4067079475629613,
      "isolated_nodes": 167.0,
      "mode": "intersection"
    },
    {
      "avg_item_neighbors": 518.3987274655356,
      "avg_interest_neighbors": 616.1823966065748,
      "avg_trusted_neighbors": 421.87698833510075,
      "avg_union_neighbors": 712.7041357370096,
      "avg_false_neighbor_ratio": 0.40806154029282227,
      "isolated_nodes": 177.0,
      "mode": "intersection"
    },
    {
      "avg_item_neighbors": 514.2269353128314,
      "avg_interest_neighbors": 618.5641569459173,
      "avg_trusted_neighbors": 419.40402969247083,
      "avg_union_neighbors": 713.3870625662778,
      "avg_false_neighbor_ratio": 0.41209470748776617,
      "isolated_nodes": 179.0,
      "mode": "intersection"
    },
    {
      "avg_item_neighbors": 496.2948038176034,
      "avg_interest_neighbors": 625.1367974549311,
      "avg_trusted_neighbors": 406.7317073170732,
      "avg_union_neighbors": 714.6998939554613,
      "avg_false_neighbor_ratio": 0.4309056000189922,
      "isolated_nodes": 182.0,
      "mode": "intersection"
    },
    {
      "avg_item_neighbors": 480.4453870625663,
      "avg_interest_neighbors": 660.1314952279957,
      "avg_trusted_neighbors": 409.17709437963947,
      "avg_union_neighbors": 731.3997879109226,
      "avg_false_neighbor_ratio": 0.4405561757840252,
      "isolated_nodes": 187.0,
      "mode": "intersection"
    },
    {
      "avg_item_neighbors": 473.48038176033936,
      "avg_interest_neighbors": 655.0816542948038,
      "avg_trusted_neighbors": 401.474019088017,
      "avg_union_neighbors": 727.0880169671262,
      "avg_false_neighbor_ratio": 0.4478329862144203,
      "isolated_nodes": 188.0,
      "mode": "intersection"
    },
    {
      "avg_item_neighbors": 460.9289501590668,
      "avg_interest_neighbors": 651.6500530222694,
      "avg_trusted_neighbors": 389.9088016967126,
      "avg_union_neighbors": 722.6702014846236,
      "avg_false_neighbor_ratio": 0.46046093931132037,
      "isolated_nodes": 189.0,