{
  "tag": "N1_neg_8",
  "alias": "N1_neg_8",
  "dataset": "100k",
  "num_round_requested": 30,
  "num_round_actual": 30,
  "best_round": 29,
  "best_test_hr": 0.545068928950159,
  "best_test_ndcg": 0.34100872648332137,
  "best_val_hr": 0.5779427359490986,
  "hr_list": [
    0.10922587486744433,
    0.13997879109225875,
    0.17497348886532343,
    0.21739130434782608,
    0.28207847295864263,
    0.3266171792152704,
    0.37751855779427357,
    0.4146341463414634,
    0.4517497348886532,
    0.45387062566277836,
    0.46977730646871685,
    0.47295864262990456,
    0.47613997879109227,
    0.4909862142099682,
    0.4973488865323436,
    0.5058324496288441,
    0.5079533404029692,
    0.5111346765641569,
    0.513255567338282,
    0.5174973488865323,
    0.5143160127253447,
    0.5143160127253447,
    0.5259809119830329,
    0.5196182396606575,
    0.5312831389183457,
    0.5344644750795334,
    0.5387062566277837,
    0.5365853658536586,
    0.5482502651113468,
    0.545068928950159
  ],
  "ndcg_list": [
    0.05031035573419633,
    0.06275507313013126,
    0.08200033957737725,
    0.10863045117959474,
    0.14472468187791362,
    0.17362181389096884,
    0.20698786545572373,
    0.23021916306260073,
    0.24875061805019985,
    0.25804672607018453,
    0.2654313721091757,
    0.2708776761343394,
    0.27682309489911655,
    0.28593990727015267,
    0.29106108850342644,
    0.2997951277943457,
    0.30244332085977355,
    0.3098972231308925,
    0.3138055557582343,
    0.31728700186777176,
    0.31613128045937705,
    0.32148160459873326,
    0.3241880915275052,
    0.32313497899920146,
    0.32498403704574524,
    0.32939439044229407,
    0.33373464107622264,
    0.3399868022895723,
    0.3417538760790743,
    0.34100872648332137
  ],
  "val_hr_list": [
    0.1102863202545069,
    0.15164369034994699,
    0.1855779427359491,
    0.22799575821845175,
    0.29692470837751855,
    0.352067868504772,
    0.41039236479321317,
    0.4369034994697773,
    0.46553552492046657,
    0.48568398727465534,
    0.5026511134676565,
    0.5143160127253447,
    0.5153764581124072,
    0.5270413573700954,
    0.5355249204665959,
    0.5387062566277837,
    0.5461293743372216,
    0.5461293743372216,
    0.5652173913043478,
    0.5535524920466596,
    0.5535524920466596,
    0.5609756097560976,
    0.5577942735949099,
    0.5694591728525981,
    0.5673382820784729,
    0.5726405090137858,
    0.5715800636267232,
    0.5726405090137858,
    0.5779427359490986,
    0.5779427359490986
  ],
  "val_ndcg_list": [
    0.05230164190483567,
    0.06743963695426322,
    0.08510347821528852,
    0.11479258153028485,
    0.15300558752042293,
    0.1920195416410705,
    0.22796904175047397,
    0.2555681997890209,
    0.269651420105735,
    0.28078717835798445,
    0.2913279033635639,
    0.29921519572675354,
    0.3024016616310384,
    0.30894937925165233,
    0.3161063604355982,
    0.31931427398570106,
    0.32744739956130636,
    0.33115679229526174,
    0.3385821061262208,
    0.3408705292534519,
    0.345491793929719,
    0.3496709911946163,
    0.3531900815073678,
    0.35868094966308695,
    0.36076740131704677,
    0.36308924064032316,
    0.3655575766307703,
    0.36414646948816615,
    0.36698014998310396,
    0.3664291022077535
  ],
  "upload_bytes_per_round": [
    214732416,
    214732416,
    214732416,
    214732416,
    214732416,
    214732416,
    214732416,
    214732416,
    214732416,
    214732416,
    214732416,
    214732416,
    214732416,
    214732416,
    214732416,
    214732416,
    214732416,
    214732416,
    214732416,
    214732416,
    214732416,
    214732416,
    214732416,
    214732416,
    214732416,
    214732416,
    214732416,
    214732416,
    214732416,
    214732416
  ],
  "total_upload_bytes": 6441972480,
  "aggregate_stats_per_round": [
    {
      "avg_item_neighbors": 726.4559915164369,
      "avg_interest_neighbors": 683.9745493107105,
      "avg_trusted_neighbors": 538.7698833510075,
      "avg_union_neighbors": 871.6606574761399,
      "avg_false_neighbor_ratio": 0.3819040945234411,
      "isolated_nodes": 94.0,
      "mode": "intersection"
    },
    {
      "avg_item_neighbors": 724.914103923648,
      "avg_interest_neighbors": 662.5281018027572,
      "avg_trusted_neighbors": 537.9194061505832,
      "avg_union_neighbors": 849.5227995758219,
      "avg_false_neighbor_ratio": 0.36679815254025716,
      "isolated_nodes": 101.0,
      "mode": "intersection"
    },
    {
      "avg_item_neighbors": 733.6182396606574,
      "avg_interest_neighbors": 616.6065747613998,
      "avg_trusted_neighbors": 505.8409331919406,
      "avg_union_neighbors": 844.3838812301167,
      "avg_false_neighbor_ratio": 0.4009348775641943,
      "isolated_nodes": 94.0,
      "mode": "intersection"
    },
    {
      "avg_item_neighbors": 742.2078472958642,
      "avg_interest_neighbors": 568.7062566277837,
      "avg_trusted_neighbors": 463.6542948038176,
      "avg_union_neighbors": 847.2598091198304,
      "avg_false_neighbor_ratio": 0.4527601925488694,
      "isolated_nodes": 94.0,
      "mode": "intersection"
    },
    {
      "avg_item_neighbors": 748.8398727465535,
      "avg_interest_neighbors": 603.1219512195122,
      "avg_trusted_neighbors": 498.36055143160127,
      "avg_union_neighbors": 853.6012725344644,
      "avg_false_neighbor_ratio": 0.41616704723049747,
      "isolated_nodes": 95.0,
      "mode": "intersection"
    },
    {
      "avg_item_neighbors": 746.6892895015907,
      "avg_interest_neighbors": 550.2142099681867,
      "avg_trusted_neighbors": 449.22799575821847,
      "avg_union_neighbors": 847.6755037115588,
      "avg_false_neighbor_ratio": 0.4700472128883429,
      "isolated_nodes": 98.0,
      "mode": "intersection"
    },
    {
      "avg_item_neighbors": 737.9109225874868,
      "avg_interest_neighbors": 632.6341463414634,
      "avg_trusted_neighbors": 529.2576882290562,
      "avg_union_neighbors": 841.2873806998939,
      "avg_false_neighbor_ratio": 0.3708954866424482,
      "isolated_nodes": 100.0,
      "mode": "intersection"
    },
    {
      "avg_item_neighbors": 727.0901378579003,
      "avg_interest_neighbors": 630.3096500530223,
      "avg_trusted_neighbors": 527.7582184517497,
      "avg_union_neighbors": 829.6415694591728,
      "avg_false_neighbor_ratio": 0.3638720166881404,
      "isolated_nodes": 102.0,
      "mode": "intersection"
    },
    {
      "avg_item_neighbors": 707.8939554612938,
      "avg_interest_neighbors": 606.5047720042418,
      "avg_trusted_neighbors": 504.9650053022269,
      "avg_union_neighbors": 809.4337221633086,
      "avg_false_neighbor_ratio": 0.37615027459858297,
      "isolated_nodes": 115.0,
      "mode": "intersection"
    },
    {
      "avg_item_neighbors": 692.3351007423117,
      "avg_interest_neighbors": 585.7773064687169,
      "avg_trusted_neighbors": 483.63520678685046,
      "avg_union_neighbors": 794.4772004241781,
      "avg_false_neighbor_ratio": 0.39125351044858997,
      "isolated_nodes": 121.0,
      "mode": "intersection"
    },
    {
      "avg_item_neighbors": 668.727465535525,
      "avg_interest_neighbors": 570.5259809119831,
      "avg_trusted_neighbors": 466.42629904559914,
      "avg_union_neighbors": 772.8271474019087,
      "avg_false_neighbor_ratio": 0.39646750167403977,
      "isolated_nodes": 132.0,
      "mode": "intersection"
    },
    {
      "avg_item_neighbors": 647.8663838812301,
      "avg_interest_neighbors": 587.9172852598091,
      "avg_trusted_neighbors": 476.0360551431601,
      "avg_union_neighbors": 759.7476139978791,
      "avg_false_neighbor_ratio": 0.3734286934601824,
      "isolated_nodes": 143.0,
      "mode": "intersection"
    },
    {
      "avg_item_neighbors": 627.6352067868505,
      "avg_interest_neighbors": 627.8154825026511,
      "avg_trusted_neighbors": 507.5058324496288,
      "avg_union_neighbors": 747.9448568398727,
      "avg_false_neighbor_ratio": 0.32146624472573837,
      "isolated_nodes": 155.0,