{
  "tag": "S1_C4_seed0",
  "alias": "S1_C4_seed0",
  "dataset": "100k",
  "num_round_requested": 30,
  "num_round_actual": 30,
  "best_round": 27,
  "best_test_hr": 0.7465535524920467,
  "best_test_ndcg": 0.46480794503615613,
  "best_val_hr": 0.7879109225874867,
  "hr_list": [
    0.19724284199363734,
    0.29056203605514314,
    0.45068928950159065,
    0.5471898197242842,
    0.5906680805938495,
    0.6150583244962884,
    0.6076352067868505,
    0.6139978791092259,
    0.6182396606574762,
    0.6256627783669141,
    0.6341463414634146,
    0.6489925768822906,
    0.6606574761399788,
    0.6595970307529162,
    0.6638388123011665,
    0.6765641569459173,
    0.6702014846235419,
    0.6808059384941676,
    0.6956521739130435,
    0.7285259809119831,
    0.7232237539766702,
    0.71898197242842,
    0.7285259809119831,
    0.7242841993637328,
    0.7338282078472959,
    0.7539766702014846,
    0.7454931071049841,
    0.7465535524920467,
    0.7656415694591728,
    0.7667020148462355
  ],
  "ndcg_list": [
    0.09385326502930796,
    0.1526458311351072,
    0.2741243125591445,
    0.3471371310216145,
    0.3766208466893663,
    0.3873022491057576,
    0.39424330303136185,
    0.3997817311362988,
    0.39786949038196523,
    0.4096104698136558,
    0.4225703505568706,
    0.42847775878408956,
    0.4315377068751492,
    0.4290449369756382,
    0.433400236594124,
    0.44450624164945973,
    0.43304154847178555,
    0.43838387083476904,
    0.4473643313926281,
    0.46438290224097195,
    0.45572416206460037,
    0.45236323348966034,
    0.45270078542501846,
    0.4528089237376227,
    0.4600627160047311,
    0.46232798379982293,
    0.47019709551568006,
    0.46480794503615613,
    0.4805152002390061,
    0.48360538957048144
  ],
  "val_hr_list": [
    0.19300106044538706,
    0.3117709437963945,
    0.47720042417815484,
    0.5758218451749735,
    0.5970307529162248,
    0.6203605514316013,
    0.6320254506892895,
    0.6489925768822906,
    0.6606574761399788,
    0.662778366914104,
    0.672322375397667,
    0.6755037115588547,
    0.6977730646871686,
    0.6935312831389183,
    0.7168610816542949,
    0.7168610816542949,
    0.7317073170731707,
    0.7168610816542949,
    0.7401908801696713,
    0.7317073170731707,
    0.76033934252386,
    0.7486744432661718,
    0.7550371155885471,
    0.7656415694591728,
    0.7656415694591728,
    0.7741251325556734,
    0.7698833510074231,
    0.7879109225874867,
    0.7794273594909862,
    0.7741251325556734
  ],
  "val_ndcg_list": [
    0.0892605412344252,
    0.16697260877470935,
    0.2949456932457964,
    0.3732382673014988,
    0.3951461267316064,
    0.40536559636209785,
    0.4123058639015946,
    0.4221486108037336,
    0.4410423051332668,
    0.43785768127970437,
    0.4503354882605189,
    0.4487862300015087,
    0.45862133829765334,
    0.4655252103003504,
    0.4762955736772836,
    0.4653093583677821,
    0.4722281939698534,
    0.46239367677183824,
    0.4834841197929796,
    0.47814203561830476,
    0.4843907270679931,
    0.48412093494091507,
    0.4887817362549583,
    0.4874294766392659,
    0.49635856369690107,
    0.4986309654116013,
    0.4958769833845711,
    0.5138881308157475,
    0.5130154274222376,
    0.5181585403846395
  ],
  "upload_bytes_per_round": [
    214732416,
    214732416,
    214732416,
    214732416,
    214732416,
    214732416,
    214732416,
    214732416,
    214732416,
    214732416,
    214732416,
    214732416,
    214732416,
    214732416,
    214732416,
    214732416,
    214732416,
    214732416,
    214732416,
    214732416,
    214732416,
    214732416,
    214732416,
    214732416,
    214732416,
    214732416,
    214732416,
    214732416,
    214732416,
    214732416
  ],
  "total_upload_bytes": 6441972480,
  "aggregate_stats_per_round": [
    {
      "avg_item_neighbors": 684.2863202545069,
      "avg_interest_neighbors": 661.6500530222694,
      "avg_trusted_neighbors": 577.1495227995758,
      "avg_union_neighbors": 768.7868504772005,
      "avg_false_neighbor_ratio": 0.249272379670219,
      "isolated_nodes": 111.0,
      "mode": "intersection"
    },
    {
      "avg_item_neighbors": 596.8038176033934,
      "avg_interest_neighbors": 552.9331919406151,
      "avg_trusted_neighbors": 434.8610816542948,
      "avg_union_neighbors": 714.8759278897137,
      "avg_false_neighbor_ratio": 0.39169712576840005,
      "isolated_nodes": 179.0,
      "mode": "intersection"
    },
    {
      "avg_item_neighbors": 517.3870625662778,
      "avg_interest_neighbors": 549.5588547189819,
      "avg_trusted_neighbors": 381.58218451749735,
      "avg_union_neighbors": 685.3637327677625,
      "avg_false_neighbor_ratio": 0.44324135306004353,
      "isolated_nodes": 209.0,
      "mode": "intersection"
    },
    {
      "avg_item_neighbors": 520.101802757158,
      "avg_interest_neighbors": 561.6246023329799,
      "avg_trusted_neighbors": 382.0975609756098,
      "avg_union_neighbors": 699.6288441145281,
      "avg_false_neighbor_ratio": 0.45385676392572943,
      "isolated_nodes": 212.0,
      "mode": "intersection"
    },
    {
      "avg_item_neighbors": 510.084835630965,
      "avg_interest_neighbors": 633.6839872746554,
      "avg_trusted_neighbors": 446.17391304347825,
      "avg_union_neighbors": 697.5949098621421,
      "avg_false_neighbor_ratio": 0.36041116880905766,
      "isolated_nodes": 208.0,
      "mode": "intersection"
    },
    {
      "avg_item_neighbors": 496.7826086956522,
      "avg_interest_neighbors": 630.8716861081655,
      "avg_trusted_neighbors": 440.7698833510074,
      "avg_union_neighbors": 686.8844114528101,
      "avg_false_neighbor_ratio": 0.35830559552407476,
      "isolated_nodes": 214.0,
      "mode": "intersection"
    },
    {
      "avg_item_neighbors": 487.91092258748677,
      "avg_interest_neighbors": 613.6924708377519,
      "avg_trusted_neighbors": 430.06150583244965,
      "avg_union_neighbors": 671.541887592789,
      "avg_false_neighbor_ratio": 0.3595909446928927,
      "isolated_nodes": 216.0,
      "mode": "intersection"
    },
    {
      "avg_item_neighbors": 465.19406150583245,
      "avg_interest_neighbors": 596.0784729586426,
      "avg_trusted_neighbors": 398.8780487804878,
      "avg_union_neighbors": 662.3944856839872,
      "avg_false_neighbor_ratio": 0.39782401967219416,
      "isolated_nodes": 212.0,
      "mode": "intersection"
    },
    {
      "avg_item_neighbors": 440.0424178154825,
      "avg_interest_neighbors": 602.0487804878048,
      "avg_trusted_neighbors": 388.7401908801697,
      "avg_union_neighbors": 653.3510074231177,
      "avg_false_neighbor_ratio": 0.40500559964941324,
      "isolated_nodes": 227.0,
      "mode": "intersection"
    },
    {
      "avg_item_neighbors": 425.66702014846237,
      "avg_interest_neighbors": 601.1495227995758,
      "avg_trusted_neighbors": 380.6341463414634,
      "avg_union_neighbors": 646.1823966065748,
      "avg_false_neighbor_ratio": 0.4109493722819398,
      "isolated_nodes": 228.0,
      "mode": "intersection"
    },
    {
      "avg_item_neighbors": 422.61081654294804,
      "avg_interest_neighbors": 599.4634146341464,
      "avg_trusted_neighbors": 374.45174973488866,
      "avg_union_neighbors": 647.6224814422058,
      "avg_false_neighbor_ratio": 0.4218055109806978,
      "isolated_nodes": 221.0,
      "mode": "intersection"
    },
    {
      "avg_item_neighbors": 412.68716861081657,
      "avg_interest_neighbors": 596.4984093319194,
      "avg_trusted_neighbors": 358.17179215270414,
      "avg_union_neighbors": 651.0137857900318,
      "avg_false_neighbor_ratio": 0.4498245659758986,
      "isolated_nodes": 210.0,
      "mode": "intersection"
    },
    {
      "avg_item_neighbors": 405.9003181336161,
      "avg_interest_neighbors": 601.015906680806,
      "avg_trusted_neighbors": 353.04984093319194,
      "avg_union_neighbors": 653.8663838812301,
      "avg_false_neighbor_ratio": 0.4600581255797962,
      "isolated_nodes": 211.0,