{
  "tag": "S2_C4_seed1",
  "alias": "S2_C4_seed1",
  "dataset": "100k",
  "num_round_requested": 30,
  "num_round_actual": 30,
  "best_round": 29,
  "best_test_hr": 0.7613997879109226,
  "best_test_ndcg": 0.4762157436715116,
  "best_val_hr": 0.7857900318133616,
  "hr_list": [
    0.18133616118769882,
    0.3266171792152704,
    0.5143160127253447,
    0.5779427359490986,
    0.5896076352067868,
    0.6065747613997879,
    0.6129374337221634,
    0.616118769883351,
    0.6150583244962884,
    0.6256627783669141,
    0.6288441145281018,
    0.6362672322375398,
    0.6256627783669141,
    0.6447507953340403,
    0.6595970307529162,
    0.6638388123011665,
    0.6702014846235419,
    0.6733828207847296,
    0.7020148462354189,
    0.7073170731707317,
    0.704135737009544,
    0.71898197242842,
    0.7200424178154825,
    0.7518557794273595,
    0.750795334040297,
    0.7412513255567338,
    0.7529162248144221,
    0.7550371155885471,
    0.7836691410392365,
    0.7613997879109226
  ],
  "ndcg_list": [
    0.08883342714118769,
    0.18876956792978375,
    0.31641846907784205,
    0.37274011493327974,
    0.37703175142672707,
    0.389167873336188,
    0.3960031018144166,
    0.3986635691163962,
    0.40138858975518543,
    0.3998439537263913,
    0.4068038365884056,
    0.41105006186485643,
    0.4104973026251138,
    0.4235550048279211,
    0.4242471659381849,
    0.41632441635283807,
    0.4311674061978567,
    0.42172172762199217,
    0.43952730304640214,
    0.4448422023161818,
    0.44383673436117393,
    0.44806872126235114,
    0.44360549747489914,
    0.4653653183642305,
    0.4673244663898018,
    0.45638260708417155,
    0.4738967890892299,
    0.4729490306847319,
    0.4975423517664647,
    0.4762157436715116
  ],
  "val_hr_list": [
    0.21739130434782608,
    0.3425238600212089,
    0.5387062566277837,
    0.6118769883351007,
    0.6299045599151644,
    0.6447507953340403,
    0.6458112407211029,
    0.6532343584305408,
    0.6680805938494168,
    0.6595970307529162,
    0.672322375397667,
    0.679745493107105,
    0.6882290562036055,
    0.6702014846235419,
    0.6850477200424178,
    0.7009544008483564,
    0.704135737009544,
    0.7126193001060446,
    0.7221633085896076,
    0.7433722163308589,
    0.7412513255567338,
    0.7423117709437964,
    0.750795334040297,
    0.76033934252386,
    0.7783669141039237,
    0.7656415694591728,
    0.7571580063626723,
    0.7741251325556734,
    0.7751855779427359,
    0.7857900318133616
  ],
  "val_ndcg_list": [
    0.10474959212916969,
    0.19137465238922763,
    0.34076941542320527,
    0.39466010473926205,
    0.40712985498282817,
    0.41688813548196313,
    0.41909187728896624,
    0.425168523348603,
    0.4301339122446646,
    0.43478892361981736,
    0.4316777835172341,
    0.4450642450760018,
    0.4534969442625047,
    0.4395906118240868,
    0.4524069225198111,
    0.45621855738310607,
    0.45320687981367186,
    0.46108935348200997,
    0.4725862294827122,
    0.47185935130899775,
    0.4766186025622498,
    0.46386825286301464,
    0.4810037683801999,
    0.4833319284795755,
    0.49823783837743363,
    0.49783422516577425,
    0.4947105471387341,
    0.5022940072967346,
    0.5054050358242321,
    0.5054914505850894
  ],
  "upload_bytes_per_round": [
    214732416,
    214732416,
    214732416,
    214732416,
    214732416,
    214732416,
    214732416,
    214732416,
    214732416,
    214732416,
    214732416,
    214732416,
    214732416,
    214732416,
    214732416,
    214732416,
    214732416,
    214732416,
    214732416,
    214732416,
    214732416,
    214732416,
    214732416,
    214732416,
    214732416,
    214732416,
    214732416,
    214732416,
    214732416,
    214732416
  ],
  "total_upload_bytes": 6441972480,
  "aggregate_stats_per_round": [
    {
      "avg_item_neighbors": 651.7582184517497,
      "avg_interest_neighbors": 654.8568398727466,
      "avg_trusted_neighbors": 554.4708377518558,
      "avg_union_neighbors": 752.1442205726405,
      "avg_false_neighbor_ratio": 0.26281313797809586,
      "isolated_nodes": 130.0,
      "mode": "intersection"
    },
    {
      "avg_item_neighbors": 567.2067868504772,
      "avg_interest_neighbors": 566.0021208907741,
      "avg_trusted_neighbors": 427.68186638388124,
      "avg_union_neighbors": 705.5270413573701,
      "avg_false_neighbor_ratio": 0.3938122264441345,
      "isolated_nodes": 188.0,
      "mode": "intersection"
    },
    {
      "avg_item_neighbors": 536.0424178154825,
      "avg_interest_neighbors": 562.9946977730647,
      "avg_trusted_neighbors": 374.3308589607635,
      "avg_union_neighbors": 724.7062566277837,
      "avg_false_neighbor_ratio": 0.48347229579249573,
      "isolated_nodes": 187.0,
      "mode": "intersection"
    },
    {
      "avg_item_neighbors": 529.9978791092259,
      "avg_interest_neighbors": 573.5821845174974,
      "avg_trusted_neighbors": 370.8865323435843,
      "avg_union_neighbors": 732.6935312831389,
      "avg_false_neighbor_ratio": 0.49380400329990015,
      "isolated_nodes": 195.0,
      "mode": "intersection"
    },
    {
      "avg_item_neighbors": 519.1558854718982,
      "avg_interest_neighbors": 583.5143160127253,
      "avg_trusted_neighbors": 388.3287380699894,
      "avg_union_neighbors": 714.3414634146342,
      "avg_false_neighbor_ratio": 0.45638219540871466,
      "isolated_nodes": 189.0,
      "mode": "intersection"
    },
    {
      "avg_item_neighbors": 510.6002120890774,
      "avg_interest_neighbors": 626.5747613997879,
      "avg_trusted_neighbors": 436.50053022269356,
      "avg_union_neighbors": 700.6744432661718,
      "avg_false_neighbor_ratio": 0.3770280414567997,
      "isolated_nodes": 190.0,
      "mode": "intersection"
    },
    {
      "avg_item_neighbors": 501.813361611877,
      "avg_interest_neighbors": 612.5047720042418,
      "avg_trusted_neighbors": 423.7603393425239,
      "avg_union_neighbors": 690.5577942735949,
      "avg_false_neighbor_ratio": 0.38635065325954093,
      "isolated_nodes": 199.0,
      "mode": "intersection"
    },
    {
      "avg_item_neighbors": 477.14316012725345,
      "avg_interest_neighbors": 599.4443266171792,
      "avg_trusted_neighbors": 391.18345705196185,
      "avg_union_neighbors": 685.4040296924709,
      "avg_false_neighbor_ratio": 0.42926589266263987,
      "isolated_nodes": 203.0,
      "mode": "intersection"
    },
    {
      "avg_item_neighbors": 457.6288441145281,
      "avg_interest_neighbors": 593.4146341463414,
      "avg_trusted_neighbors": 370.65747613997877,
      "avg_union_neighbors": 680.3860021208908,
      "avg_false_neighbor_ratio": 0.4552247180503862,
      "isolated_nodes": 214.0,
      "mode": "intersection"
    },
    {
      "avg_item_neighbors": 447.9469777306469,
      "avg_interest_neighbors": 596.5153764581124,
      "avg_trusted_neighbors": 365.70095440084833,
      "avg_union_neighbors": 678.7613997879109,
      "avg_false_neighbor_ratio": 0.46122311239985503,
      "isolated_nodes": 207.0,
      "mode": "intersection"
    },
    {
      "avg_item_neighbors": 432.65959703075293,
      "avg_interest_neighbors": 596.3541887592789,
      "avg_trusted_neighbors": 353.7709437963945,
      "avg_union_neighbors": 675.2428419936373,
      "avg_false_neighbor_ratio": 0.4760833854204292,
      "isolated_nodes": 210.0,
      "mode": "intersection"
    },
    {
      "avg_item_neighbors": 428.0487804878049,
      "avg_interest_neighbors": 595.4252386002121,
      "avg_trusted_neighbors": 344.3032873806999,
      "avg_union_neighbors": 679.170731707317,
      "avg_false_neighbor_ratio": 0.49305340865443165,
      "isolated_nodes": 208.0,
      "mode": "intersection"
    },
    {
      "avg_item_neighbors": 422.60869565217394,
      "avg_interest_neighbors": 593.6033934252386,
      "avg_trusted_neighbors": 335.9427359490986,
      "avg_union_neighbors": 680.2693531283139,
      "avg_false_neighbor_ratio": 0.5061621776665097,
      "isolated_nodes": 208.0,