{
  "tag": "XR2_reg_0.01",
  "alias": "XR2_reg_0.01",
  "dataset": "100k",
  "num_round_requested": 30,
  "num_round_actual": 30,
  "best_round": 29,
  "best_test_hr": 0.689289501590668,
  "best_test_ndcg": 0.40958895976318854,
  "best_val_hr": 0.7158006362672322,
  "hr_list": [
    0.21527041357370094,
    0.3181336161187699,
    0.4528101802757158,
    0.5143160127253447,
    0.5206786850477201,
    0.5238600212089077,
    0.5355249204665959,
    0.542948038176034,
    0.5609756097560976,
    0.5503711558854719,
    0.5556733828207847,
    0.5662778366914104,
    0.5567338282078473,
    0.5556733828207847,
    0.5620360551431601,
    0.5620360551431601,
    0.5737009544008483,
    0.5705196182396607,
    0.5800636267232238,
    0.6033934252386002,
    0.601272534464475,
    0.6150583244962884,
    0.623541887592789,
    0.647932131495228,
    0.6585365853658537,
    0.6542948038176034,
    0.6670201484623541,
    0.6755037115588547,
    0.6882290562036055,
    0.689289501590668
  ],
  "ndcg_list": [
    0.10520434008871463,
    0.1694293023863807,
    0.261687411466822,
    0.2994418003609348,
    0.3053766854019865,
    0.30644344908251053,
    0.30675303308866614,
    0.30866792420317046,
    0.31247491385711007,
    0.3062906993985456,
    0.31253657828054326,
    0.31697499522309414,
    0.3168692938193444,
    0.3153529446447134,
    0.31848863259500587,
    0.3221571966552849,
    0.33268834144785364,
    0.33191578474195693,
    0.3325236947426815,
    0.3474765443879199,
    0.3494627107638883,
    0.3569743495524093,
    0.3635010842748847,
    0.372363546575899,
    0.3757552071785734,
    0.3819165152330478,
    0.38775874607057326,
    0.39652199028381807,
    0.4020498199134876,
    0.40958895976318854
  ],
  "val_hr_list": [
    0.21208907741251326,
    0.3425238600212089,
    0.47932131495228,
    0.5397667020148462,
    0.5652173913043478,
    0.5768822905620361,
    0.5832449628844114,
    0.5874867444326617,
    0.5927889713679746,
    0.5853658536585366,
    0.591728525980912,
    0.5896076352067868,
    0.5885471898197243,
    0.6118769883351007,
    0.5959703075291622,
    0.6055143160127253,
    0.6086956521739131,
    0.6193001060445387,
    0.6214209968186638,
    0.6214209968186638,
    0.633085896076352,
    0.6511134676564156,
    0.6574761399787911,
    0.6744432661717922,
    0.6744432661717922,
    0.7009544008483564,
    0.6808059384941676,
    0.7062566277836692,
    0.711558854718982,
    0.7158006362672322
  ],
  "val_ndcg_list": [
    0.10672317076555903,
    0.18265158974111015,
    0.27463609878559203,
    0.32656923779963104,
    0.3384105578518455,
    0.3378193513531325,
    0.335677720251071,
    0.3335297715771176,
    0.3365155650371627,
    0.33000292925604513,
    0.33053558224977625,
    0.338937739295028,
    0.3372659281614543,
    0.35094466048185724,
    0.3472732846973082,
    0.3505303655538459,
    0.35603837040316966,
    0.3669615931370491,
    0.37089862542680657,
    0.3708226052807045,
    0.3814946741672349,
    0.38782568088194164,
    0.3977558520759729,
    0.40880723235618616,
    0.4135426906698195,
    0.42464830602173026,
    0.41930225450252345,
    0.4341508277822903,
    0.4457420010311718,
    0.4512030818520357
  ],
  "upload_bytes_per_round": [
    214732416,
    214732416,
    214732416,
    214732416,
    214732416,
    214732416,
    214732416,
    214732416,
    214732416,
    214732416,
    214732416,
    214732416,
    214732416,
    214732416,
    214732416,
    214732416,
    214732416,
    214732416,
    214732416,
    214732416,
    214732416,
    214732416,
    214732416,
    214732416,
    214732416,
    214732416,
    214732416,
    214732416,
    214732416,
    214732416
  ],
  "total_upload_bytes": 6441972480,
  "aggregate_stats_per_round": [
    {
      "avg_item_neighbors": 645.459172852598,
      "avg_interest_neighbors": 669.8939554612938,
      "avg_trusted_neighbors": 558.9650053022269,
      "avg_union_neighbors": 756.3881230116649,
      "avg_false_neighbor_ratio": 0.26100769129394874,
      "isolated_nodes": 120.0,
      "mode": "intersection"
    },
    {
      "avg_item_neighbors": 629.4888653234358,
      "avg_interest_neighbors": 593.728525980912,
      "avg_trusted_neighbors": 480.90774125132555,
      "avg_union_neighbors": 742.3096500530223,
      "avg_false_neighbor_ratio": 0.3521467204192012,
      "isolated_nodes": 138.0,
      "mode": "intersection"
    },
    {
      "avg_item_neighbors": 582.2820784729587,
      "avg_interest_neighbors": 571.7370095440085,
      "avg_trusted_neighbors": 424.2481442205726,
      "avg_union_neighbors": 729.7709437963945,
      "avg_false_neighbor_ratio": 0.4186557469477196,
      "isolated_nodes": 169.0,
      "mode": "intersection"
    },
    {
      "avg_item_neighbors": 575.9915164369035,
      "avg_interest_neighbors": 566.6489925768823,
      "avg_trusted_neighbors": 406.08059384941674,
      "avg_union_neighbors": 736.559915164369,
      "avg_false_neighbor_ratio": 0.4486794821588998,
      "isolated_nodes": 164.0,
      "mode": "intersection"
    },
    {
      "avg_item_neighbors": 564.373276776246,
      "avg_interest_neighbors": 556.6765641569459,
      "avg_trusted_neighbors": 388.7826086956522,
      "avg_union_neighbors": 732.2672322375398,
      "avg_false_neighbor_ratio": 0.4690700449511099,
      "isolated_nodes": 162.0,
      "mode": "intersection"
    },
    {
      "avg_item_neighbors": 557.6648992576883,
      "avg_interest_neighbors": 584.2672322375398,
      "avg_trusted_neighbors": 421.64156945917284,
      "avg_union_neighbors": 720.2905620360551,
      "avg_false_neighbor_ratio": 0.41462294290332935,
      "isolated_nodes": 162.0,
      "mode": "intersection"
    },
    {
      "avg_item_neighbors": 542.254506892895,
      "avg_interest_neighbors": 639.9554612937434,
      "avg_trusted_neighbors": 471.4612937433722,
      "avg_union_neighbors": 710.7486744432662,
      "avg_false_neighbor_ratio": 0.33666947164879235,
      "isolated_nodes": 169.0,
      "mode": "intersection"
    },
    {
      "avg_item_neighbors": 538.4793213149522,
      "avg_interest_neighbors": 629.2852598091198,
      "avg_trusted_neighbors": 468.70201484623544,
      "avg_union_neighbors": 699.0625662778367,
      "avg_false_neighbor_ratio": 0.3295278027232349,
      "isolated_nodes": 184.0,
      "mode": "intersection"
    },
    {
      "avg_item_neighbors": 532.5302226935313,
      "avg_interest_neighbors": 614.8525980911983,
      "avg_trusted_neighbors": 456.90137857900316,
      "avg_union_neighbors": 690.4814422057264,
      "avg_false_neighbor_ratio": 0.33828579502521794,
      "isolated_nodes": 184.0,
      "mode": "intersection"
    },
    {
      "avg_item_neighbors": 523.0943796394486,
      "avg_interest_neighbors": 603.7348886532344,
      "avg_trusted_neighbors": 440.82290562036053,
      "avg_union_neighbors": 686.0063626723223,
      "avg_false_neighbor_ratio": 0.3574069722864598,
      "isolated_nodes": 192.0,
      "mode": "intersection"
    },
    {
      "avg_item_neighbors": 517.0668080593849,
      "avg_interest_neighbors": 600.203605514316,
      "avg_trusted_neighbors": 437.0349946977731,
      "avg_union_neighbors": 680.2354188759278,
      "avg_false_neighbor_ratio": 0.35752390632648545,
      "isolated_nodes": 201.0,
      "mode": "intersection"
    },
    {
      "avg_item_neighbors": 509.7051961823966,
      "avg_interest_neighbors": 608.7762460233298,
      "avg_trusted_neighbors": 441.2576882290562,
      "avg_union_neighbors": 677.2237539766702,
      "avg_false_neighbor_ratio": 0.3484314665013106,
      "isolated_nodes": 205.0,
      "mode": "intersection"
    },
    {
      "avg_item_neighbors": 501.16012725344643,
      "avg_interest_neighbors": 609.049840933192,
      "avg_trusted_neighbors": 434.9374337221633,
      "avg_union_neighbors": 675.272534464475,
      "avg_false_neighbor_ratio": 0.35590830142811825,
      "isolated_nodes": 208.0,