{
  "tag": "XR3_reg_0.0",
  "alias": "XR3_reg_0.0",
  "dataset": "100k",
  "num_round_requested": 30,
  "num_round_actual": 30,
  "best_round": 29,
  "best_test_hr": 0.672322375397667,
  "best_test_ndcg": 0.3864639383488568,
  "best_val_hr": 0.71898197242842,
  "hr_list": [
    0.21527041357370094,
    0.31601272534464475,
    0.4517497348886532,
    0.5111346765641569,
    0.5174973488865323,
    0.5196182396606575,
    0.5302226935312832,
    0.5376458112407211,
    0.5556733828207847,
    0.5567338282078473,
    0.545068928950159,
    0.5567338282078473,
    0.5514316012725344,
    0.5577942735949099,
    0.559915164369035,
    0.5652173913043478,
    0.5811240721102863,
    0.5705196182396607,
    0.5737009544008483,
    0.5885471898197243,
    0.5832449628844114,
    0.6002120890774125,
    0.6076352067868505,
    0.6373276776246023,
    0.6436903499469777,
    0.6500530222693531,
    0.6468716861081655,
    0.6712619300106044,
    0.6808059384941676,
    0.672322375397667
  ],
  "ndcg_list": [
    0.1057722827616,
    0.16734316953096548,
    0.2600392805536673,
    0.2952911992848568,
    0.29942238970477403,
    0.2975976096714378,
    0.29904503947041955,
    0.3002129737268491,
    0.3072101576260266,
    0.30339615683765464,
    0.30363544275425813,
    0.31000191332315896,
    0.30946167080871606,
    0.30891892581902314,
    0.3107122713210029,
    0.3171134530336314,
    0.3242915831924232,
    0.3226581373164129,
    0.3219108046402296,
    0.3342126234432695,
    0.33303545303993337,
    0.34176495129512696,
    0.34936355760625887,
    0.35776096079095276,
    0.3626351361095014,
    0.36751964028281287,
    0.36543238853995297,
    0.3791234710650751,
    0.38631200143925015,
    0.3864639383488568
  ],
  "val_hr_list": [
    0.21314952279957583,
    0.34676564156945916,
    0.4814422057264051,
    0.5387062566277837,
    0.5588547189819725,
    0.5715800636267232,
    0.5779427359490986,
    0.5821845174973489,
    0.5790031813361611,
    0.5768822905620361,
    0.5896076352067868,
    0.5874867444326617,
    0.5991516436903499,
    0.6002120890774125,
    0.5853658536585366,
    0.5821845174973489,
    0.5970307529162248,
    0.6150583244962884,
    0.623541887592789,
    0.6214209968186638,
    0.6320254506892895,
    0.633085896076352,
    0.6521739130434783,
    0.6617179215270413,
    0.6744432661717922,
    0.6839872746553552,
    0.6839872746553552,
    0.6967126193001061,
    0.7030752916224814,
    0.71898197242842
  ],
  "val_ndcg_list": [
    0.10842160849577742,
    0.18182313801849892,
    0.274532923776435,
    0.32314686610878846,
    0.33228136030088956,
    0.3300712987524598,
    0.331407895477804,
    0.32861807710628405,
    0.326343265096031,
    0.32306608861079816,
    0.3271886160382616,
    0.3320651172307645,
    0.3354554387800019,
    0.3384801722986759,
    0.34018116709096097,
    0.33976955835030237,
    0.34309224586758663,
    0.3557195756761289,
    0.3613711838469685,
    0.35420741575776293,
    0.365809859783679,
    0.3762851345240196,
    0.38633820293792903,
    0.39057068877928036,
    0.3957747074819596,
    0.404674217573383,
    0.4049897992930545,
    0.41850300718142885,
    0.42038003205699565,
    0.4287123431625033
  ],
  "upload_bytes_per_round": [
    214732416,
    214732416,
    214732416,
    214732416,
    214732416,
    214732416,
    214732416,
    214732416,
    214732416,
    214732416,
    214732416,
    214732416,
    214732416,
    214732416,
    214732416,
    214732416,
    214732416,
    214732416,
    214732416,
    214732416,
    214732416,
    214732416,
    214732416,
    214732416,
    214732416,
    214732416,
    214732416,
    214732416,
    214732416,
    214732416
  ],
  "total_upload_bytes": 6441972480,
  "aggregate_stats_per_round": [
    {
      "avg_item_neighbors": 645.0562036055143,
      "avg_interest_neighbors": 669.4019088016967,
      "avg_trusted_neighbors": 560.0933191940615,
      "avg_union_neighbors": 754.3647932131495,
      "avg_false_neighbor_ratio": 0.2575298791339479,
      "isolated_nodes": 122.0,
      "mode": "intersection"
    },
    {
      "avg_item_neighbors": 625.9936373276777,
      "avg_interest_neighbors": 594.4623541887593,
      "avg_trusted_neighbors": 480.46023329798516,
      "avg_union_neighbors": 739.9957582184518,
      "avg_false_neighbor_ratio": 0.3507256927327548,
      "isolated_nodes": 143.0,
      "mode": "intersection"
    },
    {
      "avg_item_neighbors": 573.9597030752916,
      "avg_interest_neighbors": 577.0095440084835,
      "avg_trusted_neighbors": 421.62248144220575,
      "avg_union_neighbors": 729.3467656415695,
      "avg_false_neighbor_ratio": 0.42191766481431403,
      "isolated_nodes": 175.0,
      "mode": "intersection"
    },
    {
      "avg_item_neighbors": 564.7953340402969,
      "avg_interest_neighbors": 571.0795334040297,
      "avg_trusted_neighbors": 398.46023329798516,
      "avg_union_neighbors": 737.4146341463414,
      "avg_false_neighbor_ratio": 0.4596523924979364,
      "isolated_nodes": 174.0,
      "mode": "intersection"
    },
    {
      "avg_item_neighbors": 554.1081654294804,
      "avg_interest_neighbors": 562.6935312831389,
      "avg_trusted_neighbors": 381.58218451749735,
      "avg_union_neighbors": 735.219512195122,
      "avg_false_neighbor_ratio": 0.4809955690944337,
      "isolated_nodes": 162.0,
      "mode": "intersection"
    },
    {
      "avg_item_neighbors": 550.254506892895,
      "avg_interest_neighbors": 590.118769883351,
      "avg_trusted_neighbors": 416.0933191940615,
      "avg_union_neighbors": 724.2799575821845,
      "avg_false_neighbor_ratio": 0.42550761644284885,
      "isolated_nodes": 163.0,
      "mode": "intersection"
    },
    {
      "avg_item_neighbors": 537.4803817603394,
      "avg_interest_neighbors": 648.6214209968186,
      "avg_trusted_neighbors": 469.3997879109226,
      "avg_union_neighbors": 716.7020148462354,
      "avg_false_neighbor_ratio": 0.345055855589258,
      "isolated_nodes": 170.0,
      "mode": "intersection"
    },
    {
      "avg_item_neighbors": 532.3605514316013,
      "avg_interest_neighbors": 637.9003181336161,
      "avg_trusted_neighbors": 466.5387062566278,
      "avg_union_neighbors": 703.7221633085896,
      "avg_false_neighbor_ratio": 0.33704133451876855,
      "isolated_nodes": 183.0,
      "mode": "intersection"
    },
    {
      "avg_item_neighbors": 527.0477200424178,
      "avg_interest_neighbors": 625.2916224814422,
      "avg_trusted_neighbors": 454.69777306468717,
      "avg_union_neighbors": 697.6415694591728,
      "avg_false_neighbor_ratio": 0.3482358377566593,
      "isolated_nodes": 185.0,
      "mode": "intersection"
    },
    {
      "avg_item_neighbors": 516.7953340402969,
      "avg_interest_neighbors": 616.5832449628845,
      "avg_trusted_neighbors": 439.270413573701,
      "avg_union_neighbors": 694.1081654294804,
      "avg_false_neighbor_ratio": 0.36714414920922045,
      "isolated_nodes": 189.0,
      "mode": "intersection"
    },
    {
      "avg_item_neighbors": 510.8377518557794,
      "avg_interest_neighbors": 611.4273594909862,
      "avg_trusted_neighbors": 435.72852598091197,
      "avg_union_neighbors": 686.5365853658536,
      "avg_false_neighbor_ratio": 0.36532366188654997,
      "isolated_nodes": 197.0,
      "mode": "intersection"
    },
    {
      "avg_item_neighbors": 504.0424178154825,
      "avg_interest_neighbors": 627.626723223754,
      "avg_trusted_neighbors": 444.3944856839873,
      "avg_union_neighbors": 687.2746553552493,
      "avg_false_neighbor_ratio": 0.3533960808517204,
      "isolated_nodes": 208.0,
      "mode": "intersection"
    },
    {
      "avg_item_neighbors": 495.23860021208907,
      "avg_interest_neighbors": 629.6182396606574,
      "avg_trusted_neighbors": 437.37857900318136,
      "avg_union_neighbors": 687.4782608695652,
      "avg_false_neighbor_ratio": 0.36379285877351564,
      "isolated_nodes": 197.0,