{
  "tag": "A1_single_len20",
  "alias": "A1_single_len20",
  "dataset": "100k",
  "num_round_requested": 20,
  "num_round_actual": 20,
  "best_round": 17,
  "best_test_hr": 0.344644750795334,
  "best_test_ndcg": 0.16621782904789162,
  "best_val_hr": 0.4061505832449629,
  "hr_list": [
    0.10604453870625663,
    0.10604453870625663,
    0.11346765641569459,
    0.14846235418875928,
    0.17073170731707318,
    0.21845174973488865,
    0.25556733828207845,
    0.2799575821845175,
    0.2841993637327678,
    0.28525980911983034,
    0.3075291622481442,
    0.3255567338282078,
    0.3361611876988335,
    0.34146341463414637,
    0.35418875927889715,
    0.3563096500530223,
    0.3669141039236479,
    0.344644750795334,
    0.34782608695652173,
    0.36903499469777307
  ],
  "ndcg_list": [
    0.0501604141108049,
    0.05035038380830712,
    0.05648316069792089,
    0.07392481811165032,
    0.08427770782681808,
    0.11070666144710035,
    0.13132624130847717,
    0.1409331479965304,
    0.14227834719714,
    0.14485685315177207,
    0.15555459855281106,
    0.1568212296314643,
    0.16834040611655007,
    0.16957550816353534,
    0.17823712977158693,
    0.17449519868177335,
    0.1767787618270894,
    0.16621782904789162,
    0.17695803620953987,
    0.18514388257705575
  ],
  "val_hr_list": [
    0.10286320254506894,
    0.13467656415694593,
    0.13467656415694593,
    0.15482502651113467,
    0.19830328738069988,
    0.2417815482502651,
    0.2672322375397667,
    0.3213149522799576,
    0.3297985153764581,
    0.3457051961823966,
    0.35949098621421,
    0.3722163308589608,
    0.3753976670201485,
    0.36585365853658536,
    0.37751855779427357,
    0.3828207847295864,
    0.39660657476139977,
    0.4061505832449629,
    0.3934252386002121,
    0.40402969247083775
  ],
  "val_ndcg_list": [
    0.04711018677571873,
    0.06010323265211311,
    0.06216131064457596,
    0.081729809996468,
    0.09509309371423605,
    0.1100279570900879,
    0.1281019997397546,
    0.15468734978881174,
    0.16378983365614191,
    0.16747855486233418,
    0.1733107177911101,
    0.1820231537299451,
    0.1857985752676667,
    0.18064984950524138,
    0.18896646680087142,
    0.19940186405234928,
    0.18937615087234408,
    0.20079892548598133,
    0.1902569570073216,
    0.20229149012312062
  ],
  "upload_bytes_per_round": [
    203144832,
    203144832,
    203144832,
    203144832,
    203144832,
    203144832,
    203144832,
    203144832,
    203144832,
    203144832,
    203144832,
    203144832,
    203144832,
    203144832,
    203144832,
    203144832,
    203144832,
    203144832,
    203144832,
    203144832
  ],
  "total_upload_bytes": 4062896640,
  "aggregate_stats_per_round": [
    {
      "avg_item_neighbors": 469.5524920466596,
      "avg_interest_neighbors": 684.2969247083776,
      "avg_trusted_neighbors": 301.72852598091197,
      "avg_union_neighbors": 852.1208907741251,
      "avg_false_neighbor_ratio": 0.6459087797896833,
      "isolated_nodes": 172.0,
      "mode": "intersection"
    },
    {
      "avg_item_neighbors": 364.3881230116649,
      "avg_interest_neighbors": 589.6330858960763,
      "avg_trusted_neighbors": 205.6373276776246,
      "avg_union_neighbors": 748.3838812301167,
      "avg_false_neighbor_ratio": 0.725224803960744,
      "isolated_nodes": 136.0,
      "mode": "intersection"
    },
    {
      "avg_item_neighbors": 388.2439024390244,
      "avg_interest_neighbors": 562.424178154825,
      "avg_trusted_neighbors": 224.91198303287382,
      "avg_union_neighbors": 725.7560975609756,
      "avg_false_neighbor_ratio": 0.6900997679678779,
      "isolated_nodes": 157.0,
      "mode": "intersection"
    },
    {
      "avg_item_neighbors": 413.1283138918346,
      "avg_interest_neighbors": 562.899257688229,
      "avg_trusted_neighbors": 246.89077412513257,
      "avg_union_neighbors": 729.1367974549311,
      "avg_false_neighbor_ratio": 0.6613930678208664,
      "isolated_nodes": 177.0,
      "mode": "intersection"
    },
    {
      "avg_item_neighbors": 421.20466595970305,
      "avg_interest_neighbors": 567.5482502651114,
      "avg_trusted_neighbors": 258.17603393425236,
      "avg_union_neighbors": 730.576882290562,
      "avg_false_neighbor_ratio": 0.6466134636989901,
      "isolated_nodes": 183.0,
      "mode": "intersection"
    },
    {
      "avg_item_neighbors": 431.507953340403,
      "avg_interest_neighbors": 572.0424178154825,
      "avg_trusted_neighbors": 264.56839872746554,
      "avg_union_neighbors": 738.9819724284199,
      "avg_false_neighbor_ratio": 0.6419826076973855,
      "isolated_nodes": 200.0,
      "mode": "intersection"
    },
    {
      "avg_item_neighbors": 430.12937433722163,
      "avg_interest_neighbors": 571.4337221633086,
      "avg_trusted_neighbors": 265.05832449628844,
      "avg_union_neighbors": 736.5047720042418,
      "avg_false_neighbor_ratio": 0.6401132286285283,
      "isolated_nodes": 199.0,
      "mode": "intersection"
    },
    {
      "avg_item_neighbors": 447.5143160127253,
      "avg_interest_neighbors": 575.0392364793213,
      "avg_trusted_neighbors": 276.2926829268293,
      "avg_union_neighbors": 746.2608695652174,
      "avg_false_neighbor_ratio": 0.6297639415452649,
      "isolated_nodes": 196.0,
      "mode": "intersection"
    },
    {
      "avg_item_neighbors": 442.6829268292683,
      "avg_interest_neighbors": 579.4082714740191,
      "avg_trusted_neighbors": 275.43584305408274,
      "avg_union_neighbors": 746.6553552492047,
      "avg_false_neighbor_ratio": 0.6311071217561242,
      "isolated_nodes": 205.0,
      "mode": "intersection"
    },
    {
      "avg_item_neighbors": 440.9756097560976,
      "avg_interest_neighbors": 584.4284199363733,
      "avg_trusted_neighbors": 276.4559915164369,
      "avg_union_neighbors": 748.948038176034,
      "avg_false_neighbor_ratio": 0.6308742697427853,
      "isolated_nodes": 204.0,
      "mode": "intersection"
    },
    {
      "avg_item_neighbors": 458.5387062566278,
      "avg_interest_neighbors": 588.1039236479321,
      "avg_trusted_neighbors": 293.3828207847296,
      "avg_union_neighbors": 753.2598091198304,
      "avg_false_neighbor_ratio": 0.6105157646369825,
      "isolated_nodes": 203.0,
      "mode": "intersection"
    },
    {
      "avg_item_neighbors": 449.98727465535524,
      "avg_interest_neighbors": 590.3096500530223,
      "avg_trusted_neighbors": 288.8016967126193,
      "avg_union_neighbors": 751.4952279957582,
      "avg_false_neighbor_ratio": 0.6156972313944628,
      "isolated_nodes": 217.0,
      "mode": "intersection"
    },
    {
      "avg_item_neighbors": 430.9268292682927,
      "avg_interest_neighbors": 593.2428419936373,
      "avg_trusted_neighbors": 281.558854718982,
      "avg_union_neighbors": 742.610816542948,
      "avg_false_neighbor_ratio": 0.6208527421810071,
      "isolated_nodes": 213.0,
      "mode": "intersection"
    },
    {
      "avg_item_neighbors": 453.68186638388124,
      "avg_interest_neighbors": 594.16967126193,
      "avg_trusted_neighbors": 294.88865323435846,
      "avg_union_neighbors": 752.9628844114528,
      "avg_false_neighbor_ratio": 0.6083622986744484,
      "isolated_nodes": 203.0,
      "mode": "intersection"
    },
    {
      "avg_item_neighbors": 446.3923647932132,
      "avg_interest_neighbors": 593.8769883351007,
      "avg_trusted_neighbors": 293.9575821845175,
      "avg_union_neighbors": 746.3117709437964,
      "avg_false_neighbor_ratio": 0.6061195955508318,
      "isolated_nodes": 211.0,
      "mode": "intersection"
    },
    {
      "avg_item_neighbors": 434.23117709437963,
      "avg_interest_neighbors": 593.1664899257688,
      "avg_trusted_neighbors": 283.25344644750794,
      "avg_union_neighbors": 744.1442205726405,
      "avg_false_neighbor_ratio": 0.6193567878152219,
      "isolated_nodes": 223.0,
      "mode": "intersection"
    },
    {
      "avg_item_neighbors": 445.0265111346766,
      "avg_interest_neighbors": 592.1908801696712,