{
  "tag": "A2_mha4_len20",
  "alias": "A2_mha4_len20",
  "dataset": "100k",
  "num_round_requested": 20,
  "num_round_actual": 20,
  "best_round": 19,
  "best_test_hr": 0.44538706256627786,
  "best_test_ndcg": 0.2581924350092057,
  "best_val_hr": 0.48886532343584305,
  "hr_list": [
    0.08377518557794274,
    0.1007423117709438,
    0.11134676564156946,
    0.11983032873807,
    0.12513255567338283,
    0.15270413573700956,
    0.1728525980911983,
    0.20996818663838812,
    0.2417815482502651,
    0.2672322375397667,
    0.28950159066808057,
    0.3425238600212089,
    0.38494167550371156,
    0.3987274655355249,
    0.40827147401908803,
    0.4061505832449629,
    0.41145281018027574,
    0.4220572640509014,
    0.45068928950159065,
    0.44538706256627786
  ],
  "ndcg_list": [
    0.03580134253661828,
    0.04221544682242437,
    0.04911425018667687,
    0.0536561674500619,
    0.05797777759867621,
    0.06996755300364459,
    0.08339339693575738,
    0.10261042721939449,
    0.12290959059601866,
    0.14466173967229734,
    0.15783640312127073,
    0.18661353898110267,
    0.2131023473440241,
    0.22420873852228992,
    0.2322793619160483,
    0.23766466496013203,
    0.2468243045644243,
    0.2513112549306321,
    0.25900440540421066,
    0.2581924350092057
  ],
  "val_hr_list": [
    0.09544008483563096,
    0.11346765641569459,
    0.12407211028632026,
    0.1325556733828208,
    0.1537645811240721,
    0.16861081654294804,
    0.19618239660657477,
    0.23647932131495228,
    0.2598091198303287,
    0.28525980911983034,
    0.344644750795334,
    0.3552492046659597,
    0.4029692470837752,
    0.43160127253446445,
    0.4496288441145281,
    0.4676564156945917,
    0.4634146341463415,
    0.4708377518557794,
    0.48038176033934255,
    0.48886532343584305
  ],
  "val_ndcg_list": [
    0.04361667736028747,
    0.05104274200756132,
    0.057407390715076306,
    0.06263899666560825,
    0.06897563011049526,
    0.0787149227852055,
    0.09506654574301453,
    0.11887659194284943,
    0.13680964874276874,
    0.15476135239186642,
    0.1818339698084398,
    0.19880331291191977,
    0.2272959672647164,
    0.2411610612311222,
    0.2528354375530765,
    0.26345492250931657,
    0.26683873715164314,
    0.27335801575018853,
    0.28102510424909416,
    0.28451343921631855
  ],
  "upload_bytes_per_round": [
    203144832,
    203144832,
    203144832,
    203144832,
    203144832,
    203144832,
    203144832,
    203144832,
    203144832,
    203144832,
    203144832,
    203144832,
    203144832,
    203144832,
    203144832,
    203144832,
    203144832,
    203144832,
    203144832,
    203144832
  ],
  "total_upload_bytes": 4062896640,
  "aggregate_stats_per_round": [
    {
      "avg_item_neighbors": 708.1993637327678,
      "avg_interest_neighbors": 700.8441145281018,
      "avg_trusted_neighbors": 539.3616118769884,
      "avg_union_neighbors": 869.6818663838812,
      "avg_false_neighbor_ratio": 0.37981734157613,
      "isolated_nodes": 93.0,
      "mode": "intersection"
    },
    {
      "avg_item_neighbors": 716.1781548250265,
      "avg_interest_neighbors": 663.6564156945917,
      "avg_trusted_neighbors": 538.9777306468717,
      "avg_union_neighbors": 840.8568398727466,
      "avg_false_neighbor_ratio": 0.35901368093950525,
      "isolated_nodes": 101.0,
      "mode": "intersection"
    },
    {
      "avg_item_neighbors": 719.2788971367975,
      "avg_interest_neighbors": 598.3075291622481,
      "avg_trusted_neighbors": 478.3011664899258,
      "avg_union_neighbors": 839.2852598091198,
      "avg_false_neighbor_ratio": 0.430108939839231,
      "isolated_nodes": 109.0,
      "mode": "intersection"
    },
    {
      "avg_item_neighbors": 723.1431601272534,
      "avg_interest_neighbors": 568.0,
      "avg_trusted_neighbors": 447.5015906680806,
      "avg_union_neighbors": 843.6415694591728,
      "avg_false_neighbor_ratio": 0.4695595773511289,
      "isolated_nodes": 111.0,
      "mode": "intersection"
    },
    {
      "avg_item_neighbors": 732.4793213149522,
      "avg_interest_neighbors": 575.6542948038176,
      "avg_trusted_neighbors": 458.41569459172854,
      "avg_union_neighbors": 849.7179215270413,
      "avg_false_neighbor_ratio": 0.46050838404361,
      "isolated_nodes": 103.0,
      "mode": "intersection"
    },
    {
      "avg_item_neighbors": 701.9045599151643,
      "avg_interest_neighbors": 570.695652173913,
      "avg_trusted_neighbors": 432.0084835630965,
      "avg_union_neighbors": 840.5917285259809,
      "avg_false_neighbor_ratio": 0.4860662210885126,
      "isolated_nodes": 116.0,
      "mode": "intersection"
    },
    {
      "avg_item_neighbors": 655.1940615058325,
      "avg_interest_neighbors": 582.220572640509,
      "avg_trusted_neighbors": 417.29798515376456,
      "avg_union_neighbors": 820.1166489925769,
      "avg_false_neighbor_ratio": 0.49117240130855866,
      "isolated_nodes": 139.0,
      "mode": "intersection"
    },
    {
      "avg_item_neighbors": 615.1113467656415,
      "avg_interest_neighbors": 589.3552492046659,
      "avg_trusted_neighbors": 406.52810180275713,
      "avg_union_neighbors": 797.9384941675504,
      "avg_false_neighbor_ratio": 0.49052702084905964,
      "isolated_nodes": 160.0,
      "mode": "intersection"
    },
    {
      "avg_item_neighbors": 592.8950159066808,
      "avg_interest_neighbors": 578.8398727465535,
      "avg_trusted_neighbors": 397.92152704135736,
      "avg_union_neighbors": 773.813361611877,
      "avg_false_neighbor_ratio": 0.48576550007811364,
      "isolated_nodes": 168.0,
      "mode": "intersection"
    },
    {
      "avg_item_neighbors": 574.8610816542948,
      "avg_interest_neighbors": 580.4899257688229,
      "avg_trusted_neighbors": 394.94803817603395,
      "avg_union_neighbors": 760.4029692470838,
      "avg_false_neighbor_ratio": 0.48060692271218586,
      "isolated_nodes": 182.0,
      "mode": "intersection"
    },
    {
      "avg_item_neighbors": 568.3669141039237,
      "avg_interest_neighbors": 595.1474019088017,
      "avg_trusted_neighbors": 420.99257688229056,
      "avg_union_neighbors": 742.5217391304348,
      "avg_false_neighbor_ratio": 0.43302323057192393,
      "isolated_nodes": 190.0,
      "mode": "intersection"
    },
    {
      "avg_item_neighbors": 573.5206786850478,
      "avg_interest_neighbors": 628.0148462354189,
      "avg_trusted_neighbors": 458.50901378579005,
      "avg_union_neighbors": 743.0265111346765,
      "avg_false_neighbor_ratio": 0.38291701989798393,
      "isolated_nodes": 181.0,
      "mode": "intersection"
    },
    {
      "avg_item_neighbors": 577.3658536585366,
      "avg_interest_neighbors": 647.7370095440085,
      "avg_trusted_neighbors": 476.03181336161185,
      "avg_union_neighbors": 749.0710498409331,
      "avg_false_neighbor_ratio": 0.3645037897770869,
      "isolated_nodes": 184.0,
      "mode": "intersection"
    },
    {
      "avg_item_neighbors": 574.3690349946978,
      "avg_interest_neighbors": 652.6914103923648,
      "avg_trusted_neighbors": 474.2523860021209,
      "avg_union_neighbors": 752.8080593849417,
      "avg_false_neighbor_ratio": 0.3700221721993864,
      "isolated_nodes": 184.0,
      "mode": "intersection"
    },
    {
      "avg_item_neighbors": 575.5397667020148,
      "avg_interest_neighbors": 647.1028632025451,
      "avg_trusted_neighbors": 465.32979851537647,
      "avg_union_neighbors": 757.3128313891834,
      "avg_false_neighbor_ratio": 0.38555141385655034,
      "isolated_nodes": 187.0,
      "mode": "intersection"
    },
    {
      "avg_item_neighbors": 573.3001060445387,
      "avg_interest_neighbors": 643.6733828207847,
      "avg_trusted_neighbors": 452.4729586426299,
      "avg_union_neighbors": 764.5005302226936,
      "avg_false_neighbor_ratio": 0.40814565751729726,
      "isolated_nodes": 178.0,
      "mode": "intersection"
    },
    {
      "avg_item_neighbors": 578.8080593849417,
      "avg_interest_neighbors": 636.9331919406151,