{
  "tag": "M1_int_dp_0.01",
  "alias": "M1_int_dp_0.01",
  "dataset": "ml-1m",
  "num_round_requested": 15,
  "num_round_actual": 15,
  "best_round": 14,
  "best_test_hr": 0.42168874172185433,
  "best_test_ndcg": 0.22812674334845032,
  "best_val_hr": 0.42632450331125826,
  "hr_list": [
    0.11804635761589403,
    0.11639072847682119,
    0.1228476821192053,
    0.1468543046357616,
    0.1741721854304636,
    0.2119205298013245,
    0.2640728476821192,
    0.2950331125827815,
    0.32682119205298016,
    0.3543046357615894,
    0.3740066225165563,
    0.38526490066225166,
    0.39867549668874175,
    0.4107615894039735,
    0.42168874172185433
  ],
  "ndcg_list": [
    0.05631856076119167,
    0.05615101122678443,
    0.061351027337943516,
    0.07481178303667806,
    0.09533759547475204,
    0.11532304624396325,
    0.14267676730621254,
    0.15937764136234536,
    0.1776247002748173,
    0.19373340463765298,
    0.20444663617293934,
    0.21003620560909983,
    0.2154013670070724,
    0.22722758366757034,
    0.22812674334845032
  ],
  "val_hr_list": [
    0.10794701986754966,
    0.11175496688741722,
    0.12301324503311259,
    0.14486754966887416,
    0.18990066225165564,
    0.23576158940397351,
    0.2721854304635762,
    0.31572847682119204,
    0.3445364238410596,
    0.36788079470198676,
    0.38543046357615895,
    0.39602649006622515,
    0.4117549668874172,
    0.419205298013245,
    0.42632450331125826
  ],
  "val_ndcg_list": [
    0.051943508204896044,
    0.053604792489195974,
    0.062935417971304,
    0.07725736133851588,
    0.1042717304080619,
    0.12870086483310664,
    0.1503953447908308,
    0.1751790609526988,
    0.1886783873683997,
    0.20452825497286894,
    0.21236198847813983,
    0.21853801496152075,
    0.22576167501968727,
    0.22824362192740694,
    0.23102726535319507
  ],
  "upload_bytes_per_round": [
    2865955840,
    2865955840,
    2865955840,
    2865955840,
    2865955840,
    2865955840,
    2865955840,
    2865955840,
    2865955840,
    2865955840,
    2865955840,
    2865955840,
    2865955840,
    2865955840,
    2865955840
  ],
  "total_upload_bytes": 42989337600,
  "aggregate_stats_per_round": [
    {
      "avg_item_neighbors": 4117.88642384106,
      "avg_interest_neighbors": 4124.049337748344,
      "avg_trusted_neighbors": 2977.485761589404,
      "avg_union_neighbors": 5264.45,
      "avg_false_neighbor_ratio": 0.43441655603350704,
      "isolated_nodes": 799.0,
      "mode": "intersection"
    },
    {
      "avg_item_neighbors": 3652.3993377483444,
      "avg_interest_neighbors": 3818.8956953642382,
      "avg_trusted_neighbors": 2323.813907284768,
      "avg_union_neighbors": 5147.481125827814,
      "avg_false_neighbor_ratio": 0.5485531951491995,
      "isolated_nodes": 960.0,
      "mode": "intersection"
    },
    {
      "avg_item_neighbors": 3299.3632450331124,
      "avg_interest_neighbors": 3778.0079470198675,
      "avg_trusted_neighbors": 2021.3976821192052,
      "avg_union_neighbors": 5055.973509933775,
      "avg_false_neighbor_ratio": 0.6001961485463395,
      "isolated_nodes": 1103.0,
      "mode": "intersection"
    },
    {
      "avg_item_neighbors": 3213.510927152318,
      "avg_interest_neighbors": 3772.5079470198675,
      "avg_trusted_neighbors": 1961.5907284768211,
      "avg_union_neighbors": 5024.428145695364,
      "avg_false_neighbor_ratio": 0.6095892564097275,
      "isolated_nodes": 1254.0,
      "mode": "intersection"
    },
    {
      "avg_item_neighbors": 3172.9,
      "avg_interest_neighbors": 3771.4990066225164,
      "avg_trusted_neighbors": 1970.5298013245033,
      "avg_union_neighbors": 4973.869205298013,
      "avg_false_neighbor_ratio": 0.6038235586843427,
      "isolated_nodes": 1320.0,
      "mode": "intersection"
    },
    {
      "avg_item_neighbors": 3212.0076158940396,
      "avg_interest_neighbors": 3725.3245033112585,
      "avg_trusted_neighbors": 2002.1986754966888,
      "avg_union_neighbors": 4935.133443708609,
      "avg_false_neighbor_ratio": 0.594296952993414,
      "isolated_nodes": 1380.0,
      "mode": "intersection"
    },
    {
      "avg_item_neighbors": 3188.317549668874,
      "avg_interest_neighbors": 3667.693046357616,
      "avg_trusted_neighbors": 1982.5867549668874,
      "avg_union_neighbors": 4873.423841059603,
      "avg_false_neighbor_ratio": 0.5931840078707736,
      "isolated_nodes": 1399.0,
      "mode": "intersection"
    },
    {
      "avg_item_neighbors": 3109.3920529801326,
      "avg_interest_neighbors": 3619.496357615894,
      "avg_trusted_neighbors": 1925.5450331125828,
      "avg_union_neighbors": 4803.343377483444,
      "avg_false_neighbor_ratio": 0.5991240097181206,
      "isolated_nodes": 1408.0,
      "mode": "intersection"
    },
    {
      "avg_item_neighbors": 3084.619205298013,
      "avg_interest_neighbors": 3584.525165562914,
      "avg_trusted_neighbors": 1888.7145695364238,
      "avg_union_neighbors": 4780.429801324503,
      "avg_false_neighbor_ratio": 0.6049069543886783,
      "isolated_nodes": 1396.0,
      "mode": "intersection"
    },
    {
      "avg_item_neighbors": 3076.666556291391,
      "avg_interest_neighbors": 3582.4814569536425,
      "avg_trusted_neighbors": 1895.6582781456955,
      "avg_union_neighbors": 4763.489735099338,
      "avg_false_neighbor_ratio": 0.6020442189309844,
      "isolated_nodes": 1417.0,
      "mode": "intersection"
    },
    {
      "avg_item_neighbors": 3033.3529801324503,
      "avg_interest_neighbors": 3598.992715231788,
      "avg_trusted_neighbors": 1897.2937086092716,
      "avg_union_neighbors": 4735.0519867549665,
      "avg_false_neighbor_ratio": 0.5993087902907,
      "isolated_nodes": 1405.0,
      "mode": "intersection"
    },
    {
      "avg_item_neighbors": 3034.032450331126,
      "avg_interest_neighbors": 3641.0175496688744,
      "avg_trusted_neighbors": 1942.7781456953642,
      "avg_union_neighbors": 4732.271854304636,
      "avg_false_neighbor_ratio": 0.5894618471827338,
      "isolated_nodes": 1403.0,
      "mode": "intersection"
    },
    {
      "avg_item_neighbors": 3040.1917218543044,
      "avg_interest_neighbors": 3697.0539735099337,
      "avg_trusted_neighbors": 1991.3367549668874,
      "avg_union_neighbors": 4745.908940397351,
      "avg_false_neighbor_ratio": 0.5804098266579546,
      "isolated_nodes": 1394.0,
      "mode": "intersection"
    },
    {
      "avg_item_neighbors": 3037.005298013245,
      "avg_interest_neighbors": 3733.064238410596,
      "avg_trusted_neighbors": 2018.0354304635762,
      "avg_union_neighbors": 4752.034105960265,
      "avg_false_neighbor_ratio": 0.5753322923477245,
      "isolated_nodes": 1361.0,
      "mode": "intersection"
    },
    {
      "avg_item_neighbors": 3034.1082781456953,
      "avg_interest_neighbors": 3773.037417218543,
      "avg_trusted_neighbors": 2044.846357615894,
      "avg_union_neighbors": 4762.299337748344,
      "avg_false_neighbor_ratio": 0.570617843904219,
      "isolated_nodes": 1354.0,
      "mode": "intersection"
    }
  ],
  "final_false_neighbor_ratio": 0.570617843904219,
  "final_avg_trusted_neighbors": 2044.846357615894,
  "final_isolated_nodes": 1354,
  "epsilon_per_round": 100.0,
  "epsilon_total_naive": 1500.0,
  "dp_composition": {
    "naive": 1500.0,
    "advanced": 4.0321757127242035e+46,
    "rdp": 1500.2976850819477,
    "tightest": 1500.0,
    "method": "naive",
    "delta": 1e-05
  },
  "config": {
    "alias": "M1_int_dp_0.01",
    "clients_sample_ratio": 1,
    "clients_sample_num": 0,
    "num_round": 15,
    "local_epoch": 1,
    "neighborhood_size": 0,
    "neighborhood_threshold": 1.0,
    "mp_layers": 1,
    "similarity_metric": "cosine",
    "reg": 1.0,
    "lr_eta": 80,
    "batch_size": 256,
    "optimizer": "sgd",
    "lr": 0.1,
    "dataset": "ml-1m",
    "num_users": 6040,
    "num_items": 3706,
    "latent_dim": 32,
    "num_negative": 12,
    "layers": [
      96,
      32,
      16,
      8
    ],