{
  "tag": "M1_sim_union",
  "alias": "M1_sim_union",
  "dataset": "ml-1m",
  "num_round_requested": 15,
  "num_round_actual": 15,
  "best_round": 14,
  "best_test_hr": 0.43509933774834436,
  "best_test_ndcg": 0.23695674319995474,
  "best_val_hr": 0.4380794701986755,
  "hr_list": [
    0.11804635761589403,
    0.11341059602649006,
    0.11721854304635762,
    0.13973509933774833,
    0.17897350993377484,
    0.22549668874172185,
    0.2768211920529801,
    0.32814569536423843,
    0.3521523178807947,
    0.38145695364238413,
    0.40281456953642386,
    0.4096026490066225,
    0.4142384105960265,
    0.42201986754966886,
    0.43509933774834436
  ],
  "ndcg_list": [
    0.05631856076119167,
    0.05497377741723023,
    0.05785516998154334,
    0.07261560393242963,
    0.09860103285790968,
    0.1262677497557632,
    0.15732621203211752,
    0.18136967077765523,
    0.1954339732600487,
    0.20978004767611308,
    0.22284021997582037,
    0.22386144237326114,
    0.22756360057329336,
    0.2317561285404189,
    0.23695674319995474
  ],
  "val_hr_list": [
    0.10794701986754966,
    0.1119205298013245,
    0.12201986754966887,
    0.1380794701986755,
    0.1847682119205298,
    0.2359271523178808,
    0.2812913907284768,
    0.33774834437086093,
    0.36688741721854307,
    0.39503311258278145,
    0.41241721854304636,
    0.41721854304635764,
    0.42533112582781457,
    0.43013245033112585,
    0.4380794701986755
  ],
  "val_ndcg_list": [
    0.051943508204896044,
    0.054371676417825636,
    0.0617819779258402,
    0.07197718189249817,
    0.10242996845864633,
    0.13004964703926897,
    0.15759167283505973,
    0.18742513479354492,
    0.2017998577607205,
    0.21690458439809704,
    0.2258546113541292,
    0.22652005830188626,
    0.23220282218203986,
    0.2372775872791121,
    0.23660393906350546
  ],
  "upload_bytes_per_round": [
    2865955840,
    2865955840,
    2865955840,
    2865955840,
    2865955840,
    2865955840,
    2865955840,
    2865955840,
    2865955840,
    2865955840,
    2865955840,
    2865955840,
    2865955840,
    2865955840,
    2865955840
  ],
  "total_upload_bytes": 42989337600,
  "aggregate_stats_per_round": [
    {
      "avg_item_neighbors": 4117.840066225165,
      "avg_interest_neighbors": 4124.049337748344,
      "avg_trusted_neighbors": 2977.463245033113,
      "avg_union_neighbors": 5264.426158940398,
      "avg_false_neighbor_ratio": 0.43441827178512377,
      "isolated_nodes": 0.0,
      "mode": "union"
    },
    {
      "avg_item_neighbors": 3668.8354304635764,
      "avg_interest_neighbors": 3816.0175496688744,
      "avg_trusted_neighbors": 2301.3847682119203,
      "avg_union_neighbors": 5183.46821192053,
      "avg_false_neighbor_ratio": 0.5560144918185516,
      "isolated_nodes": 0.0,
      "mode": "union"
    },
    {
      "avg_item_neighbors": 3390.802317880795,
      "avg_interest_neighbors": 3777.969867549669,
      "avg_trusted_neighbors": 2013.9682119205297,
      "avg_union_neighbors": 5154.803973509934,
      "avg_false_neighbor_ratio": 0.6093026578178087,
      "isolated_nodes": 0.0,
      "mode": "union"
    },
    {
      "avg_item_neighbors": 3313.060927152318,
      "avg_interest_neighbors": 3764.9205298013244,
      "avg_trusted_neighbors": 1933.3615894039735,
      "avg_union_neighbors": 5144.619867549669,
      "avg_false_neighbor_ratio": 0.6241973869441952,
      "isolated_nodes": 0.0,
      "mode": "union"
    },
    {
      "avg_item_neighbors": 3383.5344370860926,
      "avg_interest_neighbors": 3774.1668874172187,
      "avg_trusted_neighbors": 1997.593046357616,
      "avg_union_neighbors": 5160.108278145695,
      "avg_false_neighbor_ratio": 0.6128776880869138,
      "isolated_nodes": 0.0,
      "mode": "union"
    },
    {
      "avg_item_neighbors": 3480.6523178807947,
      "avg_interest_neighbors": 3737.03178807947,
      "avg_trusted_neighbors": 2089.614900662252,
      "avg_union_neighbors": 5128.069205298013,
      "avg_false_neighbor_ratio": 0.5925142939757156,
      "isolated_nodes": 0.0,
      "mode": "union"
    },
    {
      "avg_item_neighbors": 3427.5420529801327,
      "avg_interest_neighbors": 3677.7675496688744,
      "avg_trusted_neighbors": 2064.1854304635763,
      "avg_union_neighbors": 5041.12417218543,
      "avg_false_neighbor_ratio": 0.5905307308530927,
      "isolated_nodes": 0.0,
      "mode": "union"
    },
    {
      "avg_item_neighbors": 3390.453973509934,
      "avg_interest_neighbors": 3626.0506622516555,
      "avg_trusted_neighbors": 2060.696357615894,
      "avg_union_neighbors": 4955.808278145695,
      "avg_false_neighbor_ratio": 0.5841856177723364,
      "isolated_nodes": 0.0,
      "mode": "union"
    },
    {
      "avg_item_neighbors": 3316.473841059603,
      "avg_interest_neighbors": 3580.8347682119206,
      "avg_trusted_neighbors": 2015.9728476821192,
      "avg_union_neighbors": 4881.335761589404,
      "avg_false_neighbor_ratio": 0.5870038558819192,
      "isolated_nodes": 0.0,
      "mode": "union"
    },
    {
      "avg_item_neighbors": 3308.6956953642384,
      "avg_interest_neighbors": 3560.9009933774832,
      "avg_trusted_neighbors": 2035.8652317880794,
      "avg_union_neighbors": 4833.731456953642,
      "avg_false_neighbor_ratio": 0.5788211964362744,
      "isolated_nodes": 0.0,
      "mode": "union"
    },
    {
      "avg_item_neighbors": 3267.337417218543,
      "avg_interest_neighbors": 3540.2274834437085,
      "avg_trusted_neighbors": 2027.7,
      "avg_union_neighbors": 4779.864900662252,
      "avg_false_neighbor_ratio": 0.5757829892390762,
      "isolated_nodes": 0.0,
      "mode": "union"
    },
    {
      "avg_item_neighbors": 3245.8119205298012,
      "avg_interest_neighbors": 3547.193377483444,
      "avg_trusted_neighbors": 2022.5801324503311,
      "avg_union_neighbors": 4770.425165562914,
      "avg_false_neighbor_ratio": 0.5760167988691915,
      "isolated_nodes": 0.0,
      "mode": "union"
    },
    {
      "avg_item_neighbors": 3248.046357615894,
      "avg_interest_neighbors": 3577.140397350993,
      "avg_trusted_neighbors": 2040.8056291390728,
      "avg_union_neighbors": 4784.381125827815,
      "avg_false_neighbor_ratio": 0.5734441769026158,
      "isolated_nodes": 0.0,
      "mode": "union"
    },
    {
      "avg_item_neighbors": 3234.9758278145696,
      "avg_interest_neighbors": 3622.0023178807946,
      "avg_trusted_neighbors": 2064.8761589403975,
      "avg_union_neighbors": 4792.101986754967,
      "avg_false_neighbor_ratio": 0.5691084695927654,
      "isolated_nodes": 0.0,
      "mode": "union"
    },
    {
      "avg_item_neighbors": 3232.417549668874,
      "avg_interest_neighbors": 3676.2152317880796,
      "avg_trusted_neighbors": 2113.071854304636,
      "avg_union_neighbors": 4795.560927152318,
      "avg_false_neighbor_ratio": 0.559369198639415,
      "isolated_nodes": 0.0,
      "mode": "union"
    }
  ],
  "final_false_neighbor_ratio": 0.559369198639415,
  "final_avg_trusted_neighbors": 2113.071854304636,
  "final_isolated_nodes": 0,
  "epsilon_per_round": null,
  "epsilon_total_naive": null,
  "dp_composition": null,
  "config": {
    "alias": "M1_sim_union",
    "clients_sample_ratio": 1,
    "clients_sample_num": 0,
    "num_round": 15,
    "local_epoch": 1,
    "neighborhood_size": 0,
    "neighborhood_threshold": 1.0,
    "mp_layers": 1,
    "similarity_metric": "cosine",
    "reg": 1.0,
    "lr_eta": 80,
    "batch_size": 256,
    "optimizer": "sgd",
    "lr": 0.1,
    "dataset": "ml-1m",
    "num_users": 6040,
    "num_items": 3706,
    "latent_dim": 32,
    "num_negative": 12,
    "layers": [
      96,
      32,
      16,
      8
    ],
    "l2_regularization": 0.0,
    "dp": 0.0,
    "use_cuda": false,
    "device_id": 0,
    "model_dir": "checkpoints/{}_Epoch{}_HR{:.4f}_NDCG{:.4f}.model",
    "alpha": 0.5,
    "no_attention": false,
    "no_graph": false,
    "graph_fusion": "union",
    "graph_semantic": "similarity",
    "history_len": 5,