{
  "tag": "D4_dp_0.05",
  "alias": "D4_dp_0.05",
  "dataset": "100k",
  "num_round_requested": 25,
  "num_round_actual": 25,
  "best_round": 24,
  "best_test_hr": 0.40402969247083775,
  "best_test_ndcg": 0.19797682328223024,
  "best_val_hr": 0.471898197242842,
  "hr_list": [
    0.11770943796394485,
    0.13467656415694593,
    0.14952279957582185,
    0.17073170731707318,
    0.15906680805938495,
    0.20360551431601273,
    0.20254506892895016,
    0.24284199363732767,
    0.2608695652173913,
    0.2979851537645811,
    0.29374337221633084,
    0.32237539766702017,
    0.3340402969247084,
    0.35100742311770944,
    0.3266171792152704,
    0.36267232237539765,
    0.3753976670201485,
    0.36903499469777307,
    0.3944856839872747,
    0.3955461293743372,
    0.4019088016967126,
    0.41145281018027574,
    0.3902439024390244,
    0.42311770943796395,
    0.40402969247083775
  ],
  "ndcg_list": [
    0.05345868085007483,
    0.06351893875273142,
    0.0683549346928673,
    0.09191441884922155,
    0.08450941427315711,
    0.11105758277570414,
    0.11141101391337552,
    0.13198796691298614,
    0.14148944420765244,
    0.1654832439979768,
    0.157402531452063,
    0.17525794593461727,
    0.17439777912818463,
    0.1864369168509762,
    0.1706280133612839,
    0.18675016388473353,
    0.1992146545224001,
    0.19414567985040834,
    0.20037947635280057,
    0.2066319995011131,
    0.19898753987528467,
    0.2072912005365174,
    0.19628132936864343,
    0.21553525478205074,
    0.19797682328223024
  ],
  "val_hr_list": [
    0.10180275715800637,
    0.12937433722163308,
    0.11558854718981973,
    0.13997879109225875,
    0.15270413573700956,
    0.18663838812301167,
    0.22481442205726404,
    0.264050901378579,
    0.2799575821845175,
    0.31601272534464475,
    0.34782608695652173,
    0.36585365853658536,
    0.3647932131495228,
    0.3955461293743372,
    0.3870625662778367,
    0.4093319194061506,
    0.4305408271474019,
    0.4178154825026511,
    0.4337221633085896,
    0.42311770943796395,
    0.4305408271474019,
    0.4411452810180276,
    0.4485683987274655,
    0.4496288441145281,
    0.471898197242842
  ],
  "val_ndcg_list": [
    0.04602956683499871,
    0.06299923902815319,
    0.055149794855439485,
    0.0728238276020527,
    0.07894168432981848,
    0.10471939984470832,
    0.11818245376462803,
    0.13912627686301796,
    0.15594619440111165,
    0.1705732572615238,
    0.18693087718023313,
    0.18689192031418164,
    0.18976600412959765,
    0.2113182860266345,
    0.2038540113020457,
    0.2050287198655434,
    0.22232554925911904,
    0.21490782805380082,
    0.22432233117171752,
    0.21762888695252644,
    0.22534876086520456,
    0.22486965558490776,
    0.23085803123261486,
    0.23315619360999343,
    0.24411695938737346
  ],
  "upload_bytes_per_round": [
    203144832,
    203144832,
    203144832,
    203144832,
    203144832,
    203144832,
    203144832,
    203144832,
    203144832,
    203144832,
    203144832,
    203144832,
    203144832,
    203144832,
    203144832,
    203144832,
    203144832,
    203144832,
    203144832,
    203144832,
    203144832,
    203144832,
    203144832,
    203144832,
    203144832
  ],
  "total_upload_bytes": 5078620800,
  "aggregate_stats_per_round": [
    {
      "avg_item_neighbors": 256.8610816542948,
      "avg_interest_neighbors": 260.60233297985155,
      "avg_trusted_neighbors": 78.35206786850478,
      "avg_union_neighbors": 439.11134676564154,
      "avg_false_neighbor_ratio": 0.8215667428190552,
      "isolated_nodes": 0.0,
      "mode": "intersection"
    },
    {
      "avg_item_neighbors": 331.762460233298,
      "avg_interest_neighbors": 357.2682926829268,
      "avg_trusted_neighbors": 130.8525980911983,
      "avg_union_neighbors": 558.1781548250265,
      "avg_false_neighbor_ratio": 0.7655719827799119,
      "isolated_nodes": 0.0,
      "mode": "intersection"
    },
    {
      "avg_item_neighbors": 360.9247083775186,
      "avg_interest_neighbors": 365.3679745493107,
      "avg_trusted_neighbors": 139.93001060445388,
      "avg_union_neighbors": 586.3626723223754,
      "avg_false_neighbor_ratio": 0.7613592794878287,
      "isolated_nodes": 0.0,
      "mode": "intersection"
    },
    {
      "avg_item_neighbors": 391.558854718982,
      "avg_interest_neighbors": 352.5980911983033,
      "avg_trusted_neighbors": 139.78791092258749,
      "avg_union_neighbors": 604.3690349946978,
      "avg_false_neighbor_ratio": 0.7687043795620438,
      "isolated_nodes": 0.0,
      "mode": "intersection"
    },
    {
      "avg_item_neighbors": 455.762460233298,
      "avg_interest_neighbors": 344.9459172852598,
      "avg_trusted_neighbors": 175.72216330858961,
      "avg_union_neighbors": 624.9862142099682,
      "avg_false_neighbor_ratio": 0.718838337049216,
      "isolated_nodes": 0.0,
      "mode": "intersection"
    },
    {
      "avg_item_neighbors": 437.1155885471898,
      "avg_interest_neighbors": 344.7783669141039,
      "avg_trusted_neighbors": 207.36373276776246,
      "avg_union_neighbors": 574.5302226935313,
      "avg_false_neighbor_ratio": 0.639072542092576,
      "isolated_nodes": 0.0,
      "mode": "intersection"
    },
    {
      "avg_item_neighbors": 394.1484623541888,
      "avg_interest_neighbors": 341.49946977730644,
      "avg_trusted_neighbors": 172.5387062566278,
      "avg_union_neighbors": 563.1092258748674,
      "avg_false_neighbor_ratio": 0.6935963782362734,
      "isolated_nodes": 0.0,
      "mode": "intersection"
    },
    {
      "avg_item_neighbors": 351.7030752916225,
      "avg_interest_neighbors": 333.53976670201484,
      "avg_trusted_neighbors": 140.15906680805938,
      "avg_union_neighbors": 545.0837751855779,
      "avg_false_neighbor_ratio": 0.7428669258035774,
      "isolated_nodes": 0.0,
      "mode": "intersection"
    },
    {
      "avg_item_neighbors": 382.3966065747614,
      "avg_interest_neighbors": 329.5206786850477,
      "avg_trusted_neighbors": 180.72110286320253,
      "avg_union_neighbors": 531.1961823966066,
      "avg_false_neighbor_ratio": 0.6597846354093884,
      "isolated_nodes": 0.0,
      "mode": "intersection"
    },
    {
      "avg_item_neighbors": 352.3711558854719,
      "avg_interest_neighbors": 327.5100742311771,
      "avg_trusted_neighbors": 145.4422057264051,
      "avg_union_neighbors": 534.439024390244,
      "avg_false_neighbor_ratio": 0.727860056828103,
      "isolated_nodes": 0.0,
      "mode": "intersection"
    },
    {
      "avg_item_neighbors": 331.96182396606577,
      "avg_interest_neighbors": 325.78366914103924,
      "avg_trusted_neighbors": 139.22587486744433,
      "avg_union_neighbors": 518.5196182396606,
      "avg_false_neighbor_ratio": 0.7314935250856914,
      "isolated_nodes": 0.0,
      "mode": "intersection"
    },
    {
      "avg_item_neighbors": 339.58006362672324,
      "avg_interest_neighbors": 321.9066808059385,
      "avg_trusted_neighbors": 130.40721102863202,
      "avg_union_neighbors": 531.0795334040297,
      "avg_false_neighbor_ratio": 0.7544488107218734,
      "isolated_nodes": 0.0,
      "mode": "intersection"
    },
    {
      "avg_item_neighbors": 350.016967126193,
      "avg_interest_neighbors": 328.6489925768823,
      "avg_trusted_neighbors": 140.58536585365854,
      "avg_union_neighbors": 538.0805938494168,
      "avg_false_neighbor_ratio": 0.7387280502946335,
      "isolated_nodes": 0.0,
      "mode": "intersection"
    },
    {
      "avg_item_neighbors": 336.40933191940616,
      "avg_interest_neighbors": 335.6648992576882,
      "avg_trusted_neighbors": 144.83775185577943,
      "avg_union_neighbors": 527.236479321315,
      "avg_false_neighbor_ratio": 0.7252888266718157,
      "isolated_nodes": 0.0,
      "mode": "intersection"
    },
    {
      "avg_item_neighbors": 339.34676564156945,
      "avg_interest_neighbors": 333.5164369034995,
      "avg_trusted_neighbors": 150.78048780487805,
      "avg_union_neighbors": 522.0827147401909,