{
  "tag": "H2_attn_len10",
  "alias": "H2_attn_len10",
  "dataset": "100k",
  "num_round_requested": 25,
  "num_round_actual": 25,
  "best_round": 24,
  "best_test_hr": 0.3488865323435843,
  "best_test_ndcg": 0.17239459999199938,
  "best_val_hr": 0.3828207847295864,
  "hr_list": [
    0.11558854718981973,
    0.11452810180275716,
    0.14103923647932132,
    0.14422057264050903,
    0.1664899257688229,
    0.18133616118769882,
    0.21527041357370094,
    0.24814422057264052,
    0.28844114528101805,
    0.2788971367974549,
    0.3170731707317073,
    0.3107104984093319,
    0.30328738069989397,
    0.3255567338282078,
    0.32237539766702017,
    0.3329798515376458,
    0.3488865323435843,
    0.33191940615058324,
    0.3637327677624602,
    0.3372216330858961,
    0.3679745493107105,
    0.36903499469777307,
    0.3679745493107105,
    0.3616118769883351,
    0.3488865323435843
  ],
  "ndcg_list": [
    0.0512100670050676,
    0.05562920542597742,
    0.06632554242272183,
    0.06908813143807996,
    0.08528533546468736,
    0.09148291875035892,
    0.11076061714807972,
    0.12623036354711542,
    0.1508680872422251,
    0.14336227983366776,
    0.1602428706147211,
    0.15163965322582265,
    0.15638975717520856,
    0.1673092173594442,
    0.15971812158496138,
    0.16689430600780622,
    0.1768300023920702,
    0.16695259762504414,
    0.1767525845469654,
    0.1779963792561621,
    0.18990862542848122,
    0.18622255890389308,
    0.18603073635844158,
    0.18659788614787032,
    0.17239459999199938
  ],
  "val_hr_list": [
    0.10286320254506894,
    0.11134676564156946,
    0.11664899257688228,
    0.1420996818663839,
    0.18663838812301167,
    0.18663838812301167,
    0.22905620360551432,
    0.264050901378579,
    0.2799575821845175,
    0.3149522799575822,
    0.3213149522799576,
    0.30965005302226933,
    0.33510074231177095,
    0.3340402969247084,
    0.3372216330858961,
    0.34676564156945916,
    0.35418875927889715,
    0.3637327677624602,
    0.3552492046659597,
    0.352067868504772,
    0.3743372216330859,
    0.3605514316012725,
    0.37645811240721105,
    0.3722163308589608,
    0.3828207847295864
  ],
  "val_ndcg_list": [
    0.04780047590335566,
    0.051702577448114954,
    0.05873395640034381,
    0.07328614033630405,
    0.09787260645486438,
    0.09722994219555713,
    0.12054693337046159,
    0.13566658481508329,
    0.15049303167325914,
    0.1555137179769813,
    0.16765216717458808,
    0.15200641248793695,
    0.16900941465787256,
    0.15867581212806295,
    0.16829231037541828,
    0.1675981905264358,
    0.16591072588561473,
    0.17279104737611248,
    0.161699924087458,
    0.16521137978663605,
    0.17651876443744996,
    0.17148854550161827,
    0.17713597992979913,
    0.1708676099165354,
    0.17875810183101848
  ],
  "upload_bytes_per_round": [
    203144832,
    203144832,
    203144832,
    203144832,
    203144832,
    203144832,
    203144832,
    203144832,
    203144832,
    203144832,
    203144832,
    203144832,
    203144832,
    203144832,
    203144832,
    203144832,
    203144832,
    203144832,
    203144832,
    203144832,
    203144832,
    203144832,
    203144832,
    203144832,
    203144832
  ],
  "total_upload_bytes": 5078620800,
  "aggregate_stats_per_round": [
    {
      "avg_item_neighbors": 343.3594909862142,
      "avg_interest_neighbors": 258.95864262990455,
      "avg_trusted_neighbors": 73.51219512195122,
      "avg_union_neighbors": 528.8059384941675,
      "avg_false_neighbor_ratio": 0.8609845507195225,
      "isolated_nodes": 0.0,
      "mode": "intersection"
    },
    {
      "avg_item_neighbors": 412.6320254506893,
      "avg_interest_neighbors": 355.2576882290562,
      "avg_trusted_neighbors": 154.17391304347825,
      "avg_union_neighbors": 613.7158006362672,
      "avg_false_neighbor_ratio": 0.748786143547813,
      "isolated_nodes": 0.0,
      "mode": "intersection"
    },
    {
      "avg_item_neighbors": 524.6193001060445,
      "avg_interest_neighbors": 364.47720042417814,
      "avg_trusted_neighbors": 334.32661717921525,
      "avg_union_neighbors": 554.7698833510075,
      "avg_false_neighbor_ratio": 0.39735982934083663,
      "isolated_nodes": 0.0,
      "mode": "intersection"
    },
    {
      "avg_item_neighbors": 534.8886532343585,
      "avg_interest_neighbors": 359.2725344644751,
      "avg_trusted_neighbors": 245.18557794273596,
      "avg_union_neighbors": 648.9756097560976,
      "avg_false_neighbor_ratio": 0.6221960051243169,
      "isolated_nodes": 0.0,
      "mode": "intersection"
    },
    {
      "avg_item_neighbors": 543.8197242841993,
      "avg_interest_neighbors": 351.52279957582186,
      "avg_trusted_neighbors": 328.2969247083775,
      "avg_union_neighbors": 567.0455991516437,
      "avg_false_neighbor_ratio": 0.42103963914094,
      "isolated_nodes": 0.0,
      "mode": "intersection"
    },
    {
      "avg_item_neighbors": 355.4528101802757,
      "avg_interest_neighbors": 348.475079533404,
      "avg_trusted_neighbors": 173.03923647932132,
      "avg_union_neighbors": 530.8886532343585,
      "avg_false_neighbor_ratio": 0.6740573839257892,
      "isolated_nodes": 0.0,
      "mode": "intersection"
    },
    {
      "avg_item_neighbors": 469.93425238600213,
      "avg_interest_neighbors": 345.6648992576882,
      "avg_trusted_neighbors": 261.8515376458112,
      "avg_union_neighbors": 553.7476139978791,
      "avg_false_neighbor_ratio": 0.5271283685444211,
      "isolated_nodes": 0.0,
      "mode": "intersection"
    },
    {
      "avg_item_neighbors": 324.46871686108165,
      "avg_interest_neighbors": 337.34888653234356,
      "avg_trusted_neighbors": 177.37857900318133,
      "avg_union_neighbors": 484.4390243902439,
      "avg_false_neighbor_ratio": 0.6338474605210737,
      "isolated_nodes": 0.0,
      "mode": "intersection"
    },
    {
      "avg_item_neighbors": 325.7221633085896,
      "avg_interest_neighbors": 331.08377518557796,
      "avg_trusted_neighbors": 146.49628844114528,
      "avg_union_neighbors": 510.30965005302227,
      "avg_false_neighbor_ratio": 0.7129266741753286,
      "isolated_nodes": 0.0,
      "mode": "intersection"
    },
    {
      "avg_item_neighbors": 306.8716861081654,
      "avg_interest_neighbors": 324.1420996818664,
      "avg_trusted_neighbors": 131.91092258748674,
      "avg_union_neighbors": 499.10286320254505,
      "avg_false_neighbor_ratio": 0.7357039353750313,
      "isolated_nodes": 0.0,
      "mode": "intersection"
    },
    {
      "avg_item_neighbors": 283.0116648992577,
      "avg_interest_neighbors": 319.1071049840933,
      "avg_trusted_neighbors": 108.98409331919406,
      "avg_union_neighbors": 493.13467656415696,
      "avg_false_neighbor_ratio": 0.7789973033765853,
      "isolated_nodes": 0.0,
      "mode": "intersection"
    },
    {
      "avg_item_neighbors": 282.07423117709436,
      "avg_interest_neighbors": 317.0562036055143,
      "avg_trusted_neighbors": 109.11983032873808,
      "avg_union_neighbors": 490.0106044538706,
      "avg_false_neighbor_ratio": 0.7773112880886427,
      "isolated_nodes": 0.0,
      "mode": "intersection"
    },
    {
      "avg_item_neighbors": 263.15376458112405,
      "avg_interest_neighbors": 313.4146341463415,
      "avg_trusted_neighbors": 99.70307529162248,
      "avg_union_neighbors": 476.86532343584304,
      "avg_false_neighbor_ratio": 0.7909198459362574,
      "isolated_nodes": 0.0,
      "mode": "intersection"
    },
    {
      "avg_item_neighbors": 254.34994697773064,
      "avg_interest_neighbors": 313.29374337221634,
      "avg_trusted_neighbors": 97.2916224814422,
      "avg_union_neighbors": 470.3520678685048,
      "avg_false_neighbor_ratio": 0.7931514941087879,
      "isolated_nodes": 0.0,
      "mode": "intersection"
    },
    {
      "avg_item_neighbors": 329.6055143160127,
      "avg_interest_neighbors": 310.5874867444327,
      "avg_trusted_neighbors": 123.47189819724284,