{
  "tag": "H3_attn_len20",
  "alias": "H3_attn_len20",
  "dataset": "100k",
  "num_round_requested": 25,
  "num_round_actual": 25,
  "best_round": 23,
  "best_test_hr": 0.3022269353128314,
  "best_test_ndcg": 0.1508390359196344,
  "best_val_hr": 0.33828207847295866,
  "hr_list": [
    0.10604453870625663,
    0.1102863202545069,
    0.10922587486744433,
    0.1357370095440085,
    0.12513255567338283,
    0.14634146341463414,
    0.15906680805938495,
    0.1664899257688229,
    0.19724284199363734,
    0.18875927889713678,
    0.21208907741251326,
    0.22799575821845175,
    0.23753976670201485,
    0.2598091198303287,
    0.2545068928950159,
    0.25874867444326616,
    0.2608695652173913,
    0.2682926829268293,
    0.28525980911983034,
    0.28101802757158006,
    0.28207847295864263,
    0.30328738069989397,
    0.2799575821845175,
    0.3022269353128314,
    0.2990455991516437
  ],
  "ndcg_list": [
    0.0501604141108049,
    0.05180530103502822,
    0.04764522227054923,
    0.06483964191176664,
    0.060669335897051827,
    0.06884345070189091,
    0.07745274867973226,
    0.08593147484502489,
    0.09694610114080214,
    0.09360421235512341,
    0.10697677003686752,
    0.10833806896327991,
    0.11838563881334535,
    0.1260086173751022,
    0.12415407600847712,
    0.12529743873572785,
    0.12463582149166173,
    0.13804274354881288,
    0.14422927987622206,
    0.14293538103460515,
    0.14323209888872518,
    0.15024590634861332,
    0.1438990805998222,
    0.1508390359196344,
    0.14707905860756484
  ],
  "val_hr_list": [
    0.10286320254506894,
    0.11134676564156946,
    0.11876988335100742,
    0.12301166489925769,
    0.15800636267232238,
    0.14846235418875928,
    0.16542948038176034,
    0.2142099681866384,
    0.2301166489925769,
    0.22799575821845175,
    0.26935312831389185,
    0.25874867444326616,
    0.28950159066808057,
    0.2788971367974549,
    0.3064687168610817,
    0.28950159066808057,
    0.29374337221633084,
    0.30116648992576883,
    0.3329798515376458,
    0.3244962884411453,
    0.33085896076352067,
    0.3255567338282078,
    0.3244962884411453,
    0.33828207847295866,
    0.3149522799575822
  ],
  "val_ndcg_list": [
    0.04711018677571873,
    0.05000101448394987,
    0.05713670243732594,
    0.05673866077682683,
    0.07862429663119297,
    0.06765659280084498,
    0.08779307840737353,
    0.10742570716662021,
    0.11219577307817422,
    0.112174905769861,
    0.13550128248570334,
    0.12319548390763739,
    0.14114351822213209,
    0.1393818256622245,
    0.1527634083101064,
    0.13863819358987553,
    0.14609517629565993,
    0.14746981432450715,
    0.1607607136525914,
    0.16827236950314162,
    0.15946829756394415,
    0.15860392209933555,
    0.16027711069513031,
    0.1677366395711415,
    0.1574063373346629
  ],
  "upload_bytes_per_round": [
    203144832,
    203144832,
    203144832,
    203144832,
    203144832,
    203144832,
    203144832,
    203144832,
    203144832,
    203144832,
    203144832,
    203144832,
    203144832,
    203144832,
    203144832,
    203144832,
    203144832,
    203144832,
    203144832,
    203144832,
    203144832,
    203144832,
    203144832,
    203144832,
    203144832
  ],
  "total_upload_bytes": 5078620800,
  "aggregate_stats_per_round": [
    {
      "avg_item_neighbors": 473.0180275715801,
      "avg_interest_neighbors": 257.83032873806997,
      "avg_trusted_neighbors": 90.033934252386,
      "avg_union_neighbors": 640.8144220572641,
      "avg_false_neighbor_ratio": 0.8595007678457954,
      "isolated_nodes": 10.0,
      "mode": "intersection"
    },
    {
      "avg_item_neighbors": 530.5132555673383,
      "avg_interest_neighbors": 344.0551431601273,
      "avg_trusted_neighbors": 182.46871686108165,
      "avg_union_neighbors": 692.0996818663839,
      "avg_false_neighbor_ratio": 0.7363548609515054,
      "isolated_nodes": 0.0,
      "mode": "intersection"
    },
    {
      "avg_item_neighbors": 559.9872746553552,
      "avg_interest_neighbors": 365.8621420996819,
      "avg_trusted_neighbors": 354.8335100742312,
      "avg_union_neighbors": 571.015906680806,
      "avg_false_neighbor_ratio": 0.3785925997459459,
      "isolated_nodes": 0.0,
      "mode": "intersection"
    },
    {
      "avg_item_neighbors": 562.6362672322375,
      "avg_interest_neighbors": 367.2492046659597,
      "avg_trusted_neighbors": 363.3001060445387,
      "avg_union_neighbors": 566.5853658536586,
      "avg_false_neighbor_ratio": 0.3587901701323251,
      "isolated_nodes": 0.0,
      "mode": "intersection"
    },
    {
      "avg_item_neighbors": 548.9756097560976,
      "avg_interest_neighbors": 365.711558854719,
      "avg_trusted_neighbors": 359.8388123011665,
      "avg_union_neighbors": 554.8483563096501,
      "avg_false_neighbor_ratio": 0.3514645790887998,
      "isolated_nodes": 0.0,
      "mode": "intersection"
    },
    {
      "avg_item_neighbors": 539.7942735949099,
      "avg_interest_neighbors": 362.6998939554613,
      "avg_trusted_neighbors": 356.3923647932132,
      "avg_union_neighbors": 546.101802757158,
      "avg_false_neighbor_ratio": 0.34738841184215125,
      "isolated_nodes": 0.0,
      "mode": "intersection"
    },
    {
      "avg_item_neighbors": 510.06150583244965,
      "avg_interest_neighbors": 364.8313891834571,
      "avg_trusted_neighbors": 336.41569459172854,
      "avg_union_neighbors": 538.4772004241781,
      "avg_false_neighbor_ratio": 0.3752461676618405,
      "isolated_nodes": 0.0,
      "mode": "intersection"
    },
    {
      "avg_item_neighbors": 510.6256627783669,
      "avg_interest_neighbors": 367.77942735949097,
      "avg_trusted_neighbors": 328.1993637327678,
      "avg_union_neighbors": 550.2057264050901,
      "avg_false_neighbor_ratio": 0.40349700488007956,
      "isolated_nodes": 0.0,
      "mode": "intersection"
    },
    {
      "avg_item_neighbors": 482.56839872746554,
      "avg_interest_neighbors": 370.9247083775186,
      "avg_trusted_neighbors": 311.966065747614,
      "avg_union_neighbors": 541.5270413573701,
      "avg_false_neighbor_ratio": 0.4239141503152783,
      "isolated_nodes": 0.0,
      "mode": "intersection"
    },
    {
      "avg_item_neighbors": 351.3679745493107,
      "avg_interest_neighbors": 370.3287380699894,
      "avg_trusted_neighbors": 168.79745493107106,
      "avg_union_neighbors": 552.899257688229,
      "avg_false_neighbor_ratio": 0.6947048624430362,
      "isolated_nodes": 0.0,
      "mode": "intersection"
    },
    {
      "avg_item_neighbors": 425.6564156945917,
      "avg_interest_neighbors": 370.79957582184517,
      "avg_trusted_neighbors": 295.53340402969246,
      "avg_union_neighbors": 500.9225874867444,
      "avg_false_neighbor_ratio": 0.41002180494104196,
      "isolated_nodes": 0.0,
      "mode": "intersection"
    },
    {
      "avg_item_neighbors": 395.9088016967126,
      "avg_interest_neighbors": 370.6299045599152,
      "avg_trusted_neighbors": 242.9968186638388,
      "avg_union_neighbors": 523.541887592789,
      "avg_false_neighbor_ratio": 0.5358598339072311,
      "isolated_nodes": 0.0,
      "mode": "intersection"
    },
    {
      "avg_item_neighbors": 378.55567338282077,
      "avg_interest_neighbors": 369.1983032873807,
      "avg_trusted_neighbors": 225.83032873807,
      "avg_union_neighbors": 521.9236479321315,
      "avg_false_neighbor_ratio": 0.5673115605456607,
      "isolated_nodes": 0.0,
      "mode": "intersection"
    },
    {
      "avg_item_neighbors": 311.00318133616116,
      "avg_interest_neighbors": 367.43160127253446,
      "avg_trusted_neighbors": 171.80275715800636,
      "avg_union_neighbors": 506.6320254506893,
      "avg_false_neighbor_ratio": 0.6608924258090985,
      "isolated_nodes": 0.0,
      "mode": "intersection"
    },
    {
      "avg_item_neighbors": 251.82820784729586,
      "avg_interest_neighbors": 366.26299045599154,
      "avg_trusted_neighbors": 130.27783669141039,