{
  "tag": "S3_soft_beta_0.85",
  "alias": "S3_soft_beta_0.85",
  "dataset": "100k",
  "num_round_requested": 25,
  "num_round_actual": 25,
  "best_round": 24,
  "best_test_hr": 0.44538706256627786,
  "best_test_ndcg": 0.22292100990210728,
  "best_val_hr": 0.4984093319194062,
  "hr_list": [
    0.11770943796394485,
    0.13361611876988336,
    0.14528101802757157,
    0.14846235418875928,
    0.15800636267232238,
    0.20572640509013787,
    0.22269353128313893,
    0.264050901378579,
    0.29692470837751855,
    0.32873806998939553,
    0.32767762460233296,
    0.34676564156945916,
    0.3647932131495228,
    0.37751855779427357,
    0.3860021208907741,
    0.3934252386002121,
    0.4029692470837752,
    0.41039236479321317,
    0.4146341463414634,
    0.4305408271474019,
    0.4220572640509014,
    0.4305408271474019,
    0.42948038176033937,
    0.42311770943796395,
    0.44538706256627786
  ],
  "ndcg_list": [
    0.05345868085007483,
    0.06162686614311498,
    0.06917389593055112,
    0.072851012590052,
    0.08247783350290368,
    0.11177615726021571,
    0.13024503742714738,
    0.1445133926433176,
    0.16839621598577934,
    0.18301300003738954,
    0.17509663513932966,
    0.1891924036094363,
    0.19265847588322177,
    0.1960011549388924,
    0.201522043138207,
    0.20757899362844082,
    0.20899537558711093,
    0.2169319476846732,
    0.2123817023229169,
    0.22613784736031517,
    0.2236556121403316,
    0.22688382264000298,
    0.2248586015071499,
    0.22097014160751094,
    0.22292100990210728
  ],
  "val_hr_list": [
    0.10180275715800637,
    0.11134676564156946,
    0.12089077412513255,
    0.13891834570519618,
    0.16012725344644752,
    0.17815482502651114,
    0.20784729586426298,
    0.2608695652173913,
    0.2926829268292683,
    0.32025450689289503,
    0.3531283138918346,
    0.36903499469777307,
    0.39766702014846234,
    0.4209968186638388,
    0.41251325556733826,
    0.42948038176033937,
    0.43902439024390244,
    0.45068928950159065,
    0.4623541887592789,
    0.4687168610816543,
    0.4634146341463415,
    0.4835630965005302,
    0.4909862142099682,
    0.48568398727465534,
    0.4984093319194062
  ],
  "val_ndcg_list": [
    0.04602956683499871,
    0.053326250050331474,
    0.05898912715603894,
    0.07150188239651722,
    0.0891159198523644,
    0.0954231955009823,
    0.11786701830752076,
    0.14038955679972168,
    0.15921500813358527,
    0.17046975173610154,
    0.19384864277658592,
    0.19898350763489908,
    0.20970775342977607,
    0.22164765941873152,
    0.22090070687030242,
    0.22351494266038358,
    0.22714985057957723,
    0.23830092349857487,
    0.2405406530225063,
    0.23757455967263827,
    0.23924251414822256,
    0.24918869404776153,
    0.2529896711501927,
    0.24337823308622425,
    0.25573427499646495
  ],
  "upload_bytes_per_round": [
    203144832,
    203144832,
    203144832,
    203144832,
    203144832,
    203144832,
    203144832,
    203144832,
    203144832,
    203144832,
    203144832,
    203144832,
    203144832,
    203144832,
    203144832,
    203144832,
    203144832,
    203144832,
    203144832,
    203144832,
    203144832,
    203144832,
    203144832,
    203144832,
    203144832
  ],
  "total_upload_bytes": 5078620800,
  "aggregate_stats_per_round": [
    {
      "avg_item_neighbors": 257.1389183457052,
      "avg_interest_neighbors": 260.60233297985155,
      "avg_trusted_neighbors": 78.44326617179215,
      "avg_union_neighbors": 439.29798515376456,
      "avg_false_neighbor_ratio": 0.8214349511656986,
      "isolated_nodes": 0.0,
      "mode": "soft_intersection"
    },
    {
      "avg_item_neighbors": 339.43160127253446,
      "avg_interest_neighbors": 357.78366914103924,
      "avg_trusted_neighbors": 127.16436903499469,
      "avg_union_neighbors": 570.050901378579,
      "avg_false_neighbor_ratio": 0.7769245365151295,
      "isolated_nodes": 0.0,
      "mode": "soft_intersection"
    },
    {
      "avg_item_neighbors": 382.56415694591726,
      "avg_interest_neighbors": 365.25132555673383,
      "avg_trusted_neighbors": 153.69247083775187,
      "avg_union_neighbors": 594.1230116648993,
      "avg_false_neighbor_ratio": 0.7413120383823167,
      "isolated_nodes": 0.0,
      "mode": "soft_intersection"
    },
    {
      "avg_item_neighbors": 373.97879109225875,
      "avg_interest_neighbors": 354.4050901378579,
      "avg_trusted_neighbors": 136.34782608695653,
      "avg_union_neighbors": 592.0360551431602,
      "avg_false_neighbor_ratio": 0.7696967525837827,
      "isolated_nodes": 0.0,
      "mode": "soft_intersection"
    },
    {
      "avg_item_neighbors": 353.3594909862142,
      "avg_interest_neighbors": 346.41569459172854,
      "avg_trusted_neighbors": 121.46765641569459,
      "avg_union_neighbors": 578.3075291622481,
      "avg_false_neighbor_ratio": 0.7899600985799788,
      "isolated_nodes": 0.0,
      "mode": "soft_intersection"
    },
    {
      "avg_item_neighbors": 361.61611876988337,
      "avg_interest_neighbors": 346.12937433722163,
      "avg_trusted_neighbors": 121.25344644750795,
      "avg_union_neighbors": 586.492046659597,
      "avg_false_neighbor_ratio": 0.7932564522603253,
      "isolated_nodes": 0.0,
      "mode": "soft_intersection"
    },
    {
      "avg_item_neighbors": 350.5047720042418,
      "avg_interest_neighbors": 343.24284199363734,
      "avg_trusted_neighbors": 124.51749734888654,
      "avg_union_neighbors": 569.2301166489925,
      "avg_false_neighbor_ratio": 0.781252794420102,
      "isolated_nodes": 0.0,
      "mode": "soft_intersection"
    },
    {
      "avg_item_neighbors": 396.62142099681864,
      "avg_interest_neighbors": 332.65747613997877,
      "avg_trusted_neighbors": 168.8101802757158,
      "avg_union_neighbors": 560.4687168610817,
      "avg_false_neighbor_ratio": 0.6988053477433295,
      "isolated_nodes": 0.0,
      "mode": "soft_intersection"
    },
    {
      "avg_item_neighbors": 318.4029692470838,
      "avg_interest_neighbors": 329.2661717921527,
      "avg_trusted_neighbors": 142.03181336161188,
      "avg_union_neighbors": 505.6373276776246,
      "avg_false_neighbor_ratio": 0.719103385792423,
      "isolated_nodes": 0.0,
      "mode": "soft_intersection"
    },
    {
      "avg_item_neighbors": 327.78366914103924,
      "avg_interest_neighbors": 328.51325556733826,
      "avg_trusted_neighbors": 127.55461293743372,
      "avg_union_neighbors": 528.7423117709438,
      "avg_false_neighbor_ratio": 0.7587584536024581,
      "isolated_nodes": 0.0,
      "mode": "soft_intersection"
    },
    {
      "avg_item_neighbors": 315.1686108165429,
      "avg_interest_neighbors": 327.35524920466594,
      "avg_trusted_neighbors": 130.62566277836692,
      "avg_union_neighbors": 511.898197242842,
      "avg_false_neighbor_ratio": 0.7448210142525687,
      "isolated_nodes": 0.0,
      "mode": "soft_intersection"
    },
    {
      "avg_item_neighbors": 316.1781548250265,
      "avg_interest_neighbors": 322.2014846235419,
      "avg_trusted_neighbors": 125.74761399787911,
      "avg_union_neighbors": 512.6320254506893,
      "avg_false_neighbor_ratio": 0.7547019933307406,
      "isolated_nodes": 0.0,
      "mode": "soft_intersection"
    },
    {
      "avg_item_neighbors": 329.8579003181336,
      "avg_interest_neighbors": 330.0911983032874,
      "avg_trusted_neighbors": 132.016967126193,
      "avg_union_neighbors": 527.932131495228,
      "avg_false_neighbor_ratio": 0.7499357223204243,
      "isolated_nodes": 0.0,
      "mode": "soft_intersection"
    },
    {
      "avg_item_neighbors": 327.6118769883351,
      "avg_interest_neighbors": 333.8621420996819,
      "avg_trusted_neighbors": 138.17391304347825,
      "avg_union_neighbors": 523.3001060445387,
      "avg_false_neighbor_ratio": 0.7359566500226963,
      "isolated_nodes": 0.0,
      "mode": "soft_intersection"
    },
    {
      "avg_item_neighbors": 314.5217391304348,
      "avg_interest_neighbors": 333.72852598091197,