{
  "tag": "T1_item_only",
  "alias": "T1_item_only",
  "dataset": "100k",
  "num_round_requested": 25,
  "num_round_actual": 25,
  "best_round": 24,
  "best_test_hr": 0.46447507953340406,
  "best_test_ndcg": 0.24649146190163518,
  "best_val_hr": 0.4941675503711559,
  "hr_list": [
    0.11770943796394485,
    0.12725344644750794,
    0.1378579003181336,
    0.14634146341463414,
    0.16118769883351008,
    0.20042417815482502,
    0.2258748674443266,
    0.264050901378579,
    0.2916224814422057,
    0.3425238600212089,
    0.3488865323435843,
    0.36903499469777307,
    0.37645811240721105,
    0.3722163308589608,
    0.3870625662778367,
    0.40084835630965004,
    0.3944856839872747,
    0.41675503711558853,
    0.40721102863202546,
    0.4284199363732768,
    0.42311770943796395,
    0.45705196182396607,
    0.440084835630965,
    0.4496288441145281,
    0.46447507953340406
  ],
  "ndcg_list": [
    0.05345868085007483,
    0.055473849904420156,
    0.06506709137296394,
    0.07357819069789606,
    0.09114999488045715,
    0.11058869736954759,
    0.12751940056461744,
    0.14679252225823247,
    0.1589415157093207,
    0.19178274437673679,
    0.1960700567435974,
    0.19646384952934987,
    0.19630629731843424,
    0.19553550570737044,
    0.20202548524172773,
    0.2121616573493205,
    0.21542633078967935,
    0.2235797933409512,
    0.21275723230002952,
    0.22893309679365156,
    0.21908243290020038,
    0.24391662100897643,
    0.23846285768741143,
    0.23715489787690128,
    0.24649146190163518
  ],
  "val_hr_list": [
    0.10180275715800637,
    0.10286320254506894,
    0.11876988335100742,
    0.12407211028632026,
    0.13679745493107104,
    0.19406150583244963,
    0.2354188759278897,
    0.28207847295864263,
    0.3075291622481442,
    0.3361611876988335,
    0.35737009544008486,
    0.391304347826087,
    0.41675503711558853,
    0.4284199363732768,
    0.4496288441145281,
    0.43902439024390244,
    0.4623541887592789,
    0.4740190880169671,
    0.46129374337221635,
    0.471898197242842,
    0.4687168610816543,
    0.4931071049840933,
    0.49204665959703076,
    0.46553552492046657,
    0.4941675503711559
  ],
  "val_ndcg_list": [
    0.04602956683499871,
    0.04911526126591783,
    0.05447033145341515,
    0.06652219305089896,
    0.0729851156489711,
    0.09957170645095048,
    0.1275091817856565,
    0.1540172667607208,
    0.17021060515205452,
    0.17959150698655088,
    0.1928204828772934,
    0.20849397475227785,
    0.22600555040804338,
    0.23358356278572054,
    0.23863697174323706,
    0.2402077529529447,
    0.2433946941420205,
    0.24437516442352158,
    0.2441624563915802,
    0.2476747409048918,
    0.24967575407806214,
    0.25635025250124527,
    0.2610996581933394,
    0.24452467263838318,
    0.26680835381152596
  ],
  "upload_bytes_per_round": [
    203144832,
    203144832,
    203144832,
    203144832,
    203144832,
    203144832,
    203144832,
    203144832,
    203144832,
    203144832,
    203144832,
    203144832,
    203144832,
    203144832,
    203144832,
    203144832,
    203144832,
    203144832,
    203144832,
    203144832,
    203144832,
    203144832,
    203144832,
    203144832,
    203144832
  ],
  "total_upload_bytes": 5078620800,
  "aggregate_stats_per_round": [
    {
      "avg_item_neighbors": 0.0,
      "avg_interest_neighbors": 0.0,
      "avg_trusted_neighbors": 0.0,
      "avg_union_neighbors": 0.0,
      "avg_false_neighbor_ratio": 0.0,
      "isolated_nodes": 0.0,
      "mode": "item_only"
    },
    {
      "avg_item_neighbors": 0.0,
      "avg_interest_neighbors": 0.0,
      "avg_trusted_neighbors": 0.0,
      "avg_union_neighbors": 0.0,
      "avg_false_neighbor_ratio": 0.0,
      "isolated_nodes": 0.0,
      "mode": "item_only"
    },
    {
      "avg_item_neighbors": 0.0,
      "avg_interest_neighbors": 0.0,
      "avg_trusted_neighbors": 0.0,
      "avg_union_neighbors": 0.0,
      "avg_false_neighbor_ratio": 0.0,
      "isolated_nodes": 0.0,
      "mode": "item_only"
    },
    {
      "avg_item_neighbors": 0.0,
      "avg_interest_neighbors": 0.0,
      "avg_trusted_neighbors": 0.0,
      "avg_union_neighbors": 0.0,
      "avg_false_neighbor_ratio": 0.0,
      "isolated_nodes": 0.0,
      "mode": "item_only"
    },
    {
      "avg_item_neighbors": 0.0,
      "avg_interest_neighbors": 0.0,
      "avg_trusted_neighbors": 0.0,
      "avg_union_neighbors": 0.0,
      "avg_false_neighbor_ratio": 0.0,
      "isolated_nodes": 0.0,
      "mode": "item_only"
    },
    {
      "avg_item_neighbors": 0.0,
      "avg_interest_neighbors": 0.0,
      "avg_trusted_neighbors": 0.0,
      "avg_union_neighbors": 0.0,
      "avg_false_neighbor_ratio": 0.0,
      "isolated_nodes": 0.0,
      "mode": "item_only"
    },
    {
      "avg_item_neighbors": 0.0,
      "avg_interest_neighbors": 0.0,
      "avg_trusted_neighbors": 0.0,
      "avg_union_neighbors": 0.0,
      "avg_false_neighbor_ratio": 0.0,
      "isolated_nodes": 0.0,
      "mode": "item_only"
    },
    {
      "avg_item_neighbors": 0.0,
      "avg_interest_neighbors": 0.0,
      "avg_trusted_neighbors": 0.0,
      "avg_union_neighbors": 0.0,
      "avg_false_neighbor_ratio": 0.0,
      "isolated_nodes": 0.0,
      "mode": "item_only"
    },
    {
      "avg_item_neighbors": 0.0,
      "avg_interest_neighbors": 0.0,
      "avg_trusted_neighbors": 0.0,
      "avg_union_neighbors": 0.0,
      "avg_false_neighbor_ratio": 0.0,
      "isolated_nodes": 0.0,
      "mode": "item_only"
    },
    {
      "avg_item_neighbors": 0.0,
      "avg_interest_neighbors": 0.0,
      "avg_trusted_neighbors": 0.0,
      "avg_union_neighbors": 0.0,
      "avg_false_neighbor_ratio": 0.0,
      "isolated_nodes": 0.0,
      "mode": "item_only"
    },
    {
      "avg_item_neighbors": 0.0,
      "avg_interest_neighbors": 0.0,
      "avg_trusted_neighbors": 0.0,
      "avg_union_neighbors": 0.0,
      "avg_false_neighbor_ratio": 0.0,
      "isolated_nodes": 0.0,
      "mode": "item_only"
    },
    {
      "avg_item_neighbors": 0.0,
      "avg_interest_neighbors": 0.0,
      "avg_trusted_neighbors": 0.0,
      "avg_union_neighbors": 0.0,
      "avg_false_neighbor_ratio": 0.0,
      "isolated_nodes": 0.0,
      "mode": "item_only"
    },
    {
      "avg_item_neighbors": 0.0,
      "avg_interest_neighbors": 0.0,
      "avg_trusted_neighbors": 0.0,
      "avg_union_neighbors": 0.0,
      "avg_false_neighbor_ratio": 0.0,
      "isolated_nodes": 0.0,
      "mode": "item_only"
    },
    {
      "avg_item_neighbors": 0.0,
      "avg_interest_neighbors": 0.0,
      "avg_trusted_neighbors": 0.0,
      "avg_union_neighbors": 0.0,
      "avg_false_neighbor_ratio": 0.0,
      "isolated_nodes": 0.0,
      "mode": "item_only"
    },
    {
      "avg_item_neighbors": 0.0,
      "avg_interest_neighbors": 0.0,
      "avg_trusted_neighbors": 0.0,
      "avg_union_neighbors": 0.0,
      "avg_false_neighbor_ratio": 0.0,
      "isolated_nodes": 0.0,
      "mode": "item_only"
    },
    {
      "avg_item_neighbors": 0.0,
      "avg_interest_neighbors": 0.0,
      "avg_trusted_neighbors": 0.0,
      "avg_union_neighbors": 0.0,
      "avg_false_neighbor_ratio": 0.0,
      "isolated_nodes": 0.0,
      "mode": "item_only"
    },
    {
      "avg_item_neighbors": 0.0,
      "avg_interest_neighbors": 0.0,
      "avg_trusted_neighbors": 0.0,
      "avg_union_neighbors": 0.0,
      "avg_false_neighbor_ratio": 0.0,
      "isolated_nodes": 0.0,
      "mode": "item_only"
    },
    {
      "avg_item_neighbors": 0.0,
      "avg_interest_neighbors": 0.0,
      "avg_trusted_neighbors": 0.0,
      "avg_union_neighbors": 0.0,
      "avg_false_neighbor_ratio": 0.0,
      "isolated_nodes": 0.0,
      "mode": "item_only"
    },
    {
      "avg_item_neighbors": 0.0,
      "avg_interest_neighbors": 0.0,
      "avg_trusted_neighbors": 0.0,
      "avg_union_neighbors": 0.0,
      "avg_false_neighbor_ratio": 0.0,
      "isolated_nodes": 0.0,