{
  "tag": "T2_interest_only",
  "alias": "T2_interest_only",
  "dataset": "100k",
  "num_round_requested": 25,
  "num_round_actual": 25,
  "best_round": 22,
  "best_test_hr": 0.4623541887592789,
  "best_test_ndcg": 0.24231132256737264,
  "best_val_hr": 0.5068928950159067,
  "hr_list": [
    0.11770943796394485,
    0.1357370095440085,
    0.14103923647932132,
    0.14528101802757157,
    0.16755037115588547,
    0.1951219512195122,
    0.21739130434782608,
    0.26193001060445387,
    0.2873806998939555,
    0.33934252386002123,
    0.34782608695652173,
    0.35949098621421,
    0.383881230116649,
    0.38176033934252385,
    0.383881230116649,
    0.40084835630965004,
    0.41675503711558853,
    0.4369034994697773,
    0.4241781548250265,
    0.42948038176033937,
    0.43478260869565216,
    0.45387062566277836,
    0.4623541887592789,
    0.4443266171792153,
    0.47932131495228
  ],
  "ndcg_list": [
    0.05345868085007483,
    0.0599904205004593,
    0.06394647979943188,
    0.0717567025997357,
    0.0928027282282887,
    0.10727547888034118,
    0.12306603763838556,
    0.1454442748291683,
    0.16476638543302635,
    0.19106956703363984,
    0.18255700514004397,
    0.1941736134720793,
    0.20513981513665663,
    0.20160922965170683,
    0.20730847698286986,
    0.21909806949169494,
    0.22584778133165942,
    0.2353614740711173,
    0.22674431086790411,
    0.22494939216924456,
    0.2349713301829379,
    0.24060338005926243,
    0.24231132256737264,
    0.23595328184451397,
    0.2500237679759173
  ],
  "val_hr_list": [
    0.10180275715800637,
    0.11134676564156946,
    0.1283138918345705,
    0.14952279957582185,
    0.14103923647932132,
    0.18875927889713678,
    0.21951219512195122,
    0.2735949098621421,
    0.2990455991516437,
    0.33085896076352067,
    0.36903499469777307,
    0.3669141039236479,
    0.41145281018027574,
    0.42311770943796395,
    0.4178154825026511,
    0.440084835630965,
    0.4591728525980912,
    0.4740190880169671,
    0.47720042417815484,
    0.48886532343584305,
    0.4899257688229056,
    0.48568398727465534,
    0.5068928950159067,
    0.49204665959703076,
    0.49946977730646874
  ],
  "val_ndcg_list": [
    0.04602956683499871,
    0.05272015908819472,
    0.060178106757394316,
    0.0785886052952433,
    0.07832856967870311,
    0.09912611453030927,
    0.11940268511336777,
    0.15745966386399268,
    0.16516328647346698,
    0.18250595254884028,
    0.20665895120506939,
    0.19696744245234188,
    0.22467884214529674,
    0.22581909290305502,
    0.23130393249293438,
    0.233351821941914,
    0.24693343954202393,
    0.2564558365729002,
    0.25443400044683406,
    0.2576642018817348,
    0.26392749223651296,
    0.2557539163549384,
    0.2691479054107665,
    0.2612195180545625,
    0.2642563265328532
  ],
  "upload_bytes_per_round": [
    203144832,
    203144832,
    203144832,
    203144832,
    203144832,
    203144832,
    203144832,
    203144832,
    203144832,
    203144832,
    203144832,
    203144832,
    203144832,
    203144832,
    203144832,
    203144832,
    203144832,
    203144832,
    203144832,
    203144832,
    203144832,
    203144832,
    203144832,
    203144832,
    203144832
  ],
  "total_upload_bytes": 5078620800,
  "aggregate_stats_per_round": [
    {
      "avg_item_neighbors": 0.0,
      "avg_interest_neighbors": 0.0,
      "avg_trusted_neighbors": 0.0,
      "avg_union_neighbors": 0.0,
      "avg_false_neighbor_ratio": 0.0,
      "isolated_nodes": 0.0,
      "mode": "interest_only"
    },
    {
      "avg_item_neighbors": 0.0,
      "avg_interest_neighbors": 0.0,
      "avg_trusted_neighbors": 0.0,
      "avg_union_neighbors": 0.0,
      "avg_false_neighbor_ratio": 0.0,
      "isolated_nodes": 0.0,
      "mode": "interest_only"
    },
    {
      "avg_item_neighbors": 0.0,
      "avg_interest_neighbors": 0.0,
      "avg_trusted_neighbors": 0.0,
      "avg_union_neighbors": 0.0,
      "avg_false_neighbor_ratio": 0.0,
      "isolated_nodes": 0.0,
      "mode": "interest_only"
    },
    {
      "avg_item_neighbors": 0.0,
      "avg_interest_neighbors": 0.0,
      "avg_trusted_neighbors": 0.0,
      "avg_union_neighbors": 0.0,
      "avg_false_neighbor_ratio": 0.0,
      "isolated_nodes": 0.0,
      "mode": "interest_only"
    },
    {
      "avg_item_neighbors": 0.0,
      "avg_interest_neighbors": 0.0,
      "avg_trusted_neighbors": 0.0,
      "avg_union_neighbors": 0.0,
      "avg_false_neighbor_ratio": 0.0,
      "isolated_nodes": 0.0,
      "mode": "interest_only"
    },
    {
      "avg_item_neighbors": 0.0,
      "avg_interest_neighbors": 0.0,
      "avg_trusted_neighbors": 0.0,
      "avg_union_neighbors": 0.0,
      "avg_false_neighbor_ratio": 0.0,
      "isolated_nodes": 0.0,
      "mode": "interest_only"
    },
    {
      "avg_item_neighbors": 0.0,
      "avg_interest_neighbors": 0.0,
      "avg_trusted_neighbors": 0.0,
      "avg_union_neighbors": 0.0,
      "avg_false_neighbor_ratio": 0.0,
      "isolated_nodes": 0.0,
      "mode": "interest_only"
    },
    {
      "avg_item_neighbors": 0.0,
      "avg_interest_neighbors": 0.0,
      "avg_trusted_neighbors": 0.0,
      "avg_union_neighbors": 0.0,
      "avg_false_neighbor_ratio": 0.0,
      "isolated_nodes": 0.0,
      "mode": "interest_only"
    },
    {
      "avg_item_neighbors": 0.0,
      "avg_interest_neighbors": 0.0,
      "avg_trusted_neighbors": 0.0,
      "avg_union_neighbors": 0.0,
      "avg_false_neighbor_ratio": 0.0,
      "isolated_nodes": 0.0,
      "mode": "interest_only"
    },
    {
      "avg_item_neighbors": 0.0,
      "avg_interest_neighbors": 0.0,
      "avg_trusted_neighbors": 0.0,
      "avg_union_neighbors": 0.0,
      "avg_false_neighbor_ratio": 0.0,
      "isolated_nodes": 0.0,
      "mode": "interest_only"
    },
    {
      "avg_item_neighbors": 0.0,
      "avg_interest_neighbors": 0.0,
      "avg_trusted_neighbors": 0.0,
      "avg_union_neighbors": 0.0,
      "avg_false_neighbor_ratio": 0.0,
      "isolated_nodes": 0.0,
      "mode": "interest_only"
    },
    {
      "avg_item_neighbors": 0.0,
      "avg_interest_neighbors": 0.0,
      "avg_trusted_neighbors": 0.0,
      "avg_union_neighbors": 0.0,
      "avg_false_neighbor_ratio": 0.0,
      "isolated_nodes": 0.0,
      "mode": "interest_only"
    },
    {
      "avg_item_neighbors": 0.0,
      "avg_interest_neighbors": 0.0,
      "avg_trusted_neighbors": 0.0,
      "avg_union_neighbors": 0.0,
      "avg_false_neighbor_ratio": 0.0,
      "isolated_nodes": 0.0,
      "mode": "interest_only"
    },
    {
      "avg_item_neighbors": 0.0,
      "avg_interest_neighbors": 0.0,
      "avg_trusted_neighbors": 0.0,
      "avg_union_neighbors": 0.0,
      "avg_false_neighbor_ratio": 0.0,
      "isolated_nodes": 0.0,
      "mode": "interest_only"
    },
    {
      "avg_item_neighbors": 0.0,
      "avg_interest_neighbors": 0.0,
      "avg_trusted_neighbors": 0.0,
      "avg_union_neighbors": 0.0,
      "avg_false_neighbor_ratio": 0.0,
      "isolated_nodes": 0.0,
      "mode": "interest_only"
    },
    {
      "avg_item_neighbors": 0.0,
      "avg_interest_neighbors": 0.0,
      "avg_trusted_neighbors": 0.0,
      "avg_union_neighbors": 0.0,
      "avg_false_neighbor_ratio": 0.0,
      "isolated_nodes": 0.0,
      "mode": "interest_only"
    },
    {
      "avg_item_neighbors": 0.0,
      "avg_interest_neighbors": 0.0,
      "avg_trusted_neighbors": 0.0,
      "avg_union_neighbors": 0.0,
      "avg_false_neighbor_ratio": 0.0,
      "isolated_nodes": 0.0,
      "mode": "interest_only"
    },
    {
      "avg_item_neighbors": 0.0,
      "avg_interest_neighbors": 0.0,
      "avg_trusted_neighbors": 0.0,
      "avg_union_neighbors": 0.0,
      "avg_false_neighbor_ratio": 0.0,
      "isolated_nodes": 0.0,
      "mode": "interest_only"
    },
    {
      "avg_item_neighbors": 0.0,
      "avg_interest_neighbors": 0.0,
      "avg_trusted_neighbors": 0.0,
      "avg_union_neighbors": 0.0,
      "avg_false_neighbor_ratio": 0.0,