{
  "tag": "T3_alpha_0.5",
  "alias": "T3_alpha_0.5",
  "dataset": "100k",
  "num_round_requested": 25,
  "num_round_actual": 25,
  "best_round": 23,
  "best_test_hr": 0.46553552492046657,
  "best_test_ndcg": 0.248135380189449,
  "best_val_hr": 0.5005302226935313,
  "hr_list": [
    0.11770943796394485,
    0.1261930010604454,
    0.1474019088016967,
    0.15800636267232238,
    0.16224814422057265,
    0.19830328738069988,
    0.23435843054082714,
    0.26299045599151644,
    0.30434782608695654,
    0.32873806998939553,
    0.34994697773064687,
    0.3711558854718982,
    0.36903499469777307,
    0.3828207847295864,
    0.3828207847295864,
    0.3796394485683987,
    0.40402969247083775,
    0.4188759278897137,
    0.41145281018027574,
    0.4284199363732768,
    0.4220572640509014,
    0.44538706256627786,
    0.4443266171792153,
    0.46553552492046657,
    0.44538706256627786
  ],
  "ndcg_list": [
    0.05345868085007483,
    0.05458236574469594,
    0.06885110039210215,
    0.07879669626437028,
    0.08777681884099371,
    0.10925757993704105,
    0.12847901128854575,
    0.1443479256059858,
    0.16605993441448721,
    0.175493030293981,
    0.18988167497821581,
    0.2019578178205209,
    0.2004027759172235,
    0.19425168852956398,
    0.19986944976253315,
    0.20333802489846298,
    0.21442795473382203,
    0.21814113281410602,
    0.21596052675830027,
    0.23077456749675,
    0.2290583157421961,
    0.23801885192757885,
    0.2382073632189189,
    0.248135380189449,
    0.2377321744097692
  ],
  "val_hr_list": [
    0.10180275715800637,
    0.10392364793213149,
    0.11770943796394485,
    0.12725344644750794,
    0.14634146341463414,
    0.2014846235418876,
    0.23117709437963946,
    0.2863202545068929,
    0.3266171792152704,
    0.3457051961823966,
    0.38918345705196183,
    0.41039236479321317,
    0.4061505832449629,
    0.4220572640509014,
    0.42948038176033937,
    0.4252386002120891,
    0.44538706256627786,
    0.4634146341463415,
    0.45387062566277836,
    0.45705196182396607,
    0.47720042417815484,
    0.4931071049840933,
    0.4931071049840933,
    0.5005302226935313,
    0.4931071049840933
  ],
  "val_ndcg_list": [
    0.04602956683499871,
    0.04965109507267217,
    0.05530013968870251,
    0.06734080524988786,
    0.08361058693717804,
    0.10659191407402945,
    0.13399234566195012,
    0.15976796027197862,
    0.18401298347568967,
    0.18902689431458625,
    0.20399767306674935,
    0.21618707414251764,
    0.21434890691238861,
    0.22625320060191945,
    0.2326817814493533,
    0.22528286149933646,
    0.235540361506285,
    0.2381475232014479,
    0.24272960481737033,
    0.2562309278906318,
    0.25258042481618914,
    0.257938355476419,
    0.2611655017565082,
    0.26728699187985916,
    0.26587514474321566
  ],
  "upload_bytes_per_round": [
    203144832,
    203144832,
    203144832,
    203144832,
    203144832,
    203144832,
    203144832,
    203144832,
    203144832,
    203144832,
    203144832,
    203144832,
    203144832,
    203144832,
    203144832,
    203144832,
    203144832,
    203144832,
    203144832,
    203144832,
    203144832,
    203144832,
    203144832,
    203144832,
    203144832
  ],
  "total_upload_bytes": 5078620800,
  "aggregate_stats_per_round": [
    {
      "avg_item_neighbors": 0.0,
      "avg_interest_neighbors": 0.0,
      "avg_trusted_neighbors": 0.0,
      "avg_union_neighbors": 0.0,
      "avg_false_neighbor_ratio": 0.0,
      "isolated_nodes": 0.0,
      "mode": "alpha"
    },
    {
      "avg_item_neighbors": 0.0,
      "avg_interest_neighbors": 0.0,
      "avg_trusted_neighbors": 0.0,
      "avg_union_neighbors": 0.0,
      "avg_false_neighbor_ratio": 0.0,
      "isolated_nodes": 0.0,
      "mode": "alpha"
    },
    {
      "avg_item_neighbors": 0.0,
      "avg_interest_neighbors": 0.0,
      "avg_trusted_neighbors": 0.0,
      "avg_union_neighbors": 0.0,
      "avg_false_neighbor_ratio": 0.0,
      "isolated_nodes": 0.0,
      "mode": "alpha"
    },
    {
      "avg_item_neighbors": 0.0,
      "avg_interest_neighbors": 0.0,
      "avg_trusted_neighbors": 0.0,
      "avg_union_neighbors": 0.0,
      "avg_false_neighbor_ratio": 0.0,
      "isolated_nodes": 0.0,
      "mode": "alpha"
    },
    {
      "avg_item_neighbors": 0.0,
      "avg_interest_neighbors": 0.0,
      "avg_trusted_neighbors": 0.0,
      "avg_union_neighbors": 0.0,
      "avg_false_neighbor_ratio": 0.0,
      "isolated_nodes": 0.0,
      "mode": "alpha"
    },
    {
      "avg_item_neighbors": 0.0,
      "avg_interest_neighbors": 0.0,
      "avg_trusted_neighbors": 0.0,
      "avg_union_neighbors": 0.0,
      "avg_false_neighbor_ratio": 0.0,
      "isolated_nodes": 0.0,
      "mode": "alpha"
    },
    {
      "avg_item_neighbors": 0.0,
      "avg_interest_neighbors": 0.0,
      "avg_trusted_neighbors": 0.0,
      "avg_union_neighbors": 0.0,
      "avg_false_neighbor_ratio": 0.0,
      "isolated_nodes": 0.0,
      "mode": "alpha"
    },
    {
      "avg_item_neighbors": 0.0,
      "avg_interest_neighbors": 0.0,
      "avg_trusted_neighbors": 0.0,
      "avg_union_neighbors": 0.0,
      "avg_false_neighbor_ratio": 0.0,
      "isolated_nodes": 0.0,
      "mode": "alpha"
    },
    {
      "avg_item_neighbors": 0.0,
      "avg_interest_neighbors": 0.0,
      "avg_trusted_neighbors": 0.0,
      "avg_union_neighbors": 0.0,
      "avg_false_neighbor_ratio": 0.0,
      "isolated_nodes": 0.0,
      "mode": "alpha"
    },
    {
      "avg_item_neighbors": 0.0,
      "avg_interest_neighbors": 0.0,
      "avg_trusted_neighbors": 0.0,
      "avg_union_neighbors": 0.0,
      "avg_false_neighbor_ratio": 0.0,
      "isolated_nodes": 0.0,
      "mode": "alpha"
    },
    {
      "avg_item_neighbors": 0.0,
      "avg_interest_neighbors": 0.0,
      "avg_trusted_neighbors": 0.0,
      "avg_union_neighbors": 0.0,
      "avg_false_neighbor_ratio": 0.0,
      "isolated_nodes": 0.0,
      "mode": "alpha"
    },
    {
      "avg_item_neighbors": 0.0,
      "avg_interest_neighbors": 0.0,
      "avg_trusted_neighbors": 0.0,
      "avg_union_neighbors": 0.0,
      "avg_false_neighbor_ratio": 0.0,
      "isolated_nodes": 0.0,
      "mode": "alpha"
    },
    {
      "avg_item_neighbors": 0.0,
      "avg_interest_neighbors": 0.0,
      "avg_trusted_neighbors": 0.0,
      "avg_union_neighbors": 0.0,
      "avg_false_neighbor_ratio": 0.0,
      "isolated_nodes": 0.0,
      "mode": "alpha"
    },
    {
      "avg_item_neighbors": 0.0,
      "avg_interest_neighbors": 0.0,
      "avg_trusted_neighbors": 0.0,
      "avg_union_neighbors": 0.0,
      "avg_false_neighbor_ratio": 0.0,
      "isolated_nodes": 0.0,
      "mode": "alpha"
    },
    {
      "avg_item_neighbors": 0.0,
      "avg_interest_neighbors": 0.0,
      "avg_trusted_neighbors": 0.0,
      "avg_union_neighbors": 0.0,
      "avg_false_neighbor_ratio": 0.0,
      "isolated_nodes": 0.0,
      "mode": "alpha"
    },
    {
      "avg_item_neighbors": 0.0,
      "avg_interest_neighbors": 0.0,
      "avg_trusted_neighbors": 0.0,
      "avg_union_neighbors": 0.0,
      "avg_false_neighbor_ratio": 0.0,
      "isolated_nodes": 0.0,
      "mode": "alpha"
    },
    {
      "avg_item_neighbors": 0.0,
      "avg_interest_neighbors": 0.0,
      "avg_trusted_neighbors": 0.0,
      "avg_union_neighbors": 0.0,
      "avg_false_neighbor_ratio": 0.0,
      "isolated_nodes": 0.0,
      "mode": "alpha"
    },
    {
      "avg_item_neighbors": 0.0,
      "avg_interest_neighbors": 0.0,
      "avg_trusted_neighbors": 0.0,
      "avg_union_neighbors": 0.0,
      "avg_false_neighbor_ratio": 0.0,
      "isolated_nodes": 0.0,
      "mode": "alpha"
    },
    {
      "avg_item_neighbors": 0.0,
      "avg_interest_neighbors": 0.0,
      "avg_trusted_neighbors": 0.0,
      "avg_union_neighbors": 0.0,
      "avg_false_neighbor_ratio": 0.0,
      "isolated_nodes": 0.0,
      "mode": "alpha"
    },
    {
      "avg_item_neighbors": 0.0,
      "avg_interest_neighbors": 0.0,