{
  "tag": "T5_intersection",
  "alias": "T5_intersection",
  "dataset": "100k",
  "num_round_requested": 25,
  "num_round_actual": 25,
  "best_round": 22,
  "best_test_hr": 0.3997879109225875,
  "best_test_ndcg": 0.20219618126139444,
  "best_val_hr": 0.48250265111346763,
  "hr_list": [
    0.11770943796394485,
    0.13997879109225875,
    0.1474019088016967,
    0.15482502651113467,
    0.16861081654294804,
    0.19830328738069988,
    0.2142099681866384,
    0.24814422057264052,
    0.28950159066808057,
    0.28950159066808057,
    0.31283138918345704,
    0.3404029692470838,
    0.3637327677624602,
    0.35949098621421,
    0.3828207847295864,
    0.3669141039236479,
    0.3679745493107105,
    0.40402969247083775,
    0.4019088016967126,
    0.3987274655355249,
    0.40402969247083775,
    0.4209968186638388,
    0.3997879109225875,
    0.40084835630965004,
    0.41251325556733826
  ],
  "ndcg_list": [
    0.05345868085007483,
    0.06487640718575485,
    0.07195935341292607,
    0.08403061551663427,
    0.0920217476653539,
    0.10966444816023752,
    0.11701115773162335,
    0.1391053037772792,
    0.15738020935738167,
    0.15965129724436375,
    0.1681196065245737,
    0.18194510784137405,
    0.19023130688484835,
    0.18782171566725678,
    0.19361762325199905,
    0.18512625571761426,
    0.18203263294093677,
    0.2032208422264172,
    0.20480166732957386,
    0.20150014011713718,
    0.20328700742635078,
    0.21049075256876437,
    0.20219618126139444,
    0.208808698225603,
    0.20323763979068687
  ],
  "val_hr_list": [
    0.10180275715800637,
    0.12513255567338283,
    0.12407211028632026,
    0.1420996818663839,
    0.15482502651113467,
    0.18663838812301167,
    0.21527041357370094,
    0.25556733828207845,
    0.29056203605514314,
    0.30010604453870626,
    0.3457051961823966,
    0.3637327677624602,
    0.35949098621421,
    0.37751855779427357,
    0.3987274655355249,
    0.4209968186638388,
    0.40721102863202546,
    0.43160127253446445,
    0.45068928950159065,
    0.44538706256627786,
    0.4485683987274655,
    0.4623541887592789,
    0.48250265111346763,
    0.4687168610816543,
    0.47932131495228
  ],
  "val_ndcg_list": [
    0.04602956683499871,
    0.06037018670988785,
    0.05920906118724279,
    0.07541974855905924,
    0.08131924912848983,
    0.09471990048616054,
    0.1162260756932498,
    0.13925346960772264,
    0.15701019478135342,
    0.15854841617389526,
    0.18077109103346053,
    0.19704478158654445,
    0.18658575251814002,
    0.19728770259871362,
    0.2088393436578075,
    0.21663797333633303,
    0.2104105434708452,
    0.21975872399338528,
    0.22967939775192028,
    0.228483822224589,
    0.23253635117469543,
    0.2416693676087204,
    0.248449340056096,
    0.23886275546454275,
    0.24244962290711597
  ],
  "upload_bytes_per_round": [
    203144832,
    203144832,
    203144832,
    203144832,
    203144832,
    203144832,
    203144832,
    203144832,
    203144832,
    203144832,
    203144832,
    203144832,
    203144832,
    203144832,
    203144832,
    203144832,
    203144832,
    203144832,
    203144832,
    203144832,
    203144832,
    203144832,
    203144832,
    203144832,
    203144832
  ],
  "total_upload_bytes": 5078620800,
  "aggregate_stats_per_round": [
    {
      "avg_item_neighbors": 257.1389183457052,
      "avg_interest_neighbors": 260.60233297985155,
      "avg_trusted_neighbors": 78.44326617179215,
      "avg_union_neighbors": 439.29798515376456,
      "avg_false_neighbor_ratio": 0.8214349511656986,
      "isolated_nodes": 0.0,
      "mode": "intersection"
    },
    {
      "avg_item_neighbors": 327.72428419936375,
      "avg_interest_neighbors": 357.2152704135737,
      "avg_trusted_neighbors": 128.58536585365854,
      "avg_union_neighbors": 556.3541887592789,
      "avg_false_neighbor_ratio": 0.7688785876845544,
      "isolated_nodes": 0.0,
      "mode": "intersection"
    },
    {
      "avg_item_neighbors": 365.54825026511134,
      "avg_interest_neighbors": 365.3234358430541,
      "avg_trusted_neighbors": 141.76033934252385,
      "avg_union_neighbors": 589.1113467656415,
      "avg_false_neighbor_ratio": 0.7593657971097975,
      "isolated_nodes": 0.0,
      "mode": "intersection"
    },
    {
      "avg_item_neighbors": 395.28525980911985,
      "avg_interest_neighbors": 352.5408271474019,
      "avg_trusted_neighbors": 131.94061505832448,
      "avg_union_neighbors": 615.8854718981972,
      "avg_false_neighbor_ratio": 0.785770859878095,
      "isolated_nodes": 0.0,
      "mode": "intersection"
    },
    {
      "avg_item_neighbors": 381.9448568398727,
      "avg_interest_neighbors": 344.9268292682927,
      "avg_trusted_neighbors": 123.90243902439025,
      "avg_union_neighbors": 602.9692470837751,
      "avg_false_neighbor_ratio": 0.7945128385508266,
      "isolated_nodes": 0.0,
      "mode": "intersection"
    },
    {
      "avg_item_neighbors": 372.1336161187699,
      "avg_interest_neighbors": 345.9088016967126,
      "avg_trusted_neighbors": 130.95864262990457,
      "avg_union_neighbors": 587.0837751855779,
      "avg_false_neighbor_ratio": 0.7769336367905784,
      "isolated_nodes": 0.0,
      "mode": "intersection"
    },
    {
      "avg_item_neighbors": 351.66065747614,
      "avg_interest_neighbors": 343.18345705196185,
      "avg_trusted_neighbors": 135.82820784729586,
      "avg_union_neighbors": 559.015906680806,
      "avg_false_neighbor_ratio": 0.757022642425714,
      "isolated_nodes": 0.0,
      "mode": "intersection"
    },
    {
      "avg_item_neighbors": 360.5047720042418,
      "avg_interest_neighbors": 332.4029692470838,
      "avg_trusted_neighbors": 130.88229056203605,
      "avg_union_neighbors": 562.0254506892895,
      "avg_false_neighbor_ratio": 0.7671239079982641,
      "isolated_nodes": 0.0,
      "mode": "intersection"
    },
    {
      "avg_item_neighbors": 335.04135737009545,
      "avg_interest_neighbors": 326.8780487804878,
      "avg_trusted_neighbors": 127.89819724284199,
      "avg_union_neighbors": 534.0212089077412,
      "avg_false_neighbor_ratio": 0.7604997795790953,
      "isolated_nodes": 0.0,
      "mode": "intersection"
    },
    {
      "avg_item_neighbors": 362.46447507953343,
      "avg_interest_neighbors": 326.0593849416755,
      "avg_trusted_neighbors": 140.05514316012724,
      "avg_union_neighbors": 548.4687168610817,
      "avg_false_neighbor_ratio": 0.7446433336040185,
      "isolated_nodes": 0.0,
      "mode": "intersection"
    },
    {
      "avg_item_neighbors": 346.9374337221633,
      "avg_interest_neighbors": 322.4050901378579,
      "avg_trusted_neighbors": 139.86426299045598,
      "avg_union_neighbors": 529.4782608695652,
      "avg_false_neighbor_ratio": 0.735845126557687,
      "isolated_nodes": 0.0,
      "mode": "intersection"
    },
    {
      "avg_item_neighbors": 325.83244962884413,
      "avg_interest_neighbors": 318.80593849416755,
      "avg_trusted_neighbors": 127.61399787910922,
      "avg_union_neighbors": 517.0243902439024,
      "avg_false_neighbor_ratio": 0.7531760584468592,
      "isolated_nodes": 0.0,
      "mode": "intersection"
    },
    {
      "avg_item_neighbors": 328.7826086956522,
      "avg_interest_neighbors": 321.9469777306469,
      "avg_trusted_neighbors": 125.65005302226935,
      "avg_union_neighbors": 525.0795334040297,
      "avg_false_neighbor_ratio": 0.7607028173280824,
      "isolated_nodes": 0.0,
      "mode": "intersection"
    },
    {
      "avg_item_neighbors": 368.3372216330859,
      "avg_interest_neighbors": 324.78897136797457,
      "avg_trusted_neighbors": 143.1558854718982,
      "avg_union_neighbors": 549.9703075291623,
      "avg_false_neighbor_ratio": 0.7397025193686346,
      "isolated_nodes": 0.0,
      "mode": "intersection"
    },
    {
      "avg_item_neighbors": 337.1049840933192,
      "avg_interest_neighbors": 324.31813361611876,
      "avg_trusted_neighbors": 139.779427359491,