{
  "tag": "Z_centralized",
  "alias": "Z_centralized",
  "dataset": "100k",
  "method": "centralized_ncf",
  "num_round_requested": 25,
  "num_round_actual": 25,
  "best_round": 24,
  "best_test_hr": 0.6871686108165429,
  "best_test_ndcg": 0.4110118741760377,
  "best_val_hr": 0.7317073170731707,
  "hr_list": [
    0.41039236479321317,
    0.4305408271474019,
    0.5005302226935313,
    0.5514316012725344,
    0.5885471898197243,
    0.5949098621420997,
    0.6214209968186638,
    0.6246023329798516,
    0.6256627783669141,
    0.6383881230116649,
    0.6447507953340403,
    0.6585365853658537,
    0.6500530222693531,
    0.6606574761399788,
    0.6606574761399788,
    0.6542948038176034,
    0.672322375397667,
    0.6670201484623541,
    0.6733828207847296,
    0.6712619300106044,
    0.6776246023329798,
    0.6733828207847296,
    0.6744432661717922,
    0.6818663838812301,
    0.6871686108165429
  ],
  "ndcg_list": [
    0.22089361664851373,
    0.2466813146600426,
    0.2885843547817259,
    0.3147794273430371,
    0.33258510883438613,
    0.3448179657381531,
    0.35338555372825514,
    0.35539022384164937,
    0.35994282827335883,
    0.37367375936833064,
    0.3770875656146175,
    0.382656713912471,
    0.38260507371123265,
    0.3821835396665639,
    0.3862119174391398,
    0.38063315274435755,
    0.3953837391666076,
    0.3951282132574537,
    0.39749176153207305,
    0.4002031497279445,
    0.4021275703811721,
    0.4032507933072904,
    0.40584040125651843,
    0.4105520770725989,
    0.4110118741760377
  ],
  "val_hr_list": [
    0.4485683987274655,
    0.4899257688229056,
    0.5461293743372216,
    0.601272534464475,
    0.630965005302227,
    0.6468716861081655,
    0.6574761399787911,
    0.6585365853658537,
    0.672322375397667,
    0.6850477200424178,
    0.7051961823966065,
    0.7062566277836692,
    0.6977730646871686,
    0.7030752916224814,
    0.7136797454931071,
    0.7094379639448568,
    0.7126193001060446,
    0.7147401908801697,
    0.7200424178154825,
    0.7253446447507953,
    0.7285259809119831,
    0.7147401908801697,
    0.7242841993637328,
    0.7242841993637328,
    0.7317073170731707
  ],
  "val_ndcg_list": [
    0.22870569956333758,
    0.28135035892817095,
    0.3211661115456192,
    0.3656592838187033,
    0.3859110722079011,
    0.39777998318160324,
    0.40646253858890796,
    0.4091571956044054,
    0.42293950390736507,
    0.42687461851323605,
    0.4366736240704196,
    0.4387886738726606,
    0.4355777521952319,
    0.44139149897939856,
    0.4451173021763005,
    0.444222595284605,
    0.4454052470881006,
    0.449493711966521,
    0.45070337671072874,
    0.45196509160141174,
    0.4617877973443421,
    0.4499993298840595,
    0.457164815450401,
    0.4613900794270554,
    0.4598265116915529
  ],
  "total_upload_bytes": 0,
  "config": {
    "dataset": "100k",
    "num_epoch": 25,
    "batch_size": 512,
    "lr": 0.001,
    "latent_dim": 32,
    "num_negative": 12,
    "history_len": 5,
    "layers": "96,32,16,8",
    "no_attention": false,
    "seed": 42,
    "early_stop_patience": 5,
    "metrics_json": "results/thesis/Z_centralized.json",
    "result_tag": "Z_centralized"
  }
}