{
  "tag": "I1_user_emb",
  "alias": "I1_user_emb",
  "dataset": "100k",
  "num_round_requested": 20,
  "num_round_actual": 20,
  "best_round": 18,
  "best_test_hr": 0.46553552492046657,
  "best_test_ndcg": 0.2544255505881598,
  "best_val_hr": 0.5026511134676565,
  "hr_list": [
    0.11770943796394485,
    0.11346765641569459,
    0.13361611876988336,
    0.13043478260869565,
    0.16755037115588547,
    0.21314952279957583,
    0.25026511134676566,
    0.264050901378579,
    0.2948038176033934,
    0.3340402969247084,
    0.34358430540827145,
    0.36267232237539765,
    0.3934252386002121,
    0.3987274655355249,
    0.4093319194061506,
    0.4209968186638388,
    0.43584305408271473,
    0.4241781548250265,
    0.46553552492046657,
    0.47295864262990456
  ],
  "ndcg_list": [
    0.05345868085007483,
    0.05045931584368304,
    0.06258750754088267,
    0.06505320322574863,
    0.09320825800605659,
    0.11380532463983685,
    0.13905699600221846,
    0.14922741707687653,
    0.16681904299252961,
    0.18860877179851235,
    0.19604146246171378,
    0.2072200972885041,
    0.22067094440476226,
    0.225371762583576,
    0.23235715341584434,
    0.2329538437058449,
    0.24238252928465914,
    0.239504861490453,
    0.2544255505881598,
    0.26360554864933256
  ],
  "val_hr_list": [
    0.10180275715800637,
    0.09968186638388123,
    0.11983032873807,
    0.1357370095440085,
    0.15906680805938495,
    0.2014846235418876,
    0.25344644750795337,
    0.29374337221633084,
    0.30328738069989397,
    0.33191940615058324,
    0.37857900318133614,
    0.38494167550371156,
    0.4093319194061506,
    0.43584305408271473,
    0.43796394485683987,
    0.45387062566277836,
    0.4740190880169671,
    0.48568398727465534,
    0.5026511134676565,
    0.4941675503711559
  ],
  "val_ndcg_list": [
    0.04602956683499871,
    0.04718818600560962,
    0.05663637087895509,
    0.07226052024283934,
    0.08625781096455908,
    0.1063458330390856,
    0.14665622595189745,
    0.16409576530512843,
    0.1702848934652025,
    0.18723529401003214,
    0.2067189964817384,
    0.2143450841461137,
    0.23338171355564524,
    0.23420687544100738,
    0.24510883418632876,
    0.2535534602953644,
    0.2557946594893133,
    0.2634452448071717,
    0.27538327949627056,
    0.28032613752726454
  ],
  "upload_bytes_per_round": [
    203144832,
    203144832,
    203144832,
    203144832,
    203144832,
    203144832,
    203144832,
    203144832,
    203144832,
    203144832,
    203144832,
    203144832,
    203144832,
    203144832,
    203144832,
    203144832,
    203144832,
    203144832,
    203144832,
    203144832
  ],
  "total_upload_bytes": 4062896640,
  "aggregate_stats_per_round": [
    {
      "avg_item_neighbors": 685.1431601272534,
      "avg_interest_neighbors": 681.5270413573701,
      "avg_trusted_neighbors": 502.9692470837752,
      "avg_union_neighbors": 863.7009544008483,
      "avg_false_neighbor_ratio": 0.4176581089542893,
      "isolated_nodes": 104.0,
      "mode": "intersection"
    },
    {
      "avg_item_neighbors": 586.1930010604453,
      "avg_interest_neighbors": 581.0222693531283,
      "avg_trusted_neighbors": 356.90562036055144,
      "avg_union_neighbors": 810.3096500530223,
      "avg_false_neighbor_ratio": 0.5595441565613868,
      "isolated_nodes": 143.0,
      "mode": "intersection"
    },
    {
      "avg_item_neighbors": 551.7709437963945,
      "avg_interest_neighbors": 575.3446447507953,
      "avg_trusted_neighbors": 340.0954400848356,
      "avg_union_neighbors": 787.0201484623542,
      "avg_false_neighbor_ratio": 0.5678694621105961,
      "isolated_nodes": 174.0,
      "mode": "intersection"
    },
    {
      "avg_item_neighbors": 529.0837751855779,
      "avg_interest_neighbors": 586.4899257688229,
      "avg_trusted_neighbors": 341.7730646871686,
      "avg_union_neighbors": 773.8006362672322,
      "avg_false_neighbor_ratio": 0.5583189665805118,
      "isolated_nodes": 196.0,
      "mode": "intersection"
    },
    {
      "avg_item_neighbors": 528.3457051961824,
      "avg_interest_neighbors": 592.2460233297985,
      "avg_trusted_neighbors": 344.07423117709436,
      "avg_union_neighbors": 776.5174973488865,
      "avg_false_neighbor_ratio": 0.556900865271162,
      "isolated_nodes": 213.0,
      "mode": "intersection"
    },
    {
      "avg_item_neighbors": 536.6998939554613,
      "avg_interest_neighbors": 596.7783669141039,
      "avg_trusted_neighbors": 351.2301166489926,
      "avg_union_neighbors": 782.2481442205726,
      "avg_false_neighbor_ratio": 0.5509991052788548,
      "isolated_nodes": 200.0,
      "mode": "intersection"
    },
    {
      "avg_item_neighbors": 541.3976670201484,
      "avg_interest_neighbors": 605.4825026511135,
      "avg_trusted_neighbors": 361.58854718981974,
      "avg_union_neighbors": 785.2916224814422,
      "avg_false_neighbor_ratio": 0.5395487016056068,
      "isolated_nodes": 205.0,
      "mode": "intersection"
    },
    {
      "avg_item_neighbors": 533.9681866383881,
      "avg_interest_neighbors": 614.6065747613998,
      "avg_trusted_neighbors": 366.3011664899258,
      "avg_union_neighbors": 782.2735949098621,
      "avg_false_neighbor_ratio": 0.5317480113436105,
      "isolated_nodes": 208.0,
      "mode": "intersection"
    },
    {
      "avg_item_neighbors": 526.0487804878048,
      "avg_interest_neighbors": 617.5949098621421,
      "avg_trusted_neighbors": 372.99257688229056,
      "avg_union_neighbors": 770.6511134676564,
      "avg_false_neighbor_ratio": 0.5160033245083415,
      "isolated_nodes": 210.0,
      "mode": "intersection"
    },
    {
      "avg_item_neighbors": 524.4093319194061,
      "avg_interest_neighbors": 615.7136797454931,
      "avg_trusted_neighbors": 376.46235418875926,
      "avg_union_neighbors": 763.6606574761399,
      "avg_false_neighbor_ratio": 0.5070292668566319,
      "isolated_nodes": 212.0,
      "mode": "intersection"
    },
    {
      "avg_item_neighbors": 528.2502651113467,
      "avg_interest_neighbors": 622.0445387062566,
      "avg_trusted_neighbors": 388.85471898197244,
      "avg_union_neighbors": 761.440084835631,
      "avg_false_neighbor_ratio": 0.489316721399146,
      "isolated_nodes": 212.0,
      "mode": "intersection"
    },
    {
      "avg_item_neighbors": 535.7136797454931,
      "avg_interest_neighbors": 617.3828207847296,
      "avg_trusted_neighbors": 398.77200424178153,
      "avg_union_neighbors": 754.3244962884412,
      "avg_false_neighbor_ratio": 0.4713521750865986,
      "isolated_nodes": 214.0,
      "mode": "intersection"
    },
    {
      "avg_item_neighbors": 535.4379639448568,
      "avg_interest_neighbors": 624.3181336161188,
      "avg_trusted_neighbors": 407.29586426299045,
      "avg_union_neighbors": 752.4602332979852,
      "avg_false_neighbor_ratio": 0.4587144326845836,
      "isolated_nodes": 218.0,
      "mode": "intersection"
    },
    {
      "avg_item_neighbors": 533.507953340403,
      "avg_interest_neighbors": 625.9194061505832,
      "avg_trusted_neighbors": 406.9798515376458,
      "avg_union_neighbors": 752.4475079533404,
      "avg_false_neighbor_ratio": 0.4591252582593671,
      "isolated_nodes": 214.0,
      "mode": "intersection"
    },
    {
      "avg_item_neighbors": 535.1474019088017,
      "avg_interest_neighbors": 635.9872746553552,
      "avg_trusted_neighbors": 417.9893955461294,
      "avg_union_neighbors": 753.1452810180276,
      "avg_false_neighbor_ratio": 0.445008279171407,
      "isolated_nodes": 218.0,
      "mode": "intersection"
    },
    {
      "avg_item_neighbors": 532.899257688229,
      "avg_interest_neighbors": 637.6352067868505,
      "avg_trusted_neighbors": 414.12937433722163,
      "avg_union_neighbors": 756.4050901378579,
      "avg_false_neighbor_ratio": 0.45250318944608786,
      "isolated_nodes": 212.0,
      "mode": "intersection"
    },
    {
      "avg_item_neighbors": 539.8324496288441,
      "avg_interest_neighbors": 638.4623541887593,