{
  "tag": "I4_fc_union",
  "alias": "I4_fc_union",
  "dataset": "100k",
  "num_round_requested": 20,
  "num_round_actual": 20,
  "best_round": 19,
  "best_test_hr": 0.4496288441145281,
  "best_test_ndcg": 0.2406885910764896,
  "best_val_hr": 0.48886532343584305,
  "hr_list": [
    0.11770943796394485,
    0.11876988335100742,
    0.1378579003181336,
    0.13361611876988336,
    0.17073170731707318,
    0.19618239660657477,
    0.21739130434782608,
    0.26299045599151644,
    0.30328738069989397,
    0.33934252386002123,
    0.3552492046659597,
    0.37327677624602335,
    0.3987274655355249,
    0.41251325556733826,
    0.4220572640509014,
    0.41569459172852596,
    0.43796394485683987,
    0.43796394485683987,
    0.4369034994697773,
    0.4496288441145281
  ],
  "ndcg_list": [
    0.05345868085007483,
    0.05248237014817472,
    0.061563567081186744,
    0.06674615527690372,
    0.0917698499566681,
    0.10803131452543398,
    0.12844405323876426,
    0.1532209930699709,
    0.17127991723240674,
    0.19320119951258066,
    0.197404625781058,
    0.20645250855241784,
    0.2202832187486709,
    0.22580333373223888,
    0.2282369022278495,
    0.2285388559209461,
    0.24259833524444166,
    0.2420092372119054,
    0.23344757860713675,
    0.2406885910764896
  ],
  "val_hr_list": [
    0.10180275715800637,
    0.10392364793213149,
    0.11452810180275716,
    0.13043478260869565,
    0.1569459172852598,
    0.20042417815482502,
    0.23435843054082714,
    0.26935312831389185,
    0.3064687168610817,
    0.34358430540827145,
    0.3828207847295864,
    0.39236479321314954,
    0.41039236479321317,
    0.43796394485683987,
    0.440084835630965,
    0.4634146341463415,
    0.4814422057264051,
    0.4814422057264051,
    0.4835630965005302,
    0.48886532343584305
  ],
  "val_ndcg_list": [
    0.04602956683499871,
    0.05032634013462446,
    0.052971429146990275,
    0.07132484372168961,
    0.08049813496371028,
    0.10853400574507276,
    0.13367646694182075,
    0.15724493157307887,
    0.17632548775531454,
    0.19467527892652686,
    0.21168272113369266,
    0.219329820126034,
    0.2374425671703125,
    0.24701769491175304,
    0.2508967758179635,
    0.2577431510546838,
    0.2638319714481366,
    0.2653088869363261,
    0.2652067771670631,
    0.26942275641898494
  ],
  "upload_bytes_per_round": [
    214611712,
    214611712,
    214611712,
    214611712,
    214611712,
    214611712,
    214611712,
    214611712,
    214611712,
    214611712,
    214611712,
    214611712,
    214611712,
    214611712,
    214611712,
    214611712,
    214611712,
    214611712,
    214611712,
    214611712
  ],
  "total_upload_bytes": 4292234240,
  "aggregate_stats_per_round": [
    {
      "avg_item_neighbors": 685.1431601272534,
      "avg_interest_neighbors": 691.4294803817603,
      "avg_trusted_neighbors": 512.0805938494168,
      "avg_union_neighbors": 864.492046659597,
      "avg_false_neighbor_ratio": 0.4076514690585072,
      "isolated_nodes": 0.0,
      "mode": "union"
    },
    {
      "avg_item_neighbors": 602.5450689289502,
      "avg_interest_neighbors": 587.35737009544,
      "avg_trusted_neighbors": 370.27359490986214,
      "avg_union_neighbors": 819.6288441145281,
      "avg_false_neighbor_ratio": 0.5482423568073903,
      "isolated_nodes": 0.0,
      "mode": "union"
    },
    {
      "avg_item_neighbors": 591.0986214209968,
      "avg_interest_neighbors": 565.4082714740191,
      "avg_trusted_neighbors": 358.4475079533404,
      "avg_union_neighbors": 798.0593849416755,
      "avg_false_neighbor_ratio": 0.5508510836201284,
      "isolated_nodes": 0.0,
      "mode": "union"
    },
    {
      "avg_item_neighbors": 580.559915164369,
      "avg_interest_neighbors": 567.4167550371155,
      "avg_trusted_neighbors": 347.5015906680806,
      "avg_union_neighbors": 800.475079533404,
      "avg_false_neighbor_ratio": 0.5658808130908475,
      "isolated_nodes": 0.0,
      "mode": "union"
    },
    {
      "avg_item_neighbors": 585.7857900318133,
      "avg_interest_neighbors": 570.4178154825026,
      "avg_trusted_neighbors": 355.5164369034995,
      "avg_union_neighbors": 800.6871686108166,
      "avg_false_neighbor_ratio": 0.5559858446085547,
      "isolated_nodes": 0.0,
      "mode": "union"
    },
    {
      "avg_item_neighbors": 582.4220572640509,
      "avg_interest_neighbors": 575.9130434782609,
      "avg_trusted_neighbors": 350.59597030752917,
      "avg_union_neighbors": 807.7391304347826,
      "avg_false_neighbor_ratio": 0.5659539607561002,
      "isolated_nodes": 0.0,
      "mode": "union"
    },
    {
      "avg_item_neighbors": 600.7253446447507,
      "avg_interest_neighbors": 586.8589607635207,
      "avg_trusted_neighbors": 377.1198303287381,
      "avg_union_neighbors": 810.4644750795334,
      "avg_false_neighbor_ratio": 0.534686785263808,
      "isolated_nodes": 0.0,
      "mode": "union"
    },
    {
      "avg_item_neighbors": 579.9936373276777,
      "avg_interest_neighbors": 594.492046659597,
      "avg_trusted_neighbors": 391.47189819724287,
      "avg_union_neighbors": 783.0137857900318,
      "avg_false_neighbor_ratio": 0.5000446923137346,
      "isolated_nodes": 0.0,
      "mode": "union"
    },
    {
      "avg_item_neighbors": 602.2990455991517,
      "avg_interest_neighbors": 612.3032873806999,
      "avg_trusted_neighbors": 416.07847295864264,
      "avg_union_neighbors": 798.5238600212089,
      "avg_false_neighbor_ratio": 0.47894046278392793,
      "isolated_nodes": 0.0,
      "mode": "union"
    },
    {
      "avg_item_neighbors": 588.763520678685,
      "avg_interest_neighbors": 607.3849416755037,
      "avg_trusted_neighbors": 412.9459172852598,
      "avg_union_neighbors": 783.202545068929,
      "avg_false_neighbor_ratio": 0.4727469670710572,
      "isolated_nodes": 0.0,
      "mode": "union"
    },
    {
      "avg_item_neighbors": 591.8960763520679,
      "avg_interest_neighbors": 671.9893955461293,
      "avg_trusted_neighbors": 457.89395546129373,
      "avg_union_neighbors": 805.9915164369035,
      "avg_false_neighbor_ratio": 0.4318873758305375,
      "isolated_nodes": 0.0,
      "mode": "union"
    },
    {
      "avg_item_neighbors": 590.0636267232237,
      "avg_interest_neighbors": 667.507953340403,
      "avg_trusted_neighbors": 456.33297985153763,
      "avg_union_neighbors": 801.2386002120891,
      "avg_false_neighbor_ratio": 0.4304655570378841,
      "isolated_nodes": 0.0,
      "mode": "union"
    },
    {
      "avg_item_neighbors": 592.5111346765642,
      "avg_interest_neighbors": 667.4634146341464,
      "avg_trusted_neighbors": 452.86532343584304,
      "avg_union_neighbors": 807.1092258748674,
      "avg_false_neighbor_ratio": 0.43890453867014234,
      "isolated_nodes": 0.0,
      "mode": "union"
    },
    {
      "avg_item_neighbors": 583.9681866383881,
      "avg_interest_neighbors": 666.1781548250265,
      "avg_trusted_neighbors": 456.37327677624603,
      "avg_union_neighbors": 793.7730646871686,
      "avg_false_neighbor_ratio": 0.42505824765406236,
      "isolated_nodes": 0.0,
      "mode": "union"
    },
    {
      "avg_item_neighbors": 597.8897136797455,
      "avg_interest_neighbors": 665.8069989395547,
      "avg_trusted_neighbors": 458.8716861081654,
      "avg_union_neighbors": 804.8250265111346,
      "avg_false_neighbor_ratio": 0.4298491336715199,
      "isolated_nodes": 0.0,
      "mode": "union"
    },
    {
      "avg_item_neighbors": 585.2216330858961,
      "avg_interest_neighbors": 664.1951219512196,
      "avg_trusted_neighbors": 451.9915164369035,
      "avg_union_neighbors": 797.4252386002121,
      "avg_false_neighbor_ratio": 0.4331863420446506,
      "isolated_nodes": 0.0,
      "mode": "union"
    },
    {
      "avg_item_neighbors": 576.7062566277837,
      "avg_interest_neighbors": 657.8621420996818,
      "avg_trusted_neighbors": 451.5015906680806,
      "avg_union_neighbors": 783.0668080593849,