{
  "tag": "V2_topk20_intersection",
  "alias": "V2_topk20_intersection",
  "dataset": "100k",
  "num_round_requested": 25,
  "num_round_actual": 25,
  "best_round": 24,
  "best_test_hr": 0.4634146341463415,
  "best_test_ndcg": 0.2628225292885497,
  "best_val_hr": 0.5079533404029692,
  "hr_list": [
    0.11770943796394485,
    0.1261930010604454,
    0.11240721102863202,
    0.12725344644750794,
    0.14103923647932132,
    0.17815482502651114,
    0.19724284199363734,
    0.25344644750795337,
    0.2735949098621421,
    0.32025450689289503,
    0.33828207847295866,
    0.3647932131495228,
    0.3944856839872747,
    0.38176033934252385,
    0.4019088016967126,
    0.42948038176033937,
    0.43478260869565216,
    0.44644750795334043,
    0.4443266171792153,
    0.4602332979851538,
    0.44750795334040294,
    0.45811240721102864,
    0.4602332979851538,
    0.4623541887592789,
    0.4634146341463415
  ],
  "ndcg_list": [
    0.05345868085007483,
    0.05668110091409271,
    0.05161628916932996,
    0.061902824197368575,
    0.0727899839637742,
    0.08991046416448145,
    0.10118120817632305,
    0.13111976588013968,
    0.1589630233591675,
    0.17479865048108684,
    0.18321029487982002,
    0.20326164972957061,
    0.2220702625265166,
    0.21465183690006823,
    0.22473482885873902,
    0.23648112329377036,
    0.2354550821272638,
    0.2400617018219099,
    0.23968898302288735,
    0.25031582868153535,
    0.2365859693309814,
    0.24816935767103776,
    0.2522612828666174,
    0.2523996790663299,
    0.2628225292885497
  ],
  "val_hr_list": [
    0.10180275715800637,
    0.10922587486744433,
    0.10604453870625663,
    0.1102863202545069,
    0.14422057264050903,
    0.18133616118769882,
    0.2258748674443266,
    0.23223753976670203,
    0.2873806998939555,
    0.3255567338282078,
    0.34358430540827145,
    0.3828207847295864,
    0.4135737009544008,
    0.42948038176033937,
    0.4517497348886532,
    0.45493107104984093,
    0.47613997879109227,
    0.47720042417815484,
    0.48568398727465534,
    0.47932131495228,
    0.4941675503711559,
    0.49946977730646874,
    0.5015906680805938,
    0.503711558854719,
    0.5079533404029692
  ],
  "val_ndcg_list": [
    0.04602956683499871,
    0.05102829023082033,
    0.05392729848952013,
    0.05587389996066163,
    0.07815182964046213,
    0.09706557488536055,
    0.12308536121647058,
    0.12729609214445184,
    0.16100091153776253,
    0.17138595648303595,
    0.1923601114656185,
    0.2115103195675395,
    0.2283393889698509,
    0.2317868216029902,
    0.24206396031702815,
    0.2476609176327467,
    0.2530994828191856,
    0.2527465950079943,
    0.26044389001155255,
    0.2543995012811922,
    0.2613129087602352,
    0.2576161277164049,
    0.2633195247674461,
    0.262342243354325,
    0.27449523315041174
  ],
  "upload_bytes_per_round": [
    203144832,
    203144832,
    203144832,
    203144832,
    203144832,
    203144832,
    203144832,
    203144832,
    203144832,
    203144832,
    203144832,
    203144832,
    203144832,
    203144832,
    203144832,
    203144832,
    203144832,
    203144832,
    203144832,
    203144832,
    203144832,
    203144832,
    203144832,
    203144832,
    203144832
  ],
  "total_upload_bytes": 5078620800,
  "aggregate_stats_per_round": [
    {
      "avg_item_neighbors": 20.0,
      "avg_interest_neighbors": 20.0,
      "avg_trusted_neighbors": 1.303287380699894,
      "avg_union_neighbors": 38.69671261930011,
      "avg_false_neighbor_ratio": 0.9663204625798142,
      "isolated_nodes": 563.0,
      "mode": "intersection"
    },
    {
      "avg_item_neighbors": 20.0,
      "avg_interest_neighbors": 20.0,
      "avg_trusted_neighbors": 1.1845174973488866,
      "avg_union_neighbors": 38.815482502651115,
      "avg_false_neighbor_ratio": 0.9694833756795891,
      "isolated_nodes": 429.0,
      "mode": "intersection"
    },
    {
      "avg_item_neighbors": 20.0,
      "avg_interest_neighbors": 20.0,
      "avg_trusted_neighbors": 1.2036055143160127,
      "avg_union_neighbors": 38.79639448568399,
      "avg_false_neighbor_ratio": 0.968976356430231,
      "isolated_nodes": 424.0,
      "mode": "intersection"
    },
    {
      "avg_item_neighbors": 20.0,
      "avg_interest_neighbors": 20.0,
      "avg_trusted_neighbors": 1.8335100742311772,
      "avg_union_neighbors": 38.16648992576882,
      "avg_false_neighbor_ratio": 0.951960212275291,
      "isolated_nodes": 349.0,
      "mode": "intersection"
    },
    {
      "avg_item_neighbors": 20.0,
      "avg_interest_neighbors": 20.0,
      "avg_trusted_neighbors": 1.9289501590668081,
      "avg_union_neighbors": 38.07104984093319,
      "avg_false_neighbor_ratio": 0.9493328876632963,
      "isolated_nodes": 287.0,
      "mode": "intersection"
    },
    {
      "avg_item_neighbors": 20.0,
      "avg_interest_neighbors": 20.0,
      "avg_trusted_neighbors": 1.8207847295864263,
      "avg_union_neighbors": 38.17921527041357,
      "avg_false_neighbor_ratio": 0.9523095297614088,
      "isolated_nodes": 316.0,
      "mode": "intersection"
    },
    {
      "avg_item_neighbors": 20.0,
      "avg_interest_neighbors": 20.0,
      "avg_trusted_neighbors": 2.411452810180276,
      "avg_union_neighbors": 37.58854718981972,
      "avg_false_neighbor_ratio": 0.9358460757208148,
      "isolated_nodes": 250.0,
      "mode": "intersection"
    },
    {
      "avg_item_neighbors": 20.0,
      "avg_interest_neighbors": 20.0,
      "avg_trusted_neighbors": 2.2979851537645812,
      "avg_union_neighbors": 37.70201484623542,
      "avg_false_neighbor_ratio": 0.9390487441284843,
      "isolated_nodes": 271.0,
      "mode": "intersection"
    },
    {
      "avg_item_neighbors": 20.0,
      "avg_interest_neighbors": 20.0,
      "avg_trusted_neighbors": 2.6214209968186637,
      "avg_union_neighbors": 37.378579003181336,
      "avg_false_neighbor_ratio": 0.9298683613254652,
      "isolated_nodes": 257.0,
      "mode": "intersection"
    },
    {
      "avg_item_neighbors": 20.0,
      "avg_interest_neighbors": 20.0,
      "avg_trusted_neighbors": 2.4856839872746552,
      "avg_union_neighbors": 37.514316012725345,
      "avg_false_neighbor_ratio": 0.9337403889642696,
      "isolated_nodes": 275.0,
      "mode": "intersection"
    },
    {
      "avg_item_neighbors": 20.0,
      "avg_interest_neighbors": 20.0,
      "avg_trusted_neighbors": 2.1993637327677624,
      "avg_union_neighbors": 37.800636267232235,
      "avg_false_neighbor_ratio": 0.9418167536329461,
      "isolated_nodes": 278.0,
      "mode": "intersection"
    },
    {
      "avg_item_neighbors": 20.0,
      "avg_interest_neighbors": 20.0,
      "avg_trusted_neighbors": 2.139978791092259,
      "avg_union_neighbors": 37.86002120890774,
      "avg_false_neighbor_ratio": 0.9434765559352417,
      "isolated_nodes": 359.0,
      "mode": "intersection"
    },
    {
      "avg_item_neighbors": 20.0,
      "avg_interest_neighbors": 20.0,
      "avg_trusted_neighbors": 1.970307529162248,
      "avg_union_neighbors": 38.02969247083775,
      "avg_false_neighbor_ratio": 0.9481902849813173,
      "isolated_nodes": 397.0,
      "mode": "intersection"
    },
    {
      "avg_item_neighbors": 20.0,
      "avg_interest_neighbors": 20.0,
      "avg_trusted_neighbors": 1.9989395546129374,
      "avg_union_neighbors": 38.00106044538706,
      "avg_false_neighbor_ratio": 0.9473977954513744,
      "isolated_nodes": 431.0,
      "mode": "intersection"
    },
    {
      "avg_item_neighbors": 20.0,
      "avg_interest_neighbors": 20.0,
      "avg_trusted_neighbors": 1.8494167550371157,
      "avg_union_neighbors": 38.15058324496288,
      "avg_false_neighbor_ratio": 0.9515232377140316,
      "isolated_nodes": 453.0,
      "mode": "intersection"
    },
    {
      "avg_item_neighbors": 20.0,
      "avg_interest_neighbors": 20.0,
      "avg_trusted_neighbors": 1.7423117709437963,
      "avg_union_neighbors": 38.25768822905621,