{
  "tag": "V2_topk10_intersection",
  "alias": "V2_topk10_intersection",
  "dataset": "100k",
  "num_round_requested": 25,
  "num_round_actual": 22,
  "best_round": 16,
  "best_test_hr": 0.41993637327677624,
  "best_test_ndcg": 0.2315155038632719,
  "best_val_hr": 0.4496288441145281,
  "hr_list": [
    0.11770943796394485,
    0.12195121951219512,
    0.11664899257688228,
    0.12195121951219512,
    0.16436903499469777,
    0.1823966065747614,
    0.22481442205726404,
    0.2576882290562036,
    0.2682926829268293,
    0.3022269353128314,
    0.33191940615058324,
    0.35418875927889715,
    0.3616118769883351,
    0.3806998939554613,
    0.37327677624602335,
    0.41251325556733826,
    0.41993637327677624,
    0.40721102863202546,
    0.4220572640509014,
    0.42311770943796395,
    0.41145281018027574,
    0.40721102863202546
  ],
  "ndcg_list": [
    0.05345868085007483,
    0.0555268033406929,
    0.051552870709448056,
    0.0629915957299113,
    0.07915444959594908,
    0.09646816724798628,
    0.11377990295446185,
    0.14188756123159751,
    0.15071927544928804,
    0.1686158008416338,
    0.18138192423293892,
    0.20190152168554207,
    0.20651265736666793,
    0.2141616173763626,
    0.20864034364320952,
    0.22339366205385477,
    0.2315155038632719,
    0.21801459394266062,
    0.2129722763140906,
    0.22445987758377717,
    0.2104791119198619,
    0.20902977972708414
  ],
  "val_hr_list": [
    0.10180275715800637,
    0.09650053022269353,
    0.10180275715800637,
    0.1261930010604454,
    0.1420996818663839,
    0.1951219512195122,
    0.23117709437963946,
    0.24708377518557795,
    0.2757158006362672,
    0.31601272534464475,
    0.3457051961823966,
    0.35737009544008486,
    0.3753976670201485,
    0.4337221633085896,
    0.41145281018027574,
    0.4252386002120891,
    0.4496288441145281,
    0.43584305408271473,
    0.4337221633085896,
    0.4411452810180276,
    0.44750795334040294,
    0.43478260869565216
  ],
  "val_ndcg_list": [
    0.04602956683499871,
    0.04398956799165835,
    0.04646083515148915,
    0.0601967281530069,
    0.07183770045865734,
    0.10316835029109951,
    0.12938357042820695,
    0.13904996623877103,
    0.15736802585196027,
    0.17447564890404113,
    0.18947459450219045,
    0.19542218508860004,
    0.20674423031307995,
    0.23474593768180213,
    0.21863286401361565,
    0.22529430114471086,
    0.23292526016600373,
    0.2197303117661019,
    0.21900197791571246,
    0.23150030295871027,
    0.23459499965574393,
    0.23122049563156427
  ],
  "upload_bytes_per_round": [
    203144832,
    203144832,
    203144832,
    203144832,
    203144832,
    203144832,
    203144832,
    203144832,
    203144832,
    203144832,
    203144832,
    203144832,
    203144832,
    203144832,
    203144832,
    203144832,
    203144832,
    203144832,
    203144832,
    203144832,
    203144832,
    203144832
  ],
  "total_upload_bytes": 4469186304,
  "aggregate_stats_per_round": [
    {
      "avg_item_neighbors": 10.0,
      "avg_interest_neighbors": 10.0,
      "avg_trusted_neighbors": 0.37751855779427357,
      "avg_union_neighbors": 19.622481442205725,
      "avg_false_neighbor_ratio": 0.9807609165585819,
      "isolated_nodes": 747.0,
      "mode": "intersection"
    },
    {
      "avg_item_neighbors": 10.0,
      "avg_interest_neighbors": 10.0,
      "avg_trusted_neighbors": 0.2948038176033934,
      "avg_union_neighbors": 19.705196182396605,
      "avg_false_neighbor_ratio": 0.9850392853298892,
      "isolated_nodes": 763.0,
      "mode": "intersection"
    },
    {
      "avg_item_neighbors": 10.0,
      "avg_interest_neighbors": 10.0,
      "avg_trusted_neighbors": 0.21739130434782608,
      "avg_union_neighbors": 19.782608695652176,
      "avg_false_neighbor_ratio": 0.989010989010989,
      "isolated_nodes": 772.0,
      "mode": "intersection"
    },
    {
      "avg_item_neighbors": 10.0,
      "avg_interest_neighbors": 10.0,
      "avg_trusted_neighbors": 0.35100742311770944,
      "avg_union_neighbors": 19.64899257688229,
      "avg_false_neighbor_ratio": 0.982136110961196,
      "isolated_nodes": 726.0,
      "mode": "intersection"
    },
    {
      "avg_item_neighbors": 10.0,
      "avg_interest_neighbors": 10.0,
      "avg_trusted_neighbors": 0.25874867444326616,
      "avg_union_neighbors": 19.741251325556735,
      "avg_false_neighbor_ratio": 0.9868929952728835,
      "isolated_nodes": 776.0,
      "mode": "intersection"
    },
    {
      "avg_item_neighbors": 10.0,
      "avg_interest_neighbors": 10.0,
      "avg_trusted_neighbors": 0.32237539766702017,
      "avg_union_neighbors": 19.67762460233298,
      "avg_false_neighbor_ratio": 0.9836171588704462,
      "isolated_nodes": 728.0,
      "mode": "intersection"
    },
    {
      "avg_item_neighbors": 10.0,
      "avg_interest_neighbors": 10.0,
      "avg_trusted_neighbors": 0.3213149522799576,
      "avg_union_neighbors": 19.67868504772004,
      "avg_false_neighbor_ratio": 0.983671929730021,
      "isolated_nodes": 724.0,
      "mode": "intersection"
    },
    {
      "avg_item_neighbors": 10.0,
      "avg_interest_neighbors": 10.0,
      "avg_trusted_neighbors": 0.4337221633085896,
      "avg_union_neighbors": 19.56627783669141,
      "avg_false_neighbor_ratio": 0.977833179773454,
      "isolated_nodes": 681.0,
      "mode": "intersection"
    },
    {
      "avg_item_neighbors": 10.0,
      "avg_interest_neighbors": 10.0,
      "avg_trusted_neighbors": 0.5291622481442205,
      "avg_union_neighbors": 19.47083775185578,
      "avg_false_neighbor_ratio": 0.9728228310004902,
      "isolated_nodes": 648.0,
      "mode": "intersection"
    },
    {
      "avg_item_neighbors": 10.0,
      "avg_interest_neighbors": 10.0,
      "avg_trusted_neighbors": 0.5174973488865323,
      "avg_union_neighbors": 19.482502651113467,
      "avg_false_neighbor_ratio": 0.973437840191596,
      "isolated_nodes": 671.0,
      "mode": "intersection"
    },
    {
      "avg_item_neighbors": 10.0,
      "avg_interest_neighbors": 10.0,
      "avg_trusted_neighbors": 0.48886532343584305,
      "avg_union_neighbors": 19.511134676564158,
      "avg_false_neighbor_ratio": 0.974944290450568,
      "isolated_nodes": 692.0,
      "mode": "intersection"
    },
    {
      "avg_item_neighbors": 10.0,
      "avg_interest_neighbors": 10.0,
      "avg_trusted_neighbors": 0.5249204665959704,
      "avg_union_neighbors": 19.47507953340403,
      "avg_false_neighbor_ratio": 0.9730465559488157,
      "isolated_nodes": 690.0,
      "mode": "intersection"
    },
    {
      "avg_item_neighbors": 10.0,
      "avg_interest_neighbors": 10.0,
      "avg_trusted_neighbors": 0.46977730646871685,
      "avg_union_neighbors": 19.530222693531282,
      "avg_false_neighbor_ratio": 0.9759461367215073,
      "isolated_nodes": 702.0,
      "mode": "intersection"
    },
    {
      "avg_item_neighbors": 10.0,
      "avg_interest_neighbors": 10.0,
      "avg_trusted_neighbors": 0.46129374337221635,
      "avg_union_neighbors": 19.538706256627783,
      "avg_false_neighbor_ratio": 0.9763907734056988,
      "isolated_nodes": 719.0,
      "mode": "intersection"
    },
    {
      "avg_item_neighbors": 10.0,
      "avg_interest_neighbors": 10.0,
      "avg_trusted_neighbors": 0.3997879109225875,
      "avg_union_neighbors": 19.600212089077413,
      "avg_false_neighbor_ratio": 0.979602878320619,
      "isolated_nodes": 762.0,
      "mode": "intersection"
    },
    {
      "avg_item_neighbors": 10.0,
      "avg_interest_neighbors": 10.0,
      "avg_trusted_neighbors": 0.3117709437963945,
      "avg_union_neighbors": 19.688229056203607,
      "avg_false_neighbor_ratio": 0.9841646019605731,
      "isolated_nodes": 786.0,
      "mode": "intersection"
    },
    {
      "avg_item_neighbors": 10.0,
      "avg_interest_neighbors": 10.0,
      "avg_trusted_neighbors": 0.295864262990456,
      "avg_union_neighbors": 19.704135737009544,
      "avg_false_neighbor_ratio": 0.9849846617512513,