{
  "tag": "V3_product_thresh",
  "alias": "V3_product_thresh",
  "dataset": "100k",
  "num_round_requested": 25,
  "num_round_actual": 25,
  "best_round": 24,
  "best_test_hr": 0.48886532343584305,
  "best_test_ndcg": 0.2802172108353591,
  "best_val_hr": 0.5440084835630965,
  "hr_list": [
    0.11770943796394485,
    0.11770943796394485,
    0.13679745493107104,
    0.13149522799575822,
    0.15482502651113467,
    0.19618239660657477,
    0.23647932131495228,
    0.2704135737009544,
    0.295864262990456,
    0.3149522799575822,
    0.3372216330858961,
    0.3605514316012725,
    0.3860021208907741,
    0.38494167550371156,
    0.40827147401908803,
    0.40721102863202546,
    0.43160127253446445,
    0.4220572640509014,
    0.4443266171792153,
    0.45705196182396607,
    0.4591728525980912,
    0.4591728525980912,
    0.4867444326617179,
    0.4835630965005302,
    0.48886532343584305
  ],
  "ndcg_list": [
    0.05345868085007483,
    0.051548378003966576,
    0.06118247926149959,
    0.06794212029152294,
    0.07880336975794054,
    0.10954433940853109,
    0.12948650651254207,
    0.15616909750451663,
    0.1695364937461156,
    0.1820885124919584,
    0.1911366645260272,
    0.20297697671145168,
    0.2151227250387832,
    0.2190386162050941,
    0.23145036418894263,
    0.22895937009214562,
    0.2506272910719445,
    0.2369048363529817,
    0.2474878368147151,
    0.2531455275241334,
    0.26267858510632225,
    0.2668674145891734,
    0.2809474643949717,
    0.2778400850143522,
    0.2802172108353591
  ],
  "val_hr_list": [
    0.10180275715800637,
    0.1007423117709438,
    0.11876988335100742,
    0.1357370095440085,
    0.1664899257688229,
    0.19088016967126192,
    0.2258748674443266,
    0.2725344644750795,
    0.3075291622481442,
    0.3266171792152704,
    0.37327677624602335,
    0.391304347826087,
    0.4252386002120891,
    0.43160127253446445,
    0.45493107104984093,
    0.4602332979851538,
    0.47720042417815484,
    0.47295864262990456,
    0.4909862142099682,
    0.49628844114528103,
    0.5047720042417816,
    0.5047720042417816,
    0.5111346765641569,
    0.5227995758218452,
    0.5440084835630965
  ],
  "val_ndcg_list": [
    0.04602956683499871,
    0.048834752003264356,
    0.05629743031492395,
    0.07284363003376551,
    0.08456751128534087,
    0.10400512732638086,
    0.12946382236639556,
    0.15316150543127804,
    0.1721496512851989,
    0.17813590084665926,
    0.20335441528445578,
    0.21565134549803036,
    0.24042009343442375,
    0.2378601956852106,
    0.25656504158422977,
    0.25687941840082756,
    0.26567399836053573,
    0.2691287127628852,
    0.2770574735308908,
    0.28977309448880967,
    0.287597964409354,
    0.28620593318336524,
    0.28597630014404524,
    0.2993153951615451,
    0.3094128693660512
  ],
  "upload_bytes_per_round": [
    203144832,
    203144832,
    203144832,
    203144832,
    203144832,
    203144832,
    203144832,
    203144832,
    203144832,
    203144832,
    203144832,
    203144832,
    203144832,
    203144832,
    203144832,
    203144832,
    203144832,
    203144832,
    203144832,
    203144832,
    203144832,
    203144832,
    203144832,
    203144832,
    203144832
  ],
  "total_upload_bytes": 5078620800,
  "aggregate_stats_per_round": [
    {
      "avg_item_neighbors": 685.1431601272534,
      "avg_interest_neighbors": 681.5270413573701,
      "avg_trusted_neighbors": 502.9692470837752,
      "avg_union_neighbors": 863.7009544008483,
      "avg_false_neighbor_ratio": 0.44442116284387734,
      "isolated_nodes": 36.0,
      "mode": "product"
    },
    {
      "avg_item_neighbors": 594.0572640509014,
      "avg_interest_neighbors": 581.3976670201484,
      "avg_trusted_neighbors": 361.03287380699896,
      "avg_union_neighbors": 814.4220572640509,
      "avg_false_neighbor_ratio": 0.5831995915066439,
      "isolated_nodes": 51.0,
      "mode": "product"
    },
    {
      "avg_item_neighbors": 606.4793213149522,
      "avg_interest_neighbors": 574.4326617179215,
      "avg_trusted_neighbors": 374.08059384941674,
      "avg_union_neighbors": 806.8313891834571,
      "avg_false_neighbor_ratio": 0.5643557696989082,
      "isolated_nodes": 66.0,
      "mode": "product"
    },
    {
      "avg_item_neighbors": 579.406150583245,
      "avg_interest_neighbors": 586.8886532343585,
      "avg_trusted_neighbors": 365.83669141039235,
      "avg_union_neighbors": 800.458112407211,
      "avg_false_neighbor_ratio": 0.5737282736141837,
      "isolated_nodes": 114.0,
      "mode": "product"
    },
    {
      "avg_item_neighbors": 593.6797454931071,
      "avg_interest_neighbors": 594.727465535525,
      "avg_trusted_neighbors": 377.63944856839873,
      "avg_union_neighbors": 810.7677624602333,
      "avg_false_neighbor_ratio": 0.5635060458279413,
      "isolated_nodes": 129.0,
      "mode": "product"
    },
    {
      "avg_item_neighbors": 583.8430540827147,
      "avg_interest_neighbors": 597.932131495228,
      "avg_trusted_neighbors": 371.81972428419937,
      "avg_union_neighbors": 809.9554612937434,
      "avg_false_neighbor_ratio": 0.5711275787851474,
      "isolated_nodes": 134.0,
      "mode": "product"
    },
    {
      "avg_item_neighbors": 584.0975609756098,
      "avg_interest_neighbors": 603.1367974549311,
      "avg_trusted_neighbors": 383.8579003181336,
      "avg_union_neighbors": 803.3764581124072,
      "avg_false_neighbor_ratio": 0.5548802257572607,
      "isolated_nodes": 146.0,
      "mode": "product"
    },
    {
      "avg_item_neighbors": 575.6033934252386,
      "avg_interest_neighbors": 612.3181336161188,
      "avg_trusted_neighbors": 389.1219512195122,
      "avg_union_neighbors": 798.7995758218452,
      "avg_false_neighbor_ratio": 0.5470681326911256,
      "isolated_nodes": 165.0,
      "mode": "product"
    },
    {
      "avg_item_neighbors": 557.5037115588548,
      "avg_interest_neighbors": 616.152704135737,
      "avg_trusted_neighbors": 387.09862142099684,
      "avg_union_neighbors": 786.5577942735949,
      "avg_false_neighbor_ratio": 0.5459897066995567,
      "isolated_nodes": 179.0,
      "mode": "product"
    },
    {
      "avg_item_neighbors": 551.8791092258749,
      "avg_interest_neighbors": 615.7094379639449,
      "avg_trusted_neighbors": 388.475079533404,
      "avg_union_neighbors": 779.1134676564157,
      "avg_false_neighbor_ratio": 0.5412144912543326,
      "isolated_nodes": 186.0,
      "mode": "product"
    },
    {
      "avg_item_neighbors": 554.033934252386,
      "avg_interest_neighbors": 620.899257688229,
      "avg_trusted_neighbors": 398.4050901378579,
      "avg_union_neighbors": 776.5281018027572,
      "avg_false_neighbor_ratio": 0.5314458876593384,
      "isolated_nodes": 186.0,
      "mode": "product"
    },
    {
      "avg_item_neighbors": 538.8186638388123,
      "avg_interest_neighbors": 618.101802757158,
      "avg_trusted_neighbors": 391.00106044538705,
      "avg_union_neighbors": 765.9194061505832,
      "avg_false_neighbor_ratio": 0.536353581459162,
      "isolated_nodes": 185.0,
      "mode": "product"
    },
    {
      "avg_item_neighbors": 550.1060445387062,
      "avg_interest_neighbors": 621.0265111346765,
      "avg_trusted_neighbors": 405.2237539766702,
      "avg_union_neighbors": 765.9088016967127,
      "avg_false_neighbor_ratio": 0.5164916457312863,
      "isolated_nodes": 190.0,
      "mode": "product"
    },
    {
      "avg_item_neighbors": 545.9045599151643,
      "avg_interest_neighbors": 623.0901378579003,
      "avg_trusted_neighbors": 410.41781548250265,
      "avg_union_neighbors": 758.576882290562,
      "avg_false_neighbor_ratio": 0.5063539929868567,
      "isolated_nodes": 193.0,
      "mode": "product"
    },
    {
      "avg_item_neighbors": 541.1664899257688,
      "avg_interest_neighbors": 625.0307529162249,
      "avg_trusted_neighbors": 410.23329798515374,
      "avg_union_neighbors": 755.9639448568398,
      "avg_false_neighbor_ratio": 0.5051851648491443,