{
  "tag": "V6_int_dp0.005",
  "alias": "V6_int_dp0.005",
  "dataset": "100k",
  "num_round_requested": 25,
  "num_round_actual": 25,
  "best_round": 24,
  "best_test_hr": 0.5015906680805938,
  "best_test_ndcg": 0.2952076530610045,
  "best_val_hr": 0.5174973488865323,
  "hr_list": [
    0.11770943796394485,
    0.11558854718981973,
    0.13361611876988336,
    0.12937433722163308,
    0.1664899257688229,
    0.20572640509013787,
    0.23435843054082714,
    0.26193001060445387,
    0.30858960763520676,
    0.33191940615058324,
    0.33191940615058324,
    0.3616118769883351,
    0.37327677624602335,
    0.4029692470837752,
    0.4252386002120891,
    0.4209968186638388,
    0.4602332979851538,
    0.46129374337221635,
    0.46129374337221635,
    0.4782608695652174,
    0.47295864262990456,
    0.4899257688229056,
    0.5005302226935313,
    0.5015906680805938,
    0.5015906680805938
  ],
  "ndcg_list": [
    0.05345868085007483,
    0.05116495123326658,
    0.06094459490470243,
    0.065054936507383,
    0.08932563565730689,
    0.10871342773568173,
    0.12595967695857052,
    0.1454936670608611,
    0.1700346551304515,
    0.18377259969946755,
    0.18560209964152763,
    0.20613545147433343,
    0.2031690734545738,
    0.21903523457745017,
    0.23442555660639078,
    0.2301505091416082,
    0.25363491645785585,
    0.2563237644381747,
    0.2586507931748663,
    0.265904810526374,
    0.27475781590205267,
    0.27600818366470825,
    0.2862644000981114,
    0.2905789565924237,
    0.2952076530610045
  ],
  "val_hr_list": [
    0.10180275715800637,
    0.09968186638388123,
    0.11983032873807,
    0.1357370095440085,
    0.16542948038176034,
    0.20042417815482502,
    0.24390243902439024,
    0.28525980911983034,
    0.2979851537645811,
    0.3340402969247084,
    0.3796394485683987,
    0.38494167550371156,
    0.42311770943796395,
    0.42629904559915166,
    0.4432661717921527,
    0.46447507953340406,
    0.4814422057264051,
    0.48886532343584305,
    0.4899257688229056,
    0.49628844114528103,
    0.49522799575821846,
    0.5079533404029692,
    0.5174973488865323,
    0.5153764581124072,
    0.5174973488865323
  ],
  "val_ndcg_list": [
    0.04602956683499871,
    0.046963702746939465,
    0.05729331574293542,
    0.07151850345197222,
    0.08833847833137551,
    0.10746315651137181,
    0.13968938405176456,
    0.15809042618296382,
    0.16694911591900072,
    0.18548900614177902,
    0.20461844814170738,
    0.2088376564399397,
    0.23486837536270724,
    0.23592792613162958,
    0.24588510065039657,
    0.2557574573075235,
    0.2681842475984882,
    0.26655195184856384,
    0.27593420680023445,
    0.2727272461046433,
    0.2780177222013054,
    0.28659740541874806,
    0.28710517075252084,
    0.29074207010750613,
    0.2941335760089842
  ],
  "upload_bytes_per_round": [
    203144832,
    203144832,
    203144832,
    203144832,
    203144832,
    203144832,
    203144832,
    203144832,
    203144832,
    203144832,
    203144832,
    203144832,
    203144832,
    203144832,
    203144832,
    203144832,
    203144832,
    203144832,
    203144832,
    203144832,
    203144832,
    203144832,
    203144832,
    203144832,
    203144832
  ],
  "total_upload_bytes": 5078620800,
  "aggregate_stats_per_round": [
    {
      "avg_item_neighbors": 685.1770943796395,
      "avg_interest_neighbors": 681.5270413573701,
      "avg_trusted_neighbors": 502.9862142099682,
      "avg_union_neighbors": 863.7179215270413,
      "avg_false_neighbor_ratio": 0.41764990435685817,
      "isolated_nodes": 104.0,
      "mode": "intersection"
    },
    {
      "avg_item_neighbors": 589.219512195122,
      "avg_interest_neighbors": 581.0837751855779,
      "avg_trusted_neighbors": 358.87380699893953,
      "avg_union_neighbors": 811.4294803817603,
      "avg_false_neighbor_ratio": 0.5577264375086581,
      "isolated_nodes": 142.0,
      "mode": "intersection"
    },
    {
      "avg_item_neighbors": 554.7359490986214,
      "avg_interest_neighbors": 575.5482502651114,
      "avg_trusted_neighbors": 341.09225874867445,
      "avg_union_neighbors": 789.1919406150583,
      "avg_false_neighbor_ratio": 0.5677955625309054,
      "isolated_nodes": 170.0,
      "mode": "intersection"
    },
    {
      "avg_item_neighbors": 527.2131495227995,
      "avg_interest_neighbors": 586.829268292683,
      "avg_trusted_neighbors": 339.7476139978791,
      "avg_union_neighbors": 774.2948038176033,
      "avg_false_neighbor_ratio": 0.5612167196230963,
      "isolated_nodes": 191.0,
      "mode": "intersection"
    },
    {
      "avg_item_neighbors": 543.8833510074231,
      "avg_interest_neighbors": 592.3520678685047,
      "avg_trusted_neighbors": 352.64687168610817,
      "avg_union_neighbors": 783.5885471898197,
      "avg_false_neighbor_ratio": 0.5499591297616534,
      "isolated_nodes": 199.0,
      "mode": "intersection"
    },
    {
      "avg_item_neighbors": 535.0880169671262,
      "avg_interest_neighbors": 596.9798515376458,
      "avg_trusted_neighbors": 348.34994697773067,
      "avg_union_neighbors": 783.7179215270413,
      "avg_false_neighbor_ratio": 0.5555161654348985,
      "isolated_nodes": 200.0,
      "mode": "intersection"
    },
    {
      "avg_item_neighbors": 539.6161187698833,
      "avg_interest_neighbors": 605.8282078472959,
      "avg_trusted_neighbors": 362.9756097560976,
      "avg_union_neighbors": 782.4687168610817,
      "avg_false_neighbor_ratio": 0.5361148606525828,
      "isolated_nodes": 206.0,
      "mode": "intersection"
    },
    {
      "avg_item_neighbors": 530.1951219512196,
      "avg_interest_neighbors": 618.3944856839872,
      "avg_trusted_neighbors": 368.2354188759279,
      "avg_union_neighbors": 780.3541887592789,
      "avg_false_neighbor_ratio": 0.5281175853474915,
      "isolated_nodes": 214.0,
      "mode": "intersection"
    },
    {
      "avg_item_neighbors": 538.3372216330858,
      "avg_interest_neighbors": 622.2226935312831,
      "avg_trusted_neighbors": 381.34252386002123,
      "avg_union_neighbors": 779.2173913043479,
      "avg_false_neighbor_ratio": 0.5106082999229724,
      "isolated_nodes": 208.0,
      "mode": "intersection"
    },
    {
      "avg_item_neighbors": 533.2004241781548,
      "avg_interest_neighbors": 622.4284199363733,
      "avg_trusted_neighbors": 386.4941675503712,
      "avg_union_neighbors": 769.134676564157,
      "avg_false_neighbor_ratio": 0.4974948090015911,
      "isolated_nodes": 207.0,
      "mode": "intersection"
    },
    {
      "avg_item_neighbors": 530.4050901378579,
      "avg_interest_neighbors": 626.8589607635207,
      "avg_trusted_neighbors": 390.90562036055144,
      "avg_union_neighbors": 766.3584305408272,
      "avg_false_neighbor_ratio": 0.48991802688895164,
      "isolated_nodes": 219.0,
      "mode": "intersection"
    },
    {
      "avg_item_neighbors": 528.9734888653235,
      "avg_interest_neighbors": 626.1951219512196,
      "avg_trusted_neighbors": 395.6373276776246,
      "avg_union_neighbors": 759.5312831389183,
      "avg_false_neighbor_ratio": 0.4791033148199342,
      "isolated_nodes": 215.0,
      "mode": "intersection"
    },
    {
      "avg_item_neighbors": 535.694591728526,
      "avg_interest_neighbors": 630.0402969247084,
      "avg_trusted_neighbors": 405.8536585365854,
      "avg_union_neighbors": 759.881230116649,
      "avg_false_neighbor_ratio": 0.4658985609181543,
      "isolated_nodes": 222.0,
      "mode": "intersection"
    },
    {
      "avg_item_neighbors": 525.051961823966,
      "avg_interest_neighbors": 631.3637327677625,
      "avg_trusted_neighbors": 405.0286320254507,
      "avg_union_neighbors": 751.3870625662778,
      "avg_false_neighbor_ratio": 0.46095873591152736,
      "isolated_nodes": 216.0,
      "mode": "intersection"
    },
    {
      "avg_item_neighbors": 529.3319194061506,
      "avg_interest_neighbors": 631.7667020148463,
      "avg_trusted_neighbors": 409.20042417815483,