{
  "tag": "V6_int_dp0.01",
  "alias": "V6_int_dp0.01",
  "dataset": "100k",
  "num_round_requested": 25,
  "num_round_actual": 25,
  "best_round": 24,
  "best_test_hr": 0.503711558854719,
  "best_test_ndcg": 0.2905833914045369,
  "best_val_hr": 0.5365853658536586,
  "hr_list": [
    0.11770943796394485,
    0.11346765641569459,
    0.1357370095440085,
    0.13361611876988336,
    0.1633085896076352,
    0.21845174973488865,
    0.24072110286320256,
    0.2513255567338282,
    0.30328738069989397,
    0.3255567338282078,
    0.3340402969247084,
    0.35418875927889715,
    0.36585365853658536,
    0.38918345705196183,
    0.41675503711558853,
    0.43478260869565216,
    0.45387062566277836,
    0.45705196182396607,
    0.4485683987274655,
    0.46553552492046657,
    0.45068928950159065,
    0.47613997879109227,
    0.4899257688229056,
    0.49628844114528103,
    0.503711558854719
  ],
  "ndcg_list": [
    0.05345868085007483,
    0.05073117990501886,
    0.06085505429483733,
    0.06634142233840427,
    0.08785428346441923,
    0.1167954885897662,
    0.13525697204413767,
    0.14219577135145395,
    0.1687367074029662,
    0.18422583611481427,
    0.18731265945694486,
    0.20388209113539246,
    0.2060202093013363,
    0.22279132247500705,
    0.23580560656784907,
    0.24057997433345898,
    0.25266720387684183,
    0.25206550379867004,
    0.2520219814890935,
    0.26484142532507704,
    0.2589607988728199,
    0.2743193639845338,
    0.2780955858416727,
    0.28298038790908236,
    0.2905833914045369
  ],
  "val_hr_list": [
    0.10180275715800637,
    0.1007423117709438,
    0.11770943796394485,
    0.1420996818663839,
    0.16755037115588547,
    0.2046659597030753,
    0.2354188759278897,
    0.271474019088017,
    0.3064687168610817,
    0.33828207847295866,
    0.3552492046659597,
    0.3944856839872747,
    0.40827147401908803,
    0.42629904559915166,
    0.43160127253446445,
    0.46447507953340406,
    0.46447507953340406,
    0.4708377518557794,
    0.4708377518557794,
    0.4941675503711559,
    0.4878048780487805,
    0.5047720042417816,
    0.5302226935312832,
    0.5227995758218452,
    0.5365853658536586
  ],
  "val_ndcg_list": [
    0.04602956683499871,
    0.047113344079611756,
    0.056688030240901674,
    0.07387419305899914,
    0.08878044761739294,
    0.11148667351235932,
    0.1391520588028459,
    0.15400829856888665,
    0.1737173661711659,
    0.18829577436395536,
    0.19613821082186367,
    0.20844149567012016,
    0.22829712255854906,
    0.23923722653473425,
    0.2393140695611369,
    0.25035156028693106,
    0.2577791451556928,
    0.2601915905480056,
    0.2642823972217839,
    0.27465133031329964,
    0.27312685288737115,
    0.2859505825783631,
    0.29287310515080495,
    0.29372761600872344,
    0.2988241601761264
  ],
  "upload_bytes_per_round": [
    203144832,
    203144832,
    203144832,
    203144832,
    203144832,
    203144832,
    203144832,
    203144832,
    203144832,
    203144832,
    203144832,
    203144832,
    203144832,
    203144832,
    203144832,
    203144832,
    203144832,
    203144832,
    203144832,
    203144832,
    203144832,
    203144832,
    203144832,
    203144832,
    203144832
  ],
  "total_upload_bytes": 5078620800,
  "aggregate_stats_per_round": [
    {
      "avg_item_neighbors": 685.170731707317,
      "avg_interest_neighbors": 681.5270413573701,
      "avg_trusted_neighbors": 502.9819724284199,
      "avg_union_neighbors": 863.7158006362672,
      "avg_false_neighbor_ratio": 0.4176533854563134,
      "isolated_nodes": 104.0,
      "mode": "intersection"
    },
    {
      "avg_item_neighbors": 587.9448568398727,
      "avg_interest_neighbors": 581.0965005302227,
      "avg_trusted_neighbors": 358.0021208907741,
      "avg_union_neighbors": 811.0392364793213,
      "avg_false_neighbor_ratio": 0.5585884075783528,
      "isolated_nodes": 143.0,
      "mode": "intersection"
    },
    {
      "avg_item_neighbors": 554.7507953340403,
      "avg_interest_neighbors": 575.5906680805939,
      "avg_trusted_neighbors": 341.745493107105,
      "avg_union_neighbors": 788.5959703075291,
      "avg_false_neighbor_ratio": 0.5666405789851623,
      "isolated_nodes": 173.0,
      "mode": "intersection"
    },
    {
      "avg_item_neighbors": 539.4316012725344,
      "avg_interest_neighbors": 586.9692470837751,
      "avg_trusted_neighbors": 347.82820784729586,
      "avg_union_neighbors": 778.5726405090138,
      "avg_false_neighbor_ratio": 0.5532488688275851,
      "isolated_nodes": 186.0,
      "mode": "intersection"
    },
    {
      "avg_item_neighbors": 540.9777306468717,
      "avg_interest_neighbors": 591.7476139978791,
      "avg_trusted_neighbors": 351.0880169671262,
      "avg_union_neighbors": 781.6373276776246,
      "avg_false_neighbor_ratio": 0.5508300275138247,
      "isolated_nodes": 202.0,
      "mode": "intersection"
    },
    {
      "avg_item_neighbors": 544.8483563096501,
      "avg_interest_neighbors": 595.8897136797455,
      "avg_trusted_neighbors": 355.29374337221634,
      "avg_union_neighbors": 785.4443266171792,
      "avg_false_neighbor_ratio": 0.5476525434941688,
      "isolated_nodes": 200.0,
      "mode": "intersection"
    },
    {
      "avg_item_neighbors": 535.3997879109226,
      "avg_interest_neighbors": 604.7847295864264,
      "avg_trusted_neighbors": 358.15694591728527,
      "avg_union_neighbors": 782.0275715800636,
      "avg_false_neighbor_ratio": 0.5420149379213833,
      "isolated_nodes": 207.0,
      "mode": "intersection"
    },
    {
      "avg_item_neighbors": 523.8494167550372,
      "avg_interest_neighbors": 615.6118769883351,
      "avg_trusted_neighbors": 359.35524920466594,
      "avg_union_neighbors": 780.1060445387062,
      "avg_false_neighbor_ratio": 0.5393507693980751,
      "isolated_nodes": 207.0,
      "mode": "intersection"
    },
    {
      "avg_item_neighbors": 534.3860021208908,
      "avg_interest_neighbors": 618.1272534464475,
      "avg_trusted_neighbors": 375.38069989395547,
      "avg_union_neighbors": 777.1325556733829,
      "avg_false_neighbor_ratio": 0.5169669612300706,
      "isolated_nodes": 209.0,
      "mode": "intersection"
    },
    {
      "avg_item_neighbors": 532.4517497348886,
      "avg_interest_neighbors": 615.5652173913044,
      "avg_trusted_neighbors": 376.7274655355249,
      "avg_union_neighbors": 771.2895015906681,
      "avg_false_neighbor_ratio": 0.5115615281180653,
      "isolated_nodes": 206.0,
      "mode": "intersection"
    },
    {
      "avg_item_neighbors": 540.6044538706257,
      "avg_interest_neighbors": 619.35737009544,
      "avg_trusted_neighbors": 393.53764581124074,
      "avg_union_neighbors": 766.424178154825,
      "avg_false_neighbor_ratio": 0.486527621351029,
      "isolated_nodes": 209.0,
      "mode": "intersection"
    },
    {
      "avg_item_neighbors": 536.7741251325557,
      "avg_interest_neighbors": 613.575821845175,
      "avg_trusted_neighbors": 394.11664899257687,
      "avg_union_neighbors": 756.2332979851537,
      "avg_false_neighbor_ratio": 0.47884250793686406,
      "isolated_nodes": 214.0,
      "mode": "intersection"
    },
    {
      "avg_item_neighbors": 538.9289501590669,
      "avg_interest_neighbors": 617.4973488865323,
      "avg_trusted_neighbors": 401.23435843054085,
      "avg_union_neighbors": 755.1919406150583,
      "avg_false_neighbor_ratio": 0.46869883422781283,
      "isolated_nodes": 211.0,
      "mode": "intersection"
    },
    {
      "avg_item_neighbors": 542.3860021208908,
      "avg_interest_neighbors": 617.9851537645811,
      "avg_trusted_neighbors": 409.23647932131496,
      "avg_union_neighbors": 751.134676564157,
      "avg_false_neighbor_ratio": 0.45517562683532864,
      "isolated_nodes": 208.0,
      "mode": "intersection"
    },
    {
      "avg_item_neighbors": 545.9575821845175,
      "avg_interest_neighbors": 621.2470837751856,
      "avg_trusted_neighbors": 416.3966065747614,