{
  "tag": "V3_BEST_mha_both",
  "alias": "V3_BEST_mha_both",
  "dataset": "100k",
  "num_round_requested": 25,
  "num_round_actual": 25,
  "best_round": 20,
  "best_test_hr": 0.5174973488865323,
  "best_test_ndcg": 0.3245624475610874,
  "best_val_hr": 0.5705196182396607,
  "hr_list": [
    0.12089077412513255,
    0.14528101802757157,
    0.19406150583244963,
    0.2417815482502651,
    0.2948038176033934,
    0.352067868504772,
    0.40084835630965004,
    0.432661717921527,
    0.46447507953340406,
    0.46129374337221635,
    0.47932131495228,
    0.4867444326617179,
    0.49628844114528103,
    0.5047720042417816,
    0.5100742311770944,
    0.5079533404029692,
    0.5164369034994698,
    0.5153764581124072,
    0.5153764581124072,
    0.5196182396606575,
    0.5174973488865323,
    0.5238600212089077,
    0.5217391304347826,
    0.5440084835630965,
    0.5365853658536586
  ],
  "ndcg_list": [
    0.05614286097847594,
    0.06732417446192755,
    0.09560695380354695,
    0.12501983245982803,
    0.16012110933415294,
    0.2004710984571398,
    0.23787444032173688,
    0.2529203029655185,
    0.2635151140327811,
    0.26713425242021405,
    0.2769310475439931,
    0.28116817294312274,
    0.2887028503408112,
    0.29523175354882747,
    0.2994946509600497,
    0.3035942444384703,
    0.3102524012767792,
    0.31237274089237566,
    0.3144243003655126,
    0.3236487601207955,
    0.3245624475610874,
    0.32921471970378235,
    0.33274957715025216,
    0.33642084738027284,
    0.33562360833133914
  ],
  "val_hr_list": [
    0.11558854718981973,
    0.15800636267232238,
    0.20042417815482502,
    0.2417815482502651,
    0.3149522799575822,
    0.38812301166489926,
    0.45493107104984093,
    0.4835630965005302,
    0.5015906680805938,
    0.5047720042417816,
    0.5206786850477201,
    0.5270413573700954,
    0.5302226935312832,
    0.5376458112407211,
    0.5344644750795334,
    0.5440084835630965,
    0.5524920466595971,
    0.5535524920466596,
    0.5630965005302226,
    0.5652173913043478,
    0.5705196182396607,
    0.5652173913043478,
    0.5662778366914104,
    0.5662778366914104,
    0.5673382820784729
  ],
  "val_ndcg_list": [
    0.0519094603232871,
    0.07172917769651257,
    0.09364603650001799,
    0.12615738360166695,
    0.17093143303284813,
    0.21942615725680067,
    0.25684564741222604,
    0.27492401660839233,
    0.2830203954838966,
    0.2861384978650172,
    0.3017307965394299,
    0.3062416905683247,
    0.3131347137505679,
    0.3185642258073312,
    0.32087609490516433,
    0.32395626079804196,
    0.3330806007531714,
    0.3359046190578717,
    0.34560474647131345,
    0.33957669133506185,
    0.3446016913672157,
    0.3453114325235969,
    0.3486948258116717,
    0.3510793176588845,
    0.35445788011601403
  ],
  "upload_bytes_per_round": [
    214732416,
    214732416,
    214732416,
    214732416,
    214732416,
    214732416,
    214732416,
    214732416,
    214732416,
    214732416,
    214732416,
    214732416,
    214732416,
    214732416,
    214732416,
    214732416,
    214732416,
    214732416,
    214732416,
    214732416,
    214732416,
    214732416,
    214732416,
    214732416,
    214732416
  ],
  "total_upload_bytes": 5368310400,
  "aggregate_stats_per_round": [
    {
      "avg_item_neighbors": 705.6055143160128,
      "avg_interest_neighbors": 682.6850477200425,
      "avg_trusted_neighbors": 526.152704135737,
      "avg_union_neighbors": 862.1378579003182,
      "avg_false_neighbor_ratio": 0.3897116344975867,
      "isolated_nodes": 101.0,
      "mode": "intersection"
    },
    {
      "avg_item_neighbors": 720.5005302226936,
      "avg_interest_neighbors": 605.6521739130435,
      "avg_trusted_neighbors": 479.2810180275716,
      "avg_union_neighbors": 846.8716861081655,
      "avg_false_neighbor_ratio": 0.4340570999248685,
      "isolated_nodes": 95.0,
      "mode": "intersection"
    },
    {
      "avg_item_neighbors": 716.305408271474,
      "avg_interest_neighbors": 570.6341463414634,
      "avg_trusted_neighbors": 444.0063626723224,
      "avg_union_neighbors": 842.9331919406151,
      "avg_false_neighbor_ratio": 0.4732603165736974,
      "isolated_nodes": 109.0,
      "mode": "intersection"
    },
    {
      "avg_item_neighbors": 710.8950159066808,
      "avg_interest_neighbors": 564.6765641569459,
      "avg_trusted_neighbors": 432.46023329798516,
      "avg_union_neighbors": 843.1113467656415,
      "avg_false_neighbor_ratio": 0.4870662873213643,
      "isolated_nodes": 115.0,
      "mode": "intersection"
    },
    {
      "avg_item_neighbors": 702.9225874867444,
      "avg_interest_neighbors": 582.9416755037115,
      "avg_trusted_neighbors": 442.42629904559914,
      "avg_union_neighbors": 843.4379639448568,
      "avg_false_neighbor_ratio": 0.4754489150852065,
      "isolated_nodes": 119.0,
      "mode": "intersection"
    },
    {
      "avg_item_neighbors": 703.2089077412513,
      "avg_interest_neighbors": 572.6129374337222,
      "avg_trusted_neighbors": 442.3117709437964,
      "avg_union_neighbors": 833.5100742311771,
      "avg_false_neighbor_ratio": 0.4693384223918575,
      "isolated_nodes": 120.0,
      "mode": "intersection"
    },
    {
      "avg_item_neighbors": 692.6723223753977,
      "avg_interest_neighbors": 572.780487804878,
      "avg_trusted_neighbors": 443.3170731707317,
      "avg_union_neighbors": 822.135737009544,
      "avg_false_neighbor_ratio": 0.460773868335582,
      "isolated_nodes": 123.0,
      "mode": "intersection"
    },
    {
      "avg_item_neighbors": 675.9766702014846,
      "avg_interest_neighbors": 670.7889713679746,
      "avg_trusted_neighbors": 533.9066808059385,
      "avg_union_neighbors": 812.8589607635207,
      "avg_false_neighbor_ratio": 0.34317426936594453,
      "isolated_nodes": 127.0,
      "mode": "intersection"
    },
    {
      "avg_item_neighbors": 675.5567338282078,
      "avg_interest_neighbors": 655.2598091198304,
      "avg_trusted_neighbors": 525.6882290562036,
      "avg_union_neighbors": 805.1283138918345,
      "avg_false_neighbor_ratio": 0.34707521771886474,
      "isolated_nodes": 127.0,
      "mode": "intersection"
    },
    {
      "avg_item_neighbors": 650.9544008483563,
      "avg_interest_neighbors": 631.117709437964,
      "avg_trusted_neighbors": 496.7762460233298,
      "avg_union_neighbors": 785.2958642629904,
      "avg_false_neighbor_ratio": 0.36740244202156824,
      "isolated_nodes": 144.0,
      "mode": "intersection"
    },
    {
      "avg_item_neighbors": 641.1580063626723,
      "avg_interest_neighbors": 619.9427359490986,
      "avg_trusted_neighbors": 487.3997879109226,
      "avg_union_neighbors": 773.7009544008483,
      "avg_false_neighbor_ratio": 0.37004111842105264,
      "isolated_nodes": 148.0,
      "mode": "intersection"
    },
    {
      "avg_item_neighbors": 633.507953340403,
      "avg_interest_neighbors": 623.6606574761399,
      "avg_trusted_neighbors": 488.26723223753976,
      "avg_union_neighbors": 768.9013785790032,
      "avg_false_neighbor_ratio": 0.3649806778342624,
      "isolated_nodes": 153.0,
      "mode": "intersection"
    },
    {
      "avg_item_neighbors": 620.2778366914104,
      "avg_interest_neighbors": 628.931071049841,
      "avg_trusted_neighbors": 491.4146341463415,
      "avg_union_neighbors": 757.7942735949099,
      "avg_false_neighbor_ratio": 0.35151973131822,
      "isolated_nodes": 154.0,
      "mode": "intersection"
    },
    {
      "avg_item_neighbors": 612.50901378579,
      "avg_interest_neighbors": 631.0180275715801,
      "avg_trusted_neighbors": 492.13997879109223,
      "avg_union_neighbors": 751.3870625662778,
      "avg_false_neighbor_ratio": 0.3450246839355423,
      "isolated_nodes": 158.0,
      "mode": "intersection"
    },
    {
      "avg_item_neighbors": 610.288441145281,
      "avg_interest_neighbors": 625.9618239660657,
      "avg_trusted_neighbors": 489.66065747614,
      "avg_union_neighbors": 746.5896076352068,