{
  "tag": "A0_no_attn_len5",
  "alias": "A0_no_attn_len5",
  "dataset": "100k",
  "num_round_requested": 20,
  "num_round_actual": 20,
  "best_round": 19,
  "best_test_hr": 0.5068928950159067,
  "best_test_ndcg": 0.29633373529775003,
  "best_val_hr": 0.5546129374337222,
  "hr_list": [
    0.11240721102863202,
    0.12725344644750794,
    0.14422057264050903,
    0.15482502651113467,
    0.17497348886532343,
    0.2205726405090138,
    0.2757158006362672,
    0.3255567338282078,
    0.3531283138918346,
    0.3796394485683987,
    0.4135737009544008,
    0.43160127253446445,
    0.44220572640509015,
    0.45068928950159065,
    0.46659597030752914,
    0.46447507953340406,
    0.48038176033934255,
    0.4814422057264051,
    0.49628844114528103,
    0.5068928950159067
  ],
  "ndcg_list": [
    0.051168858156742034,
    0.058180993524820326,
    0.06921485435745348,
    0.07782467227211361,
    0.09449958558565671,
    0.12599776793480993,
    0.1590815527480353,
    0.18505800907601616,
    0.20499044456205032,
    0.22008108097688037,
    0.2404041069450729,
    0.24833659279781153,
    0.25702998330995147,
    0.2645236085898611,
    0.27392030941458845,
    0.2743607278643528,
    0.2815217135181153,
    0.2823529766495492,
    0.2916614716328235,
    0.29633373529775003
  ],
  "val_hr_list": [
    0.1102863202545069,
    0.11876988335100742,
    0.13891834570519618,
    0.16436903499469777,
    0.19936373276776245,
    0.24602332979851538,
    0.3064687168610817,
    0.344644750795334,
    0.38494167550371156,
    0.4252386002120891,
    0.45705196182396607,
    0.47613997879109227,
    0.49522799575821846,
    0.5015906680805938,
    0.5153764581124072,
    0.5174973488865323,
    0.5344644750795334,
    0.542948038176034,
    0.5503711558854719,
    0.5546129374337222
  ],
  "val_ndcg_list": [
    0.04880352675512839,
    0.0524489410267325,
    0.06255725794391927,
    0.07921046255752705,
    0.10348193459157057,
    0.13206408386902407,
    0.17033731849621297,
    0.20198224596918155,
    0.2246285748065966,
    0.24542929431415916,
    0.26359681776559424,
    0.27114315174699105,
    0.28364829015128556,
    0.2886326856009474,
    0.29728930211570287,
    0.30142945743420424,
    0.30955663224731594,
    0.31686998455518406,
    0.32312639992260156,
    0.32586086586132296
  ],
  "upload_bytes_per_round": [
    203144832,
    203144832,
    203144832,
    203144832,
    203144832,
    203144832,
    203144832,
    203144832,
    203144832,
    203144832,
    203144832,
    203144832,
    203144832,
    203144832,
    203144832,
    203144832,
    203144832,
    203144832,
    203144832,
    203144832
  ],
  "total_upload_bytes": 4062896640,
  "aggregate_stats_per_round": [
    {
      "avg_item_neighbors": 701.7518557794274,
      "avg_interest_neighbors": 672.3075291622481,
      "avg_trusted_neighbors": 525.2534464475079,
      "avg_union_neighbors": 848.8059384941675,
      "avg_false_neighbor_ratio": 0.381185471699999,
      "isolated_nodes": 104.0,
      "mode": "intersection"
    },
    {
      "avg_item_neighbors": 716.1993637327678,
      "avg_interest_neighbors": 598.135737009544,
      "avg_trusted_neighbors": 473.5546129374337,
      "avg_union_neighbors": 840.780487804878,
      "avg_false_neighbor_ratio": 0.43676783678246744,
      "isolated_nodes": 110.0,
      "mode": "intersection"
    },
    {
      "avg_item_neighbors": 716.2523860021209,
      "avg_interest_neighbors": 576.4178154825026,
      "avg_trusted_neighbors": 448.9437963944857,
      "avg_union_neighbors": 843.7264050901379,
      "avg_false_neighbor_ratio": 0.4679035838086356,
      "isolated_nodes": 113.0,
      "mode": "intersection"
    },
    {
      "avg_item_neighbors": 713.7306468716861,
      "avg_interest_neighbors": 572.2693531283139,
      "avg_trusted_neighbors": 437.6139978791092,
      "avg_union_neighbors": 848.3860021208908,
      "avg_false_neighbor_ratio": 0.4841805536806212,
      "isolated_nodes": 116.0,
      "mode": "intersection"
    },
    {
      "avg_item_neighbors": 714.7550371155885,
      "avg_interest_neighbors": 592.4008483563097,
      "avg_trusted_neighbors": 450.9946977730647,
      "avg_union_neighbors": 856.1611876988335,
      "avg_false_neighbor_ratio": 0.4732362267142291,
      "isolated_nodes": 117.0,
      "mode": "intersection"
    },
    {
      "avg_item_neighbors": 715.7136797454931,
      "avg_interest_neighbors": 581.7582184517497,
      "avg_trusted_neighbors": 452.67232237539764,
      "avg_union_neighbors": 844.7995758218452,
      "avg_false_neighbor_ratio": 0.46416601602217294,
      "isolated_nodes": 119.0,
      "mode": "intersection"
    },
    {
      "avg_item_neighbors": 714.4432661717922,
      "avg_interest_neighbors": 594.6808059384941,
      "avg_trusted_neighbors": 477.8069989395546,
      "avg_union_neighbors": 831.3170731707318,
      "avg_false_neighbor_ratio": 0.42524096477755724,
      "isolated_nodes": 115.0,
      "mode": "intersection"
    },
    {
      "avg_item_neighbors": 713.8706256627784,
      "avg_interest_neighbors": 724.1484623541887,
      "avg_trusted_neighbors": 617.1792152704136,
      "avg_union_neighbors": 820.8398727465535,
      "avg_false_neighbor_ratio": 0.24811252990755142,
      "isolated_nodes": 115.0,
      "mode": "intersection"
    },
    {
      "avg_item_neighbors": 719.5206786850478,
      "avg_interest_neighbors": 717.8557794273595,
      "avg_trusted_neighbors": 622.0827147401909,
      "avg_union_neighbors": 815.2937433722163,
      "avg_false_neighbor_ratio": 0.23698333294312598,
      "isolated_nodes": 109.0,
      "mode": "intersection"
    },
    {
      "avg_item_neighbors": 714.1633085896076,
      "avg_interest_neighbors": 685.8112407211029,
      "avg_trusted_neighbors": 596.0869565217391,
      "avg_union_neighbors": 803.8875927889713,
      "avg_false_neighbor_ratio": 0.25849464294665636,
      "isolated_nodes": 113.0,
      "mode": "intersection"
    },
    {
      "avg_item_neighbors": 703.7370095440085,
      "avg_interest_neighbors": 653.6606574761399,
      "avg_trusted_neighbors": 565.7306468716861,
      "avg_union_neighbors": 791.6670201484624,
      "avg_false_neighbor_ratio": 0.28539318618376464,
      "isolated_nodes": 117.0,
      "mode": "intersection"
    },
    {
      "avg_item_neighbors": 687.8897136797455,
      "avg_interest_neighbors": 631.6606574761399,
      "avg_trusted_neighbors": 538.9628844114528,
      "avg_union_neighbors": 780.5874867444327,
      "avg_false_neighbor_ratio": 0.3095419878439438,
      "isolated_nodes": 126.0,
      "mode": "intersection"
    },
    {
      "avg_item_neighbors": 677.524920466596,
      "avg_interest_neighbors": 655.4803817603394,
      "avg_trusted_neighbors": 551.8239660657476,
      "avg_union_neighbors": 781.1813361611877,
      "avg_false_neighbor_ratio": 0.2936032384267241,
      "isolated_nodes": 132.0,
      "mode": "intersection"
    },
    {
      "avg_item_neighbors": 651.9893955461293,
      "avg_interest_neighbors": 669.3255567338282,
      "avg_trusted_neighbors": 545.1516436903499,
      "avg_union_neighbors": 776.1633085896076,
      "avg_false_neighbor_ratio": 0.297632807867505,
      "isolated_nodes": 140.0,
      "mode": "intersection"
    },
    {
      "avg_item_neighbors": 639.8494167550372,
      "avg_interest_neighbors": 667.1389183457052,
      "avg_trusted_neighbors": 532.6850477200425,
      "avg_union_neighbors": 774.3032873806999,
      "avg_false_neighbor_ratio": 0.31204599489432566,
      "isolated_nodes": 149.0,
      "mode": "intersection"
    },
    {
      "avg_item_neighbors": 638.0042417815482,
      "avg_interest_neighbors": 661.7773064687169,
      "avg_trusted_neighbors": 523.507953340403,
      "avg_union_neighbors": 776.2735949098621,
      "avg_false_neighbor_ratio": 0.3256141175313445,
      "isolated_nodes": 149.0,
      "mode": "intersection"
    },
    {
      "avg_item_neighbors": 623.1749734888654,