{
  "tag": "A1_single_len10",
  "alias": "A1_single_len10",
  "dataset": "100k",
  "num_round_requested": 20,
  "num_round_actual": 20,
  "best_round": 19,
  "best_test_hr": 0.40402969247083775,
  "best_test_ndcg": 0.21517381364986876,
  "best_val_hr": 0.45068928950159065,
  "hr_list": [
    0.11558854718981973,
    0.10816542948038176,
    0.12513255567338283,
    0.14528101802757157,
    0.16542948038176034,
    0.2163308589607635,
    0.2492046659597031,
    0.2598091198303287,
    0.29374337221633084,
    0.2948038176033934,
    0.3170731707317073,
    0.344644750795334,
    0.34676564156945916,
    0.3722163308589608,
    0.3806998939554613,
    0.391304347826087,
    0.4050901378579003,
    0.3987274655355249,
    0.4178154825026511,
    0.40402969247083775
  ],
  "ndcg_list": [
    0.0512100670050676,
    0.04590954663318928,
    0.06250668295731064,
    0.07163044275507117,
    0.08750546326569224,
    0.10857913522827958,
    0.13011795907069185,
    0.13517810119679455,
    0.16446847947216375,
    0.15635887578792573,
    0.16782845519240155,
    0.18077705652494525,
    0.1799343559754519,
    0.19796029035498755,
    0.2017358792254895,
    0.2004830896844629,
    0.2175428456659044,
    0.21219798636687576,
    0.2222501469053005,
    0.21517381364986876
  ],
  "val_hr_list": [
    0.10286320254506894,
    0.09650053022269353,
    0.11346765641569459,
    0.1378579003181336,
    0.16436903499469777,
    0.18981972428419935,
    0.24708377518557795,
    0.28207847295864263,
    0.3181336161187699,
    0.3266171792152704,
    0.3531283138918346,
    0.3669141039236479,
    0.38812301166489926,
    0.3997879109225875,
    0.41145281018027574,
    0.4019088016967126,
    0.4220572640509014,
    0.4284199363732768,
    0.44644750795334043,
    0.45068928950159065
  ],
  "val_ndcg_list": [
    0.04780047590335566,
    0.0442707853958147,
    0.055491530485750104,
    0.0660906590530811,
    0.08400026486697668,
    0.0940873251178992,
    0.12976042488278305,
    0.14567845332329585,
    0.16809894873000011,
    0.17058054191408045,
    0.18532176553576166,
    0.18940212453999425,
    0.20200911415564482,
    0.21243430434098381,
    0.2149366416690569,
    0.21419573272011388,
    0.22903758380445505,
    0.22690379618753762,
    0.2422674133033615,
    0.24321684941538504
  ],
  "upload_bytes_per_round": [
    203144832,
    203144832,
    203144832,
    203144832,
    203144832,
    203144832,
    203144832,
    203144832,
    203144832,
    203144832,
    203144832,
    203144832,
    203144832,
    203144832,
    203144832,
    203144832,
    203144832,
    203144832,
    203144832,
    203144832
  ],
  "total_upload_bytes": 4062896640,
  "aggregate_stats_per_round": [
    {
      "avg_item_neighbors": 599.0307529162249,
      "avg_interest_neighbors": 683.202545068929,
      "avg_trusted_neighbors": 413.6203605514316,
      "avg_union_neighbors": 868.6129374337222,
      "avg_false_neighbor_ratio": 0.5238151048343186,
      "isolated_nodes": 140.0,
      "mode": "intersection"
    },
    {
      "avg_item_neighbors": 479.42948038176036,
      "avg_interest_neighbors": 582.6277836691411,
      "avg_trusted_neighbors": 279.78154825026513,
      "avg_union_neighbors": 782.2757158006362,
      "avg_false_neighbor_ratio": 0.642349183799069,
      "isolated_nodes": 151.0,
      "mode": "intersection"
    },
    {
      "avg_item_neighbors": 456.1930010604454,
      "avg_interest_neighbors": 569.2343584305409,
      "avg_trusted_neighbors": 280.186638388123,
      "avg_union_neighbors": 745.2407211028632,
      "avg_false_neighbor_ratio": 0.624032033604549,
      "isolated_nodes": 184.0,
      "mode": "intersection"
    },
    {
      "avg_item_neighbors": 451.15164369034994,
      "avg_interest_neighbors": 578.1781548250265,
      "avg_trusted_neighbors": 289.2640509013786,
      "avg_union_neighbors": 740.0657476139979,
      "avg_false_neighbor_ratio": 0.6091373613304255,
      "isolated_nodes": 204.0,
      "mode": "intersection"
    },
    {
      "avg_item_neighbors": 450.33297985153763,
      "avg_interest_neighbors": 583.626723223754,
      "avg_trusted_neighbors": 293.4082714740191,
      "avg_union_neighbors": 740.5514316012725,
      "avg_false_neighbor_ratio": 0.6037975771114357,
      "isolated_nodes": 209.0,
      "mode": "intersection"
    },
    {
      "avg_item_neighbors": 445.2152704135737,
      "avg_interest_neighbors": 586.1230116648993,
      "avg_trusted_neighbors": 288.88865323435846,
      "avg_union_neighbors": 742.4496288441145,
      "avg_false_neighbor_ratio": 0.6108979760901547,
      "isolated_nodes": 219.0,
      "mode": "intersection"
    },
    {
      "avg_item_neighbors": 460.80381760339344,
      "avg_interest_neighbors": 592.5853658536586,
      "avg_trusted_neighbors": 303.14528101802756,
      "avg_union_neighbors": 750.2439024390244,
      "avg_false_neighbor_ratio": 0.5959376943517838,
      "isolated_nodes": 215.0,
      "mode": "intersection"
    },
    {
      "avg_item_neighbors": 457.8112407211029,
      "avg_interest_neighbors": 605.1092258748674,
      "avg_trusted_neighbors": 310.57900318133613,
      "avg_union_neighbors": 752.3414634146342,
      "avg_false_neighbor_ratio": 0.587183455539299,
      "isolated_nodes": 226.0,
      "mode": "intersection"
    },
    {
      "avg_item_neighbors": 466.06362672322376,
      "avg_interest_neighbors": 613.6967126193001,
      "avg_trusted_neighbors": 324.0933191940615,
      "avg_union_neighbors": 755.6670201484624,
      "avg_false_neighbor_ratio": 0.5711162316831183,
      "isolated_nodes": 220.0,
      "mode": "intersection"
    },
    {
      "avg_item_neighbors": 468.576882290562,
      "avg_interest_neighbors": 621.6203605514316,
      "avg_trusted_neighbors": 334.0996818663839,
      "avg_union_neighbors": 756.0975609756098,
      "avg_false_neighbor_ratio": 0.5581262272089762,
      "isolated_nodes": 228.0,
      "mode": "intersection"
    },
    {
      "avg_item_neighbors": 465.8027571580064,
      "avg_interest_neighbors": 626.7338282078473,
      "avg_trusted_neighbors": 337.1219512195122,
      "avg_union_neighbors": 755.4146341463414,
      "avg_false_neighbor_ratio": 0.5537259460157562,
      "isolated_nodes": 239.0,
      "mode": "intersection"
    },
    {
      "avg_item_neighbors": 462.0593849416755,
      "avg_interest_neighbors": 634.7338282078473,
      "avg_trusted_neighbors": 340.8695652173913,
      "avg_union_neighbors": 755.9236479321315,
      "avg_false_neighbor_ratio": 0.5490687900162169,
      "isolated_nodes": 241.0,
      "mode": "intersection"
    },
    {
      "avg_item_neighbors": 464.88865323435846,
      "avg_interest_neighbors": 635.4825026511135,
      "avg_trusted_neighbors": 348.41569459172854,
      "avg_union_neighbors": 751.9554612937434,
      "avg_false_neighbor_ratio": 0.5366538145859364,
      "isolated_nodes": 238.0,
      "mode": "intersection"
    },
    {
      "avg_item_neighbors": 470.91410392364793,
      "avg_interest_neighbors": 634.203605514316,
      "avg_trusted_neighbors": 349.6182396606575,
      "avg_union_neighbors": 755.4994697773064,
      "avg_false_neighbor_ratio": 0.5372356253754723,
      "isolated_nodes": 236.0,
      "mode": "intersection"
    },
    {
      "avg_item_neighbors": 461.0540827147402,
      "avg_interest_neighbors": 635.898197242842,
      "avg_trusted_neighbors": 345.8621420996819,
      "avg_union_neighbors": 751.0901378579003,
      "avg_false_neighbor_ratio": 0.5395197930756003,
      "isolated_nodes": 241.0,
      "mode": "intersection"
    },
    {
      "avg_item_neighbors": 466.8695652173913,
      "avg_interest_neighbors": 634.2163308589608,
      "avg_trusted_neighbors": 346.5917285259809,
      "avg_union_neighbors": 754.4941675503711,
      "avg_false_neighbor_ratio": 0.5406303409193127,
      "isolated_nodes": 236.0,
      "mode": "intersection"
    },
    {
      "avg_item_neighbors": 464.6383881230117,