{
  "tag": "A2_mha4_len10",
  "alias": "A2_mha4_len10",
  "dataset": "100k",
  "num_round_requested": 20,
  "num_round_actual": 20,
  "best_round": 19,
  "best_test_hr": 0.5058324496288441,
  "best_test_ndcg": 0.3125291672839113,
  "best_val_hr": 0.5461293743372216,
  "hr_list": [
    0.12301166489925769,
    0.14952279957582185,
    0.19088016967126192,
    0.23753976670201485,
    0.29374337221633084,
    0.33934252386002123,
    0.38494167550371156,
    0.42735949098621423,
    0.440084835630965,
    0.44538706256627786,
    0.471898197242842,
    0.4740190880169671,
    0.47932131495228,
    0.4909862142099682,
    0.49522799575821846,
    0.4973488865323436,
    0.4941675503711559,
    0.5026511134676565,
    0.5090137857900318,
    0.5058324496288441
  ],
  "ndcg_list": [
    0.056557854575898216,
    0.06954851104564712,
    0.0956072517040628,
    0.1230521259522838,
    0.15643541923799947,
    0.19149724992133754,
    0.22459219958094506,
    0.24758909548435404,
    0.25380663815325183,
    0.25944205267822673,
    0.2687143951036662,
    0.27205426658750903,
    0.2812303847671756,
    0.2860182813638651,
    0.2925220409619198,
    0.2944508249802996,
    0.30047175163164114,
    0.303424728945779,
    0.31116416792973517,
    0.3125291672839113
  ],
  "val_hr_list": [
    0.11876988335100742,
    0.14846235418875928,
    0.1951219512195122,
    0.23435843054082714,
    0.3075291622481442,
    0.383881230116649,
    0.4411452810180276,
    0.46977730646871685,
    0.4878048780487805,
    0.4867444326617179,
    0.5015906680805938,
    0.5058324496288441,
    0.5217391304347826,
    0.5259809119830329,
    0.5387062566277837,
    0.5344644750795334,
    0.528101802757158,
    0.5344644750795334,
    0.5387062566277837,
    0.5461293743372216
  ],
  "val_ndcg_list": [
    0.053079163442995486,
    0.06523368147801592,
    0.08991316565872128,
    0.11800640274417179,
    0.16215377228095945,
    0.20909172748608854,
    0.24360868182334036,
    0.26466105850525945,
    0.2783691621974074,
    0.2800076509894584,
    0.29273900231478517,
    0.29247076925961846,
    0.3014945883356436,
    0.30793799828055585,
    0.31393307006089416,
    0.3168492583581122,
    0.31444096022244467,
    0.31536149687056503,
    0.31787309838684374,
    0.32032867550396665
  ],
  "upload_bytes_per_round": [
    203144832,
    203144832,
    203144832,
    203144832,
    203144832,
    203144832,
    203144832,
    203144832,
    203144832,
    203144832,
    203144832,
    203144832,
    203144832,
    203144832,
    203144832,
    203144832,
    203144832,
    203144832,
    203144832,
    203144832
  ],
  "total_upload_bytes": 4062896640,
  "aggregate_stats_per_round": [
    {
      "avg_item_neighbors": 707.7667020148463,
      "avg_interest_neighbors": 670.6341463414634,
      "avg_trusted_neighbors": 518.2142099681867,
      "avg_union_neighbors": 860.186638388123,
      "avg_false_neighbor_ratio": 0.397556080458013,
      "isolated_nodes": 99.0,
      "mode": "intersection"
    },
    {
      "avg_item_neighbors": 724.6638388123012,
      "avg_interest_neighbors": 597.3149522799575,
      "avg_trusted_neighbors": 475.13679745493107,
      "avg_union_neighbors": 846.8419936373277,
      "avg_false_neighbor_ratio": 0.4389309918203994,
      "isolated_nodes": 96.0,
      "mode": "intersection"
    },
    {
      "avg_item_neighbors": 718.6171792152704,
      "avg_interest_neighbors": 575.4167550371155,
      "avg_trusted_neighbors": 448.41993637327676,
      "avg_union_neighbors": 845.6139978791092,
      "avg_false_neighbor_ratio": 0.46971084029124144,
      "isolated_nodes": 110.0,
      "mode": "intersection"
    },
    {
      "avg_item_neighbors": 715.0201484623542,
      "avg_interest_neighbors": 569.7094379639449,
      "avg_trusted_neighbors": 440.525980911983,
      "avg_union_neighbors": 844.203605514316,
      "avg_false_neighbor_ratio": 0.478175669904181,
      "isolated_nodes": 112.0,
      "mode": "intersection"
    },
    {
      "avg_item_neighbors": 704.0127253446448,
      "avg_interest_neighbors": 585.6967126193001,
      "avg_trusted_neighbors": 447.7030752916225,
      "avg_union_neighbors": 842.0063626723223,
      "avg_false_neighbor_ratio": 0.4682901517861191,
      "isolated_nodes": 115.0,
      "mode": "intersection"
    },
    {
      "avg_item_neighbors": 695.4655355249205,
      "avg_interest_neighbors": 575.4040296924709,
      "avg_trusted_neighbors": 442.99681866383884,
      "avg_union_neighbors": 827.8727465535525,
      "avg_false_neighbor_ratio": 0.4648974489037818,
      "isolated_nodes": 120.0,
      "mode": "intersection"
    },
    {
      "avg_item_neighbors": 671.1092258748674,
      "avg_interest_neighbors": 585.4209968186639,
      "avg_trusted_neighbors": 443.72428419936375,
      "avg_union_neighbors": 812.8059384941675,
      "avg_false_neighbor_ratio": 0.4540833633407961,
      "isolated_nodes": 126.0,
      "mode": "intersection"
    },
    {
      "avg_item_neighbors": 659.085896076352,
      "avg_interest_neighbors": 643.255567338282,
      "avg_trusted_neighbors": 493.30222693531283,
      "avg_union_neighbors": 809.0392364793213,
      "avg_false_neighbor_ratio": 0.3902616774410033,
      "isolated_nodes": 138.0,
      "mode": "intersection"
    },
    {
      "avg_item_neighbors": 647.8833510074231,
      "avg_interest_neighbors": 647.8027571580063,
      "avg_trusted_neighbors": 487.8621420996819,
      "avg_union_neighbors": 807.8239660657476,
      "avg_false_neighbor_ratio": 0.39607864758499195,
      "isolated_nodes": 146.0,
      "mode": "intersection"
    },
    {
      "avg_item_neighbors": 632.9946977730647,
      "avg_interest_neighbors": 638.8335100742312,
      "avg_trusted_neighbors": 474.59384941675506,
      "avg_union_neighbors": 797.2343584305409,
      "avg_false_neighbor_ratio": 0.4046997041734948,
      "isolated_nodes": 151.0,
      "mode": "intersection"
    },
    {
      "avg_item_neighbors": 633.1622481442206,
      "avg_interest_neighbors": 636.1060445387062,
      "avg_trusted_neighbors": 479.19194061505834,
      "avg_union_neighbors": 790.0763520678685,
      "avg_false_neighbor_ratio": 0.39348654169832037,
      "isolated_nodes": 150.0,
      "mode": "intersection"
    },
    {
      "avg_item_neighbors": 631.0774125132556,
      "avg_interest_neighbors": 625.1049840933192,
      "avg_trusted_neighbors": 471.3700954400848,
      "avg_union_neighbors": 784.8123011664899,
      "avg_false_neighbor_ratio": 0.39938492969659956,
      "isolated_nodes": 156.0,
      "mode": "intersection"
    },
    {
      "avg_item_neighbors": 615.7242841993638,
      "avg_interest_neighbors": 623.779427359491,
      "avg_trusted_neighbors": 463.1792152704136,
      "avg_union_neighbors": 776.3244962884412,
      "avg_false_neighbor_ratio": 0.40336905831924097,
      "isolated_nodes": 163.0,
      "mode": "intersection"
    },
    {
      "avg_item_neighbors": 609.3743372216331,
      "avg_interest_neighbors": 623.5779427359491,
      "avg_trusted_neighbors": 462.69777306468717,
      "avg_union_neighbors": 770.254506892895,
      "avg_false_neighbor_ratio": 0.399292352171818,
      "isolated_nodes": 160.0,
      "mode": "intersection"
    },
    {
      "avg_item_neighbors": 606.8419936373277,
      "avg_interest_neighbors": 620.1739130434783,
      "avg_trusted_neighbors": 463.2216330858961,
      "avg_union_neighbors": 763.7942735949099,
      "avg_false_neighbor_ratio": 0.3935256533075648,
      "isolated_nodes": 166.0,
      "mode": "intersection"
    },
    {
      "avg_item_neighbors": 605.7688229056204,
      "avg_interest_neighbors": 616.4475079533404,
      "avg_trusted_neighbors": 459.63520678685046,
      "avg_union_neighbors": 762.5811240721102,
      "avg_false_neighbor_ratio": 0.397263855244092,
      "isolated_nodes": 162.0,
      "mode": "intersection"
    },
    {
      "avg_item_neighbors": 614.2969247083776,
      "avg_interest_neighbors": 611.3594909862142,