{
  "tag": "A2_mha2_len5",
  "alias": "A2_mha2_len5",
  "dataset": "100k",
  "num_round_requested": 20,
  "num_round_actual": 20,
  "best_round": 18,
  "best_test_hr": 0.513255567338282,
  "best_test_ndcg": 0.31412676136343526,
  "best_val_hr": 0.5641569459172853,
  "hr_list": [
    0.12089077412513255,
    0.14528101802757157,
    0.19406150583244963,
    0.2417815482502651,
    0.2948038176033934,
    0.3531283138918346,
    0.4029692470837752,
    0.4284199363732768,
    0.46659597030752914,
    0.4634146341463415,
    0.48038176033934255,
    0.48250265111346763,
    0.49628844114528103,
    0.5079533404029692,
    0.5058324496288441,
    0.503711558854719,
    0.5143160127253447,
    0.513255567338282,
    0.513255567338282,
    0.5111346765641569
  ],
  "ndcg_list": [
    0.05614286097847594,
    0.06736061966467576,
    0.09584920700587435,
    0.12495441897195753,
    0.1607523926915332,
    0.20107010820155205,
    0.23830873409613623,
    0.25192258357391667,
    0.26440374592050686,
    0.26714989386273097,
    0.2761453990620703,
    0.2805202141436619,
    0.2892760535592679,
    0.29763286168803477,
    0.2988910624475766,
    0.3013743351121349,
    0.3102753366797601,
    0.3124243810227725,
    0.31412676136343526,
    0.32257904768195833
  ],
  "val_hr_list": [
    0.11558854718981973,
    0.1569459172852598,
    0.20042417815482502,
    0.2417815482502651,
    0.3181336161187699,
    0.38812301166489926,
    0.45493107104984093,
    0.48568398727465534,
    0.49946977730646874,
    0.5005302226935313,
    0.5174973488865323,
    0.528101802757158,
    0.5312831389183457,
    0.5355249204665959,
    0.5344644750795334,
    0.5440084835630965,
    0.5535524920466596,
    0.5514316012725344,
    0.5641569459172853,
    0.5620360551431601
  ],
  "val_ndcg_list": [
    0.0519094603232871,
    0.07130543385993748,
    0.09366398995915934,
    0.12649812166881733,
    0.17165010147236281,
    0.2196948562091778,
    0.25690313219482847,
    0.2747271479277119,
    0.2819083825465873,
    0.2829063527493769,
    0.29770235041361987,
    0.30481640731153686,
    0.3133338166559692,
    0.31605611486739305,
    0.3203719320617719,
    0.3229476118340449,
    0.33110649739844134,
    0.33280013457728874,
    0.34355584124402,
    0.33718292386411786
  ],
  "upload_bytes_per_round": [
    203144832,
    203144832,
    203144832,
    203144832,
    203144832,
    203144832,
    203144832,
    203144832,
    203144832,
    203144832,
    203144832,
    203144832,
    203144832,
    203144832,
    203144832,
    203144832,
    203144832,
    203144832,
    203144832,
    203144832
  ],
  "total_upload_bytes": 4062896640,
  "aggregate_stats_per_round": [
    {
      "avg_item_neighbors": 705.6055143160128,
      "avg_interest_neighbors": 670.7232237539766,
      "avg_trusted_neighbors": 515.6606574761399,
      "avg_union_neighbors": 860.6680805938494,
      "avg_false_neighbor_ratio": 0.4008600189746307,
      "isolated_nodes": 101.0,
      "mode": "intersection"
    },
    {
      "avg_item_neighbors": 720.5556733828208,
      "avg_interest_neighbors": 597.1516436903499,
      "avg_trusted_neighbors": 471.09650053022267,
      "avg_union_neighbors": 846.610816542948,
      "avg_false_neighbor_ratio": 0.4435501043396789,
      "isolated_nodes": 95.0,
      "mode": "intersection"
    },
    {
      "avg_item_neighbors": 716.7932131495228,
      "avg_interest_neighbors": 574.5323435843054,
      "avg_trusted_neighbors": 446.8016967126193,
      "avg_union_neighbors": 844.5238600212089,
      "avg_false_neighbor_ratio": 0.47094248266544114,
      "isolated_nodes": 109.0,
      "mode": "intersection"
    },
    {
      "avg_item_neighbors": 710.899257688229,
      "avg_interest_neighbors": 568.780487804878,
      "avg_trusted_neighbors": 436.10604453870627,
      "avg_union_neighbors": 843.5737009544008,
      "avg_false_neighbor_ratio": 0.48302555657519264,
      "isolated_nodes": 115.0,
      "mode": "intersection"
    },
    {
      "avg_item_neighbors": 703.2979851537646,
      "avg_interest_neighbors": 584.9777306468717,
      "avg_trusted_neighbors": 442.80381760339344,
      "avg_union_neighbors": 845.4718981972428,
      "avg_false_neighbor_ratio": 0.476264298615292,
      "isolated_nodes": 119.0,
      "mode": "intersection"
    },
    {
      "avg_item_neighbors": 703.3785790031814,
      "avg_interest_neighbors": 574.8186638388123,
      "avg_trusted_neighbors": 442.6405090137858,
      "avg_union_neighbors": 835.5567338282078,
      "avg_false_neighbor_ratio": 0.470244818702169,
      "isolated_nodes": 120.0,
      "mode": "intersection"
    },
    {
      "avg_item_neighbors": 693.3064687168611,
      "avg_interest_neighbors": 587.7094379639449,
      "avg_trusted_neighbors": 453.8536585365854,
      "avg_union_neighbors": 827.1622481442206,
      "avg_false_neighbor_ratio": 0.45131241234131697,
      "isolated_nodes": 120.0,
      "mode": "intersection"
    },
    {
      "avg_item_neighbors": 677.1134676564157,
      "avg_interest_neighbors": 670.5387062566277,
      "avg_trusted_neighbors": 527.2746553552493,
      "avg_union_neighbors": 820.3775185577942,
      "avg_false_neighbor_ratio": 0.3572780294099398,
      "isolated_nodes": 126.0,
      "mode": "intersection"
    },
    {
      "avg_item_neighbors": 674.8186638388123,
      "avg_interest_neighbors": 655.9215270413574,
      "avg_trusted_neighbors": 520.7868504772005,
      "avg_union_neighbors": 809.9533404029693,
      "avg_false_neighbor_ratio": 0.35701623229543356,
      "isolated_nodes": 127.0,
      "mode": "intersection"
    },
    {
      "avg_item_neighbors": 650.576882290562,
      "avg_interest_neighbors": 634.8441145281018,
      "avg_trusted_neighbors": 494.9756097560976,
      "avg_union_neighbors": 790.4453870625663,
      "avg_false_neighbor_ratio": 0.3738016340439233,
      "isolated_nodes": 144.0,
      "mode": "intersection"
    },
    {
      "avg_item_neighbors": 641.1728525980913,
      "avg_interest_neighbors": 619.0668080593849,
      "avg_trusted_neighbors": 482.1039236479321,
      "avg_union_neighbors": 778.135737009544,
      "avg_false_neighbor_ratio": 0.38043724157856146,
      "isolated_nodes": 149.0,
      "mode": "intersection"
    },
    {
      "avg_item_neighbors": 633.406150583245,
      "avg_interest_neighbors": 624.3647932131495,
      "avg_trusted_neighbors": 483.5970307529162,
      "avg_union_neighbors": 774.1739130434783,
      "avg_false_neighbor_ratio": 0.3753379924004789,
      "isolated_nodes": 153.0,
      "mode": "intersection"
    },
    {
      "avg_item_neighbors": 618.6468716861082,
      "avg_interest_neighbors": 626.1654294803817,
      "avg_trusted_neighbors": 482.6892895015907,
      "avg_union_neighbors": 762.1230116648993,
      "avg_false_neighbor_ratio": 0.3666517319203765,
      "isolated_nodes": 156.0,
      "mode": "intersection"
    },
    {
      "avg_item_neighbors": 611.2046659597031,
      "avg_interest_neighbors": 629.9512195121952,
      "avg_trusted_neighbors": 485.5609756097561,
      "avg_union_neighbors": 755.5949098621421,
      "avg_false_neighbor_ratio": 0.35737923949441847,
      "isolated_nodes": 158.0,
      "mode": "intersection"
    },
    {
      "avg_item_neighbors": 610.5896076352068,
      "avg_interest_neighbors": 626.5281018027572,
      "avg_trusted_neighbors": 485.21102863202543,
      "avg_union_neighbors": 751.9066808059385,
      "avg_false_neighbor_ratio": 0.35469248908395484,
      "isolated_nodes": 162.0,
      "mode": "intersection"
    },
    {
      "avg_item_neighbors": 609.2513255567338,
      "avg_interest_neighbors": 620.4835630965006,
      "avg_trusted_neighbors": 482.16755037115587,
      "avg_union_neighbors": 747.5673382820785,
      "avg_false_neighbor_ratio": 0.35501790182649695,
      "isolated_nodes": 159.0,
      "mode": "intersection"
    },
    {
      "avg_item_neighbors": 610.2290562036055,
      "avg_interest_neighbors": 616.3414634146342,