{
  "tag": "A2_mha8_len20",
  "alias": "A2_mha8_len20",
  "dataset": "100k",
  "num_round_requested": 20,
  "num_round_actual": 20,
  "best_round": 19,
  "best_test_hr": 0.4496288441145281,
  "best_test_ndcg": 0.2590818228274439,
  "best_val_hr": 0.5068928950159067,
  "hr_list": [
    0.08271474019088017,
    0.09968186638388123,
    0.11346765641569459,
    0.12301166489925769,
    0.12301166489925769,
    0.14528101802757157,
    0.16967126193001061,
    0.1951219512195122,
    0.25344644750795337,
    0.2831389183457052,
    0.3170731707317073,
    0.3488865323435843,
    0.3860021208907741,
    0.3934252386002121,
    0.4029692470837752,
    0.41675503711558853,
    0.43902439024390244,
    0.440084835630965,
    0.45068928950159065,
    0.4496288441145281
  ],
  "ndcg_list": [
    0.035655092804871266,
    0.042396099611187996,
    0.048859381266539256,
    0.055916987116616884,
    0.05768996975661032,
    0.06689976596810028,
    0.0808296263558189,
    0.10160175489678211,
    0.13096866219075382,
    0.15113195217421965,
    0.1798500411734504,
    0.19735250787823397,
    0.21809473224829992,
    0.22867448489885578,
    0.23623306367065292,
    0.24466744224058795,
    0.2575552999515313,
    0.25977539209064743,
    0.259040365886531,
    0.2590818228274439
  ],
  "val_hr_list": [
    0.09968186638388123,
    0.11134676564156946,
    0.12301166489925769,
    0.13361611876988336,
    0.15588547189819724,
    0.17709437963944857,
    0.20572640509013787,
    0.23966065747614,
    0.26935312831389185,
    0.2990455991516437,
    0.33510074231177095,
    0.3753976670201485,
    0.41251325556733826,
    0.44644750795334043,
    0.4591728525980912,
    0.4623541887592789,
    0.4740190880169671,
    0.4835630965005302,
    0.5015906680805938,
    0.5068928950159067
  ],
  "val_ndcg_list": [
    0.04491273557964007,
    0.050985572672137776,
    0.05708476911107242,
    0.06464331774679888,
    0.0705520448682919,
    0.0822419920176462,
    0.09781559534232527,
    0.12197966990950553,
    0.14236810987577556,
    0.15996815196575376,
    0.18423091588496687,
    0.2107472375353663,
    0.23131610981033918,
    0.25456954393296827,
    0.26150253431007414,
    0.2617745019759724,
    0.27473531488953074,
    0.28321011139678376,
    0.29432816696398095,
    0.2981800814043548
  ],
  "upload_bytes_per_round": [
    203144832,
    203144832,
    203144832,
    203144832,
    203144832,
    203144832,
    203144832,
    203144832,
    203144832,
    203144832,
    203144832,
    203144832,
    203144832,
    203144832,
    203144832,
    203144832,
    203144832,
    203144832,
    203144832,
    203144832
  ],
  "total_upload_bytes": 4062896640,
  "aggregate_stats_per_round": [
    {
      "avg_item_neighbors": 707.5100742311771,
      "avg_interest_neighbors": 701.0562036055143,
      "avg_trusted_neighbors": 539.6627783669142,
      "avg_union_neighbors": 868.9034994697773,
      "avg_false_neighbor_ratio": 0.37891517447423406,
      "isolated_nodes": 91.0,
      "mode": "intersection"
    },
    {
      "avg_item_neighbors": 718.7592788971368,
      "avg_interest_neighbors": 663.7560975609756,
      "avg_trusted_neighbors": 541.9003181336161,
      "avg_union_neighbors": 840.6150583244963,
      "avg_false_neighbor_ratio": 0.35535259240570205,
      "isolated_nodes": 100.0,
      "mode": "intersection"
    },
    {
      "avg_item_neighbors": 719.9384941675504,
      "avg_interest_neighbors": 598.3520678685047,
      "avg_trusted_neighbors": 479.39766702014845,
      "avg_union_neighbors": 838.8928950159067,
      "avg_false_neighbor_ratio": 0.428535311398652,
      "isolated_nodes": 110.0,
      "mode": "intersection"
    },
    {
      "avg_item_neighbors": 721.7009544008483,
      "avg_interest_neighbors": 567.9703075291623,
      "avg_trusted_neighbors": 446.81230116648993,
      "avg_union_neighbors": 842.8589607635207,
      "avg_false_neighbor_ratio": 0.46988485385296724,
      "isolated_nodes": 112.0,
      "mode": "intersection"
    },
    {
      "avg_item_neighbors": 726.984093319194,
      "avg_interest_neighbors": 575.8282078472959,
      "avg_trusted_neighbors": 454.25874867444327,
      "avg_union_neighbors": 848.5535524920466,
      "avg_false_neighbor_ratio": 0.4646669649306536,
      "isolated_nodes": 107.0,
      "mode": "intersection"
    },
    {
      "avg_item_neighbors": 723.0371155885472,
      "avg_interest_neighbors": 570.5450689289502,
      "avg_trusted_neighbors": 446.36055143160127,
      "avg_union_neighbors": 847.2216330858961,
      "avg_false_neighbor_ratio": 0.4731478352296196,
      "isolated_nodes": 108.0,
      "mode": "intersection"
    },
    {
      "avg_item_neighbors": 677.236479321315,
      "avg_interest_neighbors": 583.2343584305409,
      "avg_trusted_neighbors": 432.40721102863205,
      "avg_union_neighbors": 828.0636267232237,
      "avg_false_neighbor_ratio": 0.4778091959675436,
      "isolated_nodes": 127.0,
      "mode": "intersection"
    },
    {
      "avg_item_neighbors": 641.2258748674443,
      "avg_interest_neighbors": 586.1272534464475,
      "avg_trusted_neighbors": 422.27147401908803,
      "avg_union_neighbors": 805.0816542948038,
      "avg_false_neighbor_ratio": 0.47549236556760344,
      "isolated_nodes": 147.0,
      "mode": "intersection"
    },
    {
      "avg_item_neighbors": 620.8483563096501,
      "avg_interest_neighbors": 575.6797454931071,
      "avg_trusted_neighbors": 413.6139978791092,
      "avg_union_neighbors": 782.914103923648,
      "avg_false_neighbor_ratio": 0.4716993910235572,
      "isolated_nodes": 158.0,
      "mode": "intersection"
    },
    {
      "avg_item_neighbors": 593.3510074231177,
      "avg_interest_neighbors": 580.356309650053,
      "avg_trusted_neighbors": 408.16542948038176,
      "avg_union_neighbors": 765.541887592789,
      "avg_false_neighbor_ratio": 0.46682809119192803,
      "isolated_nodes": 171.0,
      "mode": "intersection"
    },
    {
      "avg_item_neighbors": 585.9109225874868,
      "avg_interest_neighbors": 603.2428419936373,
      "avg_trusted_neighbors": 443.53128313891835,
      "avg_union_neighbors": 745.6224814422058,
      "avg_false_neighbor_ratio": 0.40515301754176375,
      "isolated_nodes": 184.0,
      "mode": "intersection"
    },
    {
      "avg_item_neighbors": 588.6023329798516,
      "avg_interest_neighbors": 642.8207847295864,
      "avg_trusted_neighbors": 483.4612937433722,
      "avg_union_neighbors": 747.9618239660657,
      "avg_false_neighbor_ratio": 0.35362838282331055,
      "isolated_nodes": 185.0,
      "mode": "intersection"
    },
    {
      "avg_item_neighbors": 585.5100742311771,
      "avg_interest_neighbors": 663.9915164369035,
      "avg_trusted_neighbors": 495.2237539766702,
      "avg_union_neighbors": 754.2778366914104,
      "avg_false_neighbor_ratio": 0.3434464995697921,
      "isolated_nodes": 183.0,
      "mode": "intersection"
    },
    {
      "avg_item_neighbors": 582.67868504772,
      "avg_interest_neighbors": 668.6468716861082,
      "avg_trusted_neighbors": 490.94803817603395,
      "avg_union_neighbors": 760.3775185577942,
      "avg_false_neighbor_ratio": 0.3543364628833141,
      "isolated_nodes": 180.0,
      "mode": "intersection"
    },
    {
      "avg_item_neighbors": 592.6171792152704,
      "avg_interest_neighbors": 665.1389183457052,
      "avg_trusted_neighbors": 489.1686108165429,
      "avg_union_neighbors": 768.5874867444327,
      "avg_false_neighbor_ratio": 0.36354856245636596,
      "isolated_nodes": 177.0,
      "mode": "intersection"
    },
    {
      "avg_item_neighbors": 583.1495227995758,
      "avg_interest_neighbors": 659.0434782608696,
      "avg_trusted_neighbors": 471.72640509013786,
      "avg_union_neighbors": 770.4665959703075,
      "avg_false_neighbor_ratio": 0.38773931594522054,
      "isolated_nodes": 171.0,
      "mode": "intersection"
    },
    {
      "avg_item_neighbors": 594.2948038176033,