{
  "tag": "V0_legacy_union",
  "alias": "V0_legacy_union",
  "dataset": "100k",
  "num_round_requested": 25,
  "num_round_actual": 25,
  "best_round": 24,
  "best_test_hr": 0.45811240721102864,
  "best_test_ndcg": 0.24132625200155267,
  "best_val_hr": 0.5058324496288441,
  "hr_list": [
    0.11770943796394485,
    0.1261930010604454,
    0.14316012725344646,
    0.15482502651113467,
    0.17073170731707318,
    0.18133616118769882,
    0.22269353128313893,
    0.26299045599151644,
    0.2990455991516437,
    0.3425238600212089,
    0.35737009544008486,
    0.3584305408271474,
    0.38176033934252385,
    0.37857900318133614,
    0.391304347826087,
    0.4061505832449629,
    0.41039236479321317,
    0.4188759278897137,
    0.4178154825026511,
    0.4337221633085896,
    0.4252386002120891,
    0.4496288441145281,
    0.4432661717921527,
    0.4591728525980912,
    0.45811240721102864
  ],
  "ndcg_list": [
    0.05345868085007483,
    0.05455932988382311,
    0.06442815189573907,
    0.07737680861973786,
    0.09318381158553686,
    0.10643752819083911,
    0.12654474233506322,
    0.1482257350738271,
    0.17155982833521052,
    0.18915232215402525,
    0.20050160499705558,
    0.20272535980838105,
    0.20707620421703518,
    0.2020849448352612,
    0.2124157613624412,
    0.21702024737619482,
    0.22019208011328534,
    0.22380438072750364,
    0.22237581628715875,
    0.23135323654454237,
    0.2253252019372263,
    0.23947531540569753,
    0.24014010463778226,
    0.24437047762903485,
    0.24132625200155267
  ],
  "val_hr_list": [
    0.10180275715800637,
    0.10180275715800637,
    0.12195121951219512,
    0.13043478260869565,
    0.14846235418875928,
    0.1823966065747614,
    0.23860021208907742,
    0.27465535524920465,
    0.29374337221633084,
    0.344644750795334,
    0.3743372216330859,
    0.3796394485683987,
    0.40402969247083775,
    0.4146341463414634,
    0.4146341463414634,
    0.4432661717921527,
    0.46129374337221635,
    0.45493107104984093,
    0.46553552492046657,
    0.4676564156945917,
    0.48250265111346763,
    0.48886532343584305,
    0.5058324496288441,
    0.4973488865323436,
    0.5058324496288441
  ],
  "val_ndcg_list": [
    0.04602956683499871,
    0.04806694637477842,
    0.05795742128994299,
    0.07087645027352434,
    0.08141098726077461,
    0.09508775626573425,
    0.12563012797031708,
    0.15235935718698168,
    0.1609233099686049,
    0.19628328294766795,
    0.20096572849021366,
    0.2110657540351474,
    0.22398980231252227,
    0.22220436817763253,
    0.22611721799692175,
    0.23800628899564422,
    0.25594930802224125,
    0.2474076907273019,
    0.2463194055437208,
    0.25240895819573145,
    0.2609674181518111,
    0.25395519412941125,
    0.2658887366160188,
    0.2658011337747205,
    0.2723686743761217
  ],
  "upload_bytes_per_round": [
    203144832,
    203144832,
    203144832,
    203144832,
    203144832,
    203144832,
    203144832,
    203144832,
    203144832,
    203144832,
    203144832,
    203144832,
    203144832,
    203144832,
    203144832,
    203144832,
    203144832,
    203144832,
    203144832,
    203144832,
    203144832,
    203144832,
    203144832,
    203144832,
    203144832
  ],
  "total_upload_bytes": 5078620800,
  "aggregate_stats_per_round": [
    {
      "avg_item_neighbors": 256.85683987274655,
      "avg_interest_neighbors": 260.46659597030754,
      "avg_trusted_neighbors": 78.29904559915164,
      "avg_union_neighbors": 439.0243902439024,
      "avg_false_neighbor_ratio": 0.8216521739130435,
      "isolated_nodes": 0.0,
      "mode": "union"
    },
    {
      "avg_item_neighbors": 336.9946977730647,
      "avg_interest_neighbors": 357.83669141039235,
      "avg_trusted_neighbors": 124.13361611876988,
      "avg_union_neighbors": 570.6977730646871,
      "avg_false_neighbor_ratio": 0.7824879963134188,
      "isolated_nodes": 0.0,
      "mode": "union"
    },
    {
      "avg_item_neighbors": 359.8218451749735,
      "avg_interest_neighbors": 365.7391304347826,
      "avg_trusted_neighbors": 139.64369034994698,
      "avg_union_neighbors": 585.9172852598091,
      "avg_false_neighbor_ratio": 0.7616665460073844,
      "isolated_nodes": 0.0,
      "mode": "union"
    },
    {
      "avg_item_neighbors": 367.3594909862142,
      "avg_interest_neighbors": 354.9225874867444,
      "avg_trusted_neighbors": 134.0,
      "avg_union_neighbors": 588.2820784729587,
      "avg_false_neighbor_ratio": 0.7722181162685895,
      "isolated_nodes": 0.0,
      "mode": "union"
    },
    {
      "avg_item_neighbors": 356.0487804878049,
      "avg_interest_neighbors": 346.6002120890774,
      "avg_trusted_neighbors": 122.12301166489925,
      "avg_union_neighbors": 580.5259809119831,
      "avg_false_neighbor_ratio": 0.7896338567430713,
      "isolated_nodes": 0.0,
      "mode": "union"
    },
    {
      "avg_item_neighbors": 351.7391304347826,
      "avg_interest_neighbors": 344.9247083775186,
      "avg_trusted_neighbors": 114.2439024390244,
      "avg_union_neighbors": 582.4199363732768,
      "avg_false_neighbor_ratio": 0.8038461678519797,
      "isolated_nodes": 0.0,
      "mode": "union"
    },
    {
      "avg_item_neighbors": 343.20042417815483,
      "avg_interest_neighbors": 345.0562036055143,
      "avg_trusted_neighbors": 121.01166489925768,
      "avg_union_neighbors": 567.2449628844115,
      "avg_false_neighbor_ratio": 0.7866677135678392,
      "isolated_nodes": 0.0,
      "mode": "union"
    },
    {
      "avg_item_neighbors": 346.55991516436904,
      "avg_interest_neighbors": 339.9088016967126,
      "avg_trusted_neighbors": 122.3881230116649,
      "avg_union_neighbors": 564.0805938494168,
      "avg_false_neighbor_ratio": 0.78303078612143,
      "isolated_nodes": 0.0,
      "mode": "union"
    },
    {
      "avg_item_neighbors": 345.00106044538705,
      "avg_interest_neighbors": 334.70413573700955,
      "avg_trusted_neighbors": 127.27889713679745,
      "avg_union_neighbors": 552.4262990455992,
      "avg_false_neighbor_ratio": 0.7696002211395598,
      "isolated_nodes": 0.0,
      "mode": "union"
    },
    {
      "avg_item_neighbors": 341.8536585365854,
      "avg_interest_neighbors": 335.9554612937434,
      "avg_trusted_neighbors": 126.35630965005302,
      "avg_union_neighbors": 551.4528101802757,
      "avg_false_neighbor_ratio": 0.7708665051344179,
      "isolated_nodes": 0.0,
      "mode": "union"
    },
    {
      "avg_item_neighbors": 333.0265111346766,
      "avg_interest_neighbors": 335.08377518557796,
      "avg_trusted_neighbors": 126.4135737009544,
      "avg_union_neighbors": 541.6967126193001,
      "avg_false_neighbor_ratio": 0.7666340393876512,
      "isolated_nodes": 0.0,
      "mode": "union"
    },
    {
      "avg_item_neighbors": 336.9607635206787,
      "avg_interest_neighbors": 327.2237539766702,
      "avg_trusted_neighbors": 127.27041357370095,
      "avg_union_neighbors": 536.914103923648,
      "avg_false_neighbor_ratio": 0.7629594517193024,
      "isolated_nodes": 0.0,
      "mode": "union"
    },
    {
      "avg_item_neighbors": 344.1611876988335,
      "avg_interest_neighbors": 333.4337221633086,
      "avg_trusted_neighbors": 133.55885471898196,
      "avg_union_neighbors": 544.0360551431602,
      "avg_false_neighbor_ratio": 0.754503670379279,
      "isolated_nodes": 0.0,
      "mode": "union"
    },
    {
      "avg_item_neighbors": 350.13149522799574,
      "avg_interest_neighbors": 334.8674443266172,
      "avg_trusted_neighbors": 141.59278897136798,
      "avg_union_neighbors": 543.406150583245,
      "avg_false_neighbor_ratio": 0.7394346957254816,
      "isolated_nodes": 0.0,
      "mode": "union"
    },
    {
      "avg_item_neighbors": 350.0466595970307,
      "avg_interest_neighbors": 332.5238600212089,
      "avg_trusted_neighbors": 137.56733828207848,
      "avg_union_neighbors": 545.0031813361612,
      "avg_false_neighbor_ratio": 0.7475843389669571,
      "isolated_nodes": 0.0,