{
  "tag": "V0_legacy_intersection",
  "alias": "V0_legacy_intersection",
  "dataset": "100k",
  "num_round_requested": 25,
  "num_round_actual": 25,
  "best_round": 24,
  "best_test_hr": 0.4188759278897137,
  "best_test_ndcg": 0.21137897710017686,
  "best_val_hr": 0.4782608695652174,
  "hr_list": [
    0.11770943796394485,
    0.13997879109225875,
    0.15482502651113467,
    0.15482502651113467,
    0.15906680805938495,
    0.2014846235418876,
    0.20996818663838812,
    0.256627783669141,
    0.2725344644750795,
    0.3054082714740191,
    0.3297985153764581,
    0.3372216330858961,
    0.3584305408271474,
    0.3563096500530223,
    0.38918345705196183,
    0.3711558854718982,
    0.3870625662778367,
    0.41039236479321317,
    0.4019088016967126,
    0.41569459172852596,
    0.4284199363732768,
    0.432661717921527,
    0.440084835630965,
    0.42629904559915166,
    0.4188759278897137
  ],
  "ndcg_list": [
    0.05345868085007483,
    0.06496655651485107,
    0.07418458412915666,
    0.08368609705668871,
    0.0853739091424948,
    0.10901892586285351,
    0.11824936160407833,
    0.14319385939827653,
    0.15042375344720443,
    0.1671796350742308,
    0.16992759905086197,
    0.1756396690806157,
    0.1820512213301308,
    0.18341891761740123,
    0.20511593925793248,
    0.1953080930621987,
    0.1991071813835,
    0.21186303585742897,
    0.20243645972212712,
    0.20870382724604436,
    0.2160017814240307,
    0.2296201358533295,
    0.22043580347030695,
    0.2196489758267644,
    0.21137897710017686
  ],
  "val_hr_list": [
    0.10180275715800637,
    0.12407211028632026,
    0.12407211028632026,
    0.14846235418875928,
    0.16118769883351008,
    0.18345705196182396,
    0.21845174973488865,
    0.2545068928950159,
    0.2863202545068929,
    0.32343584305408274,
    0.352067868504772,
    0.38176033934252385,
    0.38918345705196183,
    0.4029692470837752,
    0.41251325556733826,
    0.43160127253446445,
    0.43902439024390244,
    0.4602332979851538,
    0.44220572640509015,
    0.45068928950159065,
    0.4634146341463415,
    0.46553552492046657,
    0.46553552492046657,
    0.4687168610816543,
    0.4782608695652174
  ],
  "val_ndcg_list": [
    0.04602956683499871,
    0.05946358650209784,
    0.06004645356875104,
    0.07979175175571404,
    0.08433315318301197,
    0.10112143284478242,
    0.11597237601944717,
    0.13103142514934124,
    0.1550419598729493,
    0.16765122129354906,
    0.18539534257018087,
    0.1966801802546553,
    0.208253191931461,
    0.20639102351863428,
    0.21653583709289792,
    0.2220753466000905,
    0.22014194358053793,
    0.23453846991684302,
    0.22990895695772093,
    0.23747563923679438,
    0.24671792365880324,
    0.24402669890535783,
    0.24454091843658932,
    0.24804156984259626,
    0.24983125176609483
  ],
  "upload_bytes_per_round": [
    203144832,
    203144832,
    203144832,
    203144832,
    203144832,
    203144832,
    203144832,
    203144832,
    203144832,
    203144832,
    203144832,
    203144832,
    203144832,
    203144832,
    203144832,
    203144832,
    203144832,
    203144832,
    203144832,
    203144832,
    203144832,
    203144832,
    203144832,
    203144832,
    203144832
  ],
  "total_upload_bytes": 5078620800,
  "aggregate_stats_per_round": [
    {
      "avg_item_neighbors": 256.85683987274655,
      "avg_interest_neighbors": 260.46659597030754,
      "avg_trusted_neighbors": 78.29904559915164,
      "avg_union_neighbors": 439.0243902439024,
      "avg_false_neighbor_ratio": 0.8216521739130435,
      "isolated_nodes": 0.0,
      "mode": "intersection"
    },
    {
      "avg_item_neighbors": 326.4878048780488,
      "avg_interest_neighbors": 357.04135737009545,
      "avg_trusted_neighbors": 127.81124072110286,
      "avg_union_neighbors": 555.7179215270413,
      "avg_false_neighbor_ratio": 0.7700069841730243,
      "isolated_nodes": 0.0,
      "mode": "intersection"
    },
    {
      "avg_item_neighbors": 365.4082714740191,
      "avg_interest_neighbors": 365.21102863202543,
      "avg_trusted_neighbors": 141.76882290562037,
      "avg_union_neighbors": 588.8504772004242,
      "avg_false_neighbor_ratio": 0.7592447855699586,
      "isolated_nodes": 0.0,
      "mode": "intersection"
    },
    {
      "avg_item_neighbors": 385.10074231177094,
      "avg_interest_neighbors": 351.86850477200426,
      "avg_trusted_neighbors": 127.52492046659597,
      "avg_union_neighbors": 609.4443266171792,
      "avg_false_neighbor_ratio": 0.790752141094751,
      "isolated_nodes": 0.0,
      "mode": "intersection"
    },
    {
      "avg_item_neighbors": 385.7985153764581,
      "avg_interest_neighbors": 344.50265111346766,
      "avg_trusted_neighbors": 123.52492046659597,
      "avg_union_neighbors": 606.7762460233298,
      "avg_false_neighbor_ratio": 0.7964242646673307,
      "isolated_nodes": 0.0,
      "mode": "intersection"
    },
    {
      "avg_item_neighbors": 379.5100742311771,
      "avg_interest_neighbors": 344.4369034994698,
      "avg_trusted_neighbors": 127.20466595970308,
      "avg_union_neighbors": 596.7423117709438,
      "avg_false_neighbor_ratio": 0.7868348473863038,
      "isolated_nodes": 0.0,
      "mode": "intersection"
    },
    {
      "avg_item_neighbors": 359.68610816542946,
      "avg_interest_neighbors": 339.47189819724287,
      "avg_trusted_neighbors": 132.83351007423119,
      "avg_union_neighbors": 566.3244962884412,
      "avg_false_neighbor_ratio": 0.7654462928148242,
      "isolated_nodes": 0.0,
      "mode": "intersection"
    },
    {
      "avg_item_neighbors": 371.43796394485685,
      "avg_interest_neighbors": 326.7168610816543,
      "avg_trusted_neighbors": 135.71580063626723,
      "avg_union_neighbors": 562.439024390244,
      "avg_false_neighbor_ratio": 0.7587013084957954,
      "isolated_nodes": 0.0,
      "mode": "intersection"
    },
    {
      "avg_item_neighbors": 348.99045599151646,
      "avg_interest_neighbors": 320.5217391304348,
      "avg_trusted_neighbors": 126.98409331919406,
      "avg_union_neighbors": 542.5281018027572,
      "avg_false_neighbor_ratio": 0.7659400630174901,
      "isolated_nodes": 0.0,
      "mode": "intersection"
    },
    {
      "avg_item_neighbors": 347.9745493107105,
      "avg_interest_neighbors": 319.62460233297986,
      "avg_trusted_neighbors": 132.97348886532345,
      "avg_union_neighbors": 534.6256627783669,
      "avg_false_neighbor_ratio": 0.7512773925324109,
      "isolated_nodes": 0.0,
      "mode": "intersection"
    },
    {
      "avg_item_neighbors": 341.4506892895016,
      "avg_interest_neighbors": 319.78579003181335,
      "avg_trusted_neighbors": 142.47083775185578,
      "avg_union_neighbors": 518.7656415694591,
      "avg_false_neighbor_ratio": 0.7253657020907776,
      "isolated_nodes": 0.0,
      "mode": "intersection"
    },
    {
      "avg_item_neighbors": 342.7168610816543,
      "avg_interest_neighbors": 314.3817603393425,
      "avg_trusted_neighbors": 137.80063626723225,
      "avg_union_neighbors": 519.2979851537646,
      "avg_false_neighbor_ratio": 0.7346405335533329,
      "isolated_nodes": 0.0,
      "mode": "intersection"
    },
    {
      "avg_item_neighbors": 340.08059384941674,
      "avg_interest_neighbors": 319.62248144220575,
      "avg_trusted_neighbors": 136.36691410392365,
      "avg_union_neighbors": 523.3361611876988,
      "avg_false_neighbor_ratio": 0.7394276867961078,
      "isolated_nodes": 0.0,
      "mode": "intersection"
    },
    {
      "avg_item_neighbors": 356.7189819724284,
      "avg_interest_neighbors": 324.4729586426299,
      "avg_trusted_neighbors": 161.2407211028632,
      "avg_union_neighbors": 519.9512195121952,
      "avg_false_neighbor_ratio": 0.6898925994362796,
      "isolated_nodes": 0.0,
      "mode": "intersection"
    },
    {
      "avg_item_neighbors": 319.983032873807,
      "avg_interest_neighbors": 320.5662778366914,
      "avg_trusted_neighbors": 128.77412513255567,