{
  "tag": "V1_sim_union",
  "alias": "V1_sim_union",
  "dataset": "100k",
  "num_round_requested": 25,
  "num_round_actual": 25,
  "best_round": 24,
  "best_test_hr": 0.4591728525980912,
  "best_test_ndcg": 0.25285878818198154,
  "best_val_hr": 0.5090137857900318,
  "hr_list": [
    0.11770943796394485,
    0.11770943796394485,
    0.14103923647932132,
    0.13149522799575822,
    0.1728525980911983,
    0.19618239660657477,
    0.21208907741251326,
    0.2682926829268293,
    0.2990455991516437,
    0.3457051961823966,
    0.35418875927889715,
    0.3637327677624602,
    0.3902439024390244,
    0.39660657476139977,
    0.4135737009544008,
    0.41145281018027574,
    0.42735949098621423,
    0.42311770943796395,
    0.440084835630965,
    0.43478260869565216,
    0.4443266171792153,
    0.45493107104984093,
    0.4634146341463415,
    0.4634146341463415,
    0.4591728525980912
  ],
  "ndcg_list": [
    0.05345868085007483,
    0.052218731604553544,
    0.062451757009529686,
    0.06733487427631489,
    0.09355531385826907,
    0.10803163510974072,
    0.12137755544013362,
    0.15565755146787746,
    0.1743336988393616,
    0.2012159368496163,
    0.20175694983489653,
    0.2070309738423664,
    0.2187279840608521,
    0.22120904487993157,
    0.22846055137449853,
    0.22435244348544459,
    0.23579230973440096,
    0.23267669236856683,
    0.2383551419151257,
    0.2383953123956106,
    0.24229830713932374,
    0.24708032009709738,
    0.2560223755507425,
    0.2503861733542415,
    0.25285878818198154
  ],
  "val_hr_list": [
    0.10180275715800637,
    0.10392364793213149,
    0.11664899257688228,
    0.1325556733828208,
    0.1633085896076352,
    0.1951219512195122,
    0.24072110286320256,
    0.2704135737009544,
    0.29374337221633084,
    0.34358430540827145,
    0.38918345705196183,
    0.4019088016967126,
    0.4135737009544008,
    0.44750795334040294,
    0.4528101802757158,
    0.4602332979851538,
    0.48038176033934255,
    0.4740190880169671,
    0.4782608695652174,
    0.4814422057264051,
    0.48886532343584305,
    0.5005302226935313,
    0.5047720042417816,
    0.5068928950159067,
    0.5090137857900318
  ],
  "val_ndcg_list": [
    0.04602956683499871,
    0.05034266966248443,
    0.05386143844384721,
    0.07181249877520408,
    0.08247162131562429,
    0.10454637615285776,
    0.1356347531031049,
    0.15976795194268364,
    0.1708407146490326,
    0.1987607175923701,
    0.21534375915901063,
    0.2236516477429981,
    0.2376954937468393,
    0.2526481390991613,
    0.25793004942622555,
    0.25299099654923185,
    0.2624441585687113,
    0.2574593158820489,
    0.2661737667259175,
    0.2634994727055957,
    0.26708749953281136,
    0.2779300784312695,
    0.2768421812263031,
    0.28219812083327045,
    0.2778181844614374
  ],
  "upload_bytes_per_round": [
    203144832,
    203144832,
    203144832,
    203144832,
    203144832,
    203144832,
    203144832,
    203144832,
    203144832,
    203144832,
    203144832,
    203144832,
    203144832,
    203144832,
    203144832,
    203144832,
    203144832,
    203144832,
    203144832,
    203144832,
    203144832,
    203144832,
    203144832,
    203144832,
    203144832
  ],
  "total_upload_bytes": 5078620800,
  "aggregate_stats_per_round": [
    {
      "avg_item_neighbors": 685.1431601272534,
      "avg_interest_neighbors": 681.5270413573701,
      "avg_trusted_neighbors": 502.9692470837752,
      "avg_union_neighbors": 863.7009544008483,
      "avg_false_neighbor_ratio": 0.4176581089542893,
      "isolated_nodes": 0.0,
      "mode": "union"
    },
    {
      "avg_item_neighbors": 602.4284199363733,
      "avg_interest_neighbors": 582.8738069989396,
      "avg_trusted_neighbors": 367.23647932131496,
      "avg_union_neighbors": 818.0657476139979,
      "avg_false_neighbor_ratio": 0.551091730227783,
      "isolated_nodes": 0.0,
      "mode": "union"
    },
    {
      "avg_item_neighbors": 583.3785790031814,
      "avg_interest_neighbors": 575.4146341463414,
      "avg_trusted_neighbors": 358.186638388123,
      "avg_union_neighbors": 800.6065747613998,
      "avg_false_neighbor_ratio": 0.5526059244581256,
      "isolated_nodes": 0.0,
      "mode": "union"
    },
    {
      "avg_item_neighbors": 572.8504772004242,
      "avg_interest_neighbors": 585.2152704135736,
      "avg_trusted_neighbors": 352.35843054082716,
      "avg_union_neighbors": 805.7073170731708,
      "avg_false_neighbor_ratio": 0.5626719243151325,
      "isolated_nodes": 0.0,
      "mode": "union"
    },
    {
      "avg_item_neighbors": 577.2767762460234,
      "avg_interest_neighbors": 595.0668080593849,
      "avg_trusted_neighbors": 358.41569459172854,
      "avg_union_neighbors": 813.9278897136797,
      "avg_false_neighbor_ratio": 0.5596468690637809,
      "isolated_nodes": 0.0,
      "mode": "union"
    },
    {
      "avg_item_neighbors": 589.0625662778367,
      "avg_interest_neighbors": 596.5365853658536,
      "avg_trusted_neighbors": 357.0774125132556,
      "avg_union_neighbors": 828.5217391304348,
      "avg_false_neighbor_ratio": 0.569018656181524,
      "isolated_nodes": 0.0,
      "mode": "union"
    },
    {
      "avg_item_neighbors": 595.8791092258749,
      "avg_interest_neighbors": 594.7741251325557,
      "avg_trusted_neighbors": 373.15376458112405,
      "avg_union_neighbors": 817.4994697773064,
      "avg_false_neighbor_ratio": 0.5435424995654441,
      "isolated_nodes": 0.0,
      "mode": "union"
    },
    {
      "avg_item_neighbors": 592.3096500530223,
      "avg_interest_neighbors": 598.4347826086956,
      "avg_trusted_neighbors": 373.423117709438,
      "avg_union_neighbors": 817.32131495228,
      "avg_false_neighbor_ratio": 0.5431134477005036,
      "isolated_nodes": 0.0,
      "mode": "union"
    },
    {
      "avg_item_neighbors": 595.4740190880169,
      "avg_interest_neighbors": 599.4443266171792,
      "avg_trusted_neighbors": 384.18239660657474,
      "avg_union_neighbors": 810.7359490986214,
      "avg_false_neighbor_ratio": 0.5261312921504099,
      "isolated_nodes": 0.0,
      "mode": "union"
    },
    {
      "avg_item_neighbors": 577.1558854718982,
      "avg_interest_neighbors": 596.3987274655356,
      "avg_trusted_neighbors": 372.47083775185575,
      "avg_union_neighbors": 801.0837751855779,
      "avg_false_neighbor_ratio": 0.5350413411311823,
      "isolated_nodes": 0.0,
      "mode": "union"
    },
    {
      "avg_item_neighbors": 582.6765641569459,
      "avg_interest_neighbors": 597.0455991516437,
      "avg_trusted_neighbors": 390.65747613997877,
      "avg_union_neighbors": 789.0646871686108,
      "avg_false_neighbor_ratio": 0.5049107094859748,
      "isolated_nodes": 0.0,
      "mode": "union"
    },
    {
      "avg_item_neighbors": 573.9554612937434,
      "avg_interest_neighbors": 594.1378579003182,
      "avg_trusted_neighbors": 380.26299045599154,
      "avg_union_neighbors": 787.83032873807,
      "avg_false_neighbor_ratio": 0.5173288250211328,
      "isolated_nodes": 0.0,
      "mode": "union"
    },
    {
      "avg_item_neighbors": 577.6012725344644,
      "avg_interest_neighbors": 597.7030752916224,
      "avg_trusted_neighbors": 383.8579003181336,
      "avg_union_neighbors": 791.4464475079534,
      "avg_false_neighbor_ratio": 0.514991947305094,
      "isolated_nodes": 0.0,
      "mode": "union"
    },
    {
      "avg_item_neighbors": 569.7709437963945,
      "avg_interest_neighbors": 597.9554612937434,
      "avg_trusted_neighbors": 391.33828207847296,
      "avg_union_neighbors": 776.3881230116649,
      "avg_false_neighbor_ratio": 0.495950194909675,
      "isolated_nodes": 0.0,
      "mode": "union"
    },
    {
      "avg_item_neighbors": 582.8483563096501,
      "avg_interest_neighbors": 602.4029692470838,
      "avg_trusted_neighbors": 394.8335100742312,
      "avg_union_neighbors": 790.4178154825026,
      "avg_false_neighbor_ratio": 0.5004749357360967,
      "isolated_nodes": 0.0,