{
  "tag": "V2_topk50_intersection",
  "alias": "V2_topk50_intersection",
  "dataset": "100k",
  "num_round_requested": 25,
  "num_round_actual": 25,
  "best_round": 23,
  "best_test_hr": 0.4676564156945917,
  "best_test_ndcg": 0.24820504353909228,
  "best_val_hr": 0.5291622481442205,
  "hr_list": [
    0.11770943796394485,
    0.11876988335100742,
    0.12407211028632026,
    0.11770943796394485,
    0.15270413573700956,
    0.19830328738069988,
    0.2354188759278897,
    0.26617179215270415,
    0.28101802757158006,
    0.35418875927889715,
    0.34782608695652173,
    0.34994697773064687,
    0.38494167550371156,
    0.3955461293743372,
    0.4146341463414634,
    0.4188759278897137,
    0.45493107104984093,
    0.4517497348886532,
    0.4559915164369035,
    0.4740190880169671,
    0.46129374337221635,
    0.47932131495228,
    0.48038176033934255,
    0.4676564156945917,
    0.48568398727465534
  ],
  "ndcg_list": [
    0.05345868085007483,
    0.0572483246334909,
    0.057740098947005075,
    0.05927018361963526,
    0.0768644990455017,
    0.10277964740375363,
    0.12499501910105197,
    0.14243661669304858,
    0.15826654288303843,
    0.18227023999964154,
    0.18579309709738975,
    0.18699436142766335,
    0.20828152234938985,
    0.21469917328830748,
    0.22603316282987612,
    0.22329648120767806,
    0.2476838725637141,
    0.24266177319012364,
    0.24277198980511314,
    0.2500389389111165,
    0.24300482683586644,
    0.25630773927308775,
    0.2633089491226218,
    0.24820504353909228,
    0.26511215825027906
  ],
  "val_hr_list": [
    0.10180275715800637,
    0.11558854718981973,
    0.1102863202545069,
    0.13997879109225875,
    0.17391304347826086,
    0.2014846235418876,
    0.24814422057264052,
    0.2831389183457052,
    0.33828207847295866,
    0.3637327677624602,
    0.38918345705196183,
    0.3934252386002121,
    0.4178154825026511,
    0.4337221633085896,
    0.4591728525980912,
    0.47295864262990456,
    0.49628844114528103,
    0.4973488865323436,
    0.4878048780487805,
    0.4931071049840933,
    0.5100742311770944,
    0.5079533404029692,
    0.5259809119830329,
    0.5291622481442205,
    0.5174973488865323
  ],
  "val_ndcg_list": [
    0.04602956683499871,
    0.05223685306722207,
    0.0503653674850441,
    0.07166803719160246,
    0.08795926395281467,
    0.10555004630656326,
    0.1414025045809759,
    0.1548334750830977,
    0.18308377782924729,
    0.19518969070908718,
    0.20898905713950233,
    0.21416975181906686,
    0.22931118816986354,
    0.24005173614230738,
    0.25089041454785943,
    0.2514974259090756,
    0.26975812740082455,
    0.27154906919784816,
    0.2728389177761669,
    0.2787741520896824,
    0.28446699104190637,
    0.2823706811132823,
    0.2824671549886858,
    0.2904922383838724,
    0.2796974155302775
  ],
  "upload_bytes_per_round": [
    203144832,
    203144832,
    203144832,
    203144832,
    203144832,
    203144832,
    203144832,
    203144832,
    203144832,
    203144832,
    203144832,
    203144832,
    203144832,
    203144832,
    203144832,
    203144832,
    203144832,
    203144832,
    203144832,
    203144832,
    203144832,
    203144832,
    203144832,
    203144832,
    203144832
  ],
  "total_upload_bytes": 5078620800,
  "aggregate_stats_per_round": [
    {
      "avg_item_neighbors": 50.0,
      "avg_interest_neighbors": 50.0,
      "avg_trusted_neighbors": 6.569459172852598,
      "avg_union_neighbors": 93.4305408271474,
      "avg_false_neighbor_ratio": 0.9296861699109018,
      "isolated_nodes": 187.0,
      "mode": "intersection"
    },
    {
      "avg_item_neighbors": 50.0,
      "avg_interest_neighbors": 50.0,
      "avg_trusted_neighbors": 6.608695652173913,
      "avg_union_neighbors": 93.3913043478261,
      "avg_false_neighbor_ratio": 0.9292364990689013,
      "isolated_nodes": 39.0,
      "mode": "intersection"
    },
    {
      "avg_item_neighbors": 50.0,
      "avg_interest_neighbors": 50.0,
      "avg_trusted_neighbors": 6.870625662778367,
      "avg_union_neighbors": 93.12937433722163,
      "avg_false_neighbor_ratio": 0.9262249348105807,
      "isolated_nodes": 44.0,
      "mode": "intersection"
    },
    {
      "avg_item_neighbors": 50.0,
      "avg_interest_neighbors": 50.0,
      "avg_trusted_neighbors": 8.939554612937433,
      "avg_union_neighbors": 91.06044538706257,
      "avg_false_neighbor_ratio": 0.9018283451729359,
      "isolated_nodes": 34.0,
      "mode": "intersection"
    },
    {
      "avg_item_neighbors": 50.0,
      "avg_interest_neighbors": 50.0,
      "avg_trusted_neighbors": 11.205726405090138,
      "avg_union_neighbors": 88.79427359490987,
      "avg_false_neighbor_ratio": 0.8738012492087947,
      "isolated_nodes": 14.0,
      "mode": "intersection"
    },
    {
      "avg_item_neighbors": 50.0,
      "avg_interest_neighbors": 50.0,
      "avg_trusted_neighbors": 11.960763520678684,
      "avg_union_neighbors": 88.03923647932132,
      "avg_false_neighbor_ratio": 0.8641428072415412,
      "isolated_nodes": 27.0,
      "mode": "intersection"
    },
    {
      "avg_item_neighbors": 50.0,
      "avg_interest_neighbors": 50.0,
      "avg_trusted_neighbors": 12.036055143160127,
      "avg_union_neighbors": 87.96394485683987,
      "avg_false_neighbor_ratio": 0.8631705846895721,
      "isolated_nodes": 36.0,
      "mode": "intersection"
    },
    {
      "avg_item_neighbors": 50.0,
      "avg_interest_neighbors": 50.0,
      "avg_trusted_neighbors": 10.933191940615059,
      "avg_union_neighbors": 89.06680805938494,
      "avg_false_neighbor_ratio": 0.8772472913442076,
      "isolated_nodes": 30.0,
      "mode": "intersection"
    },
    {
      "avg_item_neighbors": 50.0,
      "avg_interest_neighbors": 50.0,
      "avg_trusted_neighbors": 10.611876988335101,
      "avg_union_neighbors": 89.3881230116649,
      "avg_false_neighbor_ratio": 0.8812831433215095,
      "isolated_nodes": 35.0,
      "mode": "intersection"
    },
    {
      "avg_item_neighbors": 50.0,
      "avg_interest_neighbors": 50.0,
      "avg_trusted_neighbors": 9.725344644750795,
      "avg_union_neighbors": 90.27465535524921,
      "avg_false_neighbor_ratio": 0.8922693794124211,
      "isolated_nodes": 42.0,
      "mode": "intersection"
    },
    {
      "avg_item_neighbors": 50.0,
      "avg_interest_neighbors": 50.0,
      "avg_trusted_neighbors": 8.465535524920467,
      "avg_union_neighbors": 91.53446447507953,
      "avg_false_neighbor_ratio": 0.9075153214314677,
      "isolated_nodes": 40.0,
      "mode": "intersection"
    },
    {
      "avg_item_neighbors": 50.0,
      "avg_interest_neighbors": 50.0,
      "avg_trusted_neighbors": 7.485683987274656,
      "avg_union_neighbors": 92.51431601272535,
      "avg_false_neighbor_ratio": 0.9190862094657328,
      "isolated_nodes": 70.0,
      "mode": "intersection"
    },
    {
      "avg_item_neighbors": 50.0,
      "avg_interest_neighbors": 50.0,
      "avg_trusted_neighbors": 7.294803817603394,
      "avg_union_neighbors": 92.7051961823966,
      "avg_false_neighbor_ratio": 0.9213118129511216,
      "isolated_nodes": 69.0,
      "mode": "intersection"
    },
    {
      "avg_item_neighbors": 50.0,
      "avg_interest_neighbors": 50.0,
      "avg_trusted_neighbors": 7.57051961823966,
      "avg_union_neighbors": 92.42948038176034,
      "avg_false_neighbor_ratio": 0.9180941017198059,
      "isolated_nodes": 85.0,
      "mode": "intersection"
    },
    {
      "avg_item_neighbors": 50.0,
      "avg_interest_neighbors": 50.0,
      "avg_trusted_neighbors": 7.194061505832449,
      "avg_union_neighbors": 92.80593849416755,
      "avg_false_neighbor_ratio": 0.9224827460121577,
      "isolated_nodes": 106.0,
      "mode": "intersection"
    },
    {
      "avg_item_neighbors": 50.0,
      "avg_interest_neighbors": 50.0,
      "avg_trusted_neighbors": 7.378579003181336,
      "avg_union_neighbors": 92.62142099681867,
      "avg_false_neighbor_ratio": 0.920336149847725,