{
  "tag": "V3_product_topk20",
  "alias": "V3_product_topk20",
  "dataset": "100k",
  "num_round_requested": 25,
  "num_round_actual": 25,
  "best_round": 20,
  "best_test_hr": 0.432661717921527,
  "best_test_ndcg": 0.22666586947890288,
  "best_val_hr": 0.48462354188759277,
  "hr_list": [
    0.11770943796394485,
    0.11876988335100742,
    0.1325556733828208,
    0.12725344644750794,
    0.16436903499469777,
    0.20890774125132555,
    0.2301166489925769,
    0.2799575821845175,
    0.32237539766702017,
    0.352067868504772,
    0.3488865323435843,
    0.37645811240721105,
    0.40721102863202546,
    0.41675503711558853,
    0.4252386002120891,
    0.42948038176033937,
    0.45387062566277836,
    0.4432661717921527,
    0.45493107104984093,
    0.4517497348886532,
    0.432661717921527,
    0.45705196182396607,
    0.4528101802757158,
    0.4443266171792153,
    0.44644750795334043
  ],
  "ndcg_list": [
    0.05345868085007483,
    0.053245976744333935,
    0.060230313126194056,
    0.0636243775263041,
    0.08705862719475914,
    0.10590372571215682,
    0.1257743650487603,
    0.15139404323983083,
    0.17624698402465033,
    0.19186583901899307,
    0.19842541408999526,
    0.20850976346953906,
    0.22404372047911533,
    0.22837253795521442,
    0.2315250261977833,
    0.23283947491645202,
    0.24012885367528122,
    0.23373718962413145,
    0.23129284524014584,
    0.2306568380851,
    0.22666586947890288,
    0.23693885090203284,
    0.23105351070687236,
    0.2299248777587333,
    0.23832885503052806
  ],
  "val_hr_list": [
    0.10180275715800637,
    0.10604453870625663,
    0.11452810180275716,
    0.14422057264050903,
    0.16967126193001061,
    0.2110286320254507,
    0.24814422057264052,
    0.2990455991516437,
    0.3117709437963945,
    0.34358430540827145,
    0.391304347826087,
    0.41039236479321317,
    0.43902439024390244,
    0.44750795334040294,
    0.45493107104984093,
    0.45811240721102864,
    0.47932131495228,
    0.47295864262990456,
    0.47613997879109227,
    0.4782608695652174,
    0.48462354188759277,
    0.4782608695652174,
    0.48038176033934255,
    0.47720042417815484,
    0.48038176033934255
  ],
  "val_ndcg_list": [
    0.04602956683499871,
    0.051136288166912666,
    0.05633164121168584,
    0.07035104707505221,
    0.08637955574130027,
    0.11683156738559737,
    0.14213017853455998,
    0.1623407859740235,
    0.1760754094917282,
    0.19240769530038848,
    0.2213020180433368,
    0.22464742932283419,
    0.24426534399202257,
    0.241801232295834,
    0.25298308008665826,
    0.24667835884317435,
    0.2563608333474402,
    0.2516506656148743,
    0.2539579350545066,
    0.25293993404173953,
    0.2540924638888585,
    0.25653061600889293,
    0.2456234964377688,
    0.24084548349086113,
    0.24818169020851433
  ],
  "upload_bytes_per_round": [
    203144832,
    203144832,
    203144832,
    203144832,
    203144832,
    203144832,
    203144832,
    203144832,
    203144832,
    203144832,
    203144832,
    203144832,
    203144832,
    203144832,
    203144832,
    203144832,
    203144832,
    203144832,
    203144832,
    203144832,
    203144832,
    203144832,
    203144832,
    203144832,
    203144832
  ],
  "total_upload_bytes": 5078620800,
  "aggregate_stats_per_round": [
    {
      "avg_item_neighbors": 20.0,
      "avg_interest_neighbors": 20.0,
      "avg_trusted_neighbors": 1.303287380699894,
      "avg_union_neighbors": 38.69671261930011,
      "avg_false_neighbor_ratio": 0.9613973075379585,
      "isolated_nodes": 0.0,
      "mode": "product"
    },
    {
      "avg_item_neighbors": 20.0,
      "avg_interest_neighbors": 20.0,
      "avg_trusted_neighbors": 1.3043478260869565,
      "avg_union_neighbors": 38.69565217391305,
      "avg_false_neighbor_ratio": 0.9629657228103857,
      "isolated_nodes": 0.0,
      "mode": "product"
    },
    {
      "avg_item_neighbors": 20.0,
      "avg_interest_neighbors": 20.0,
      "avg_trusted_neighbors": 1.159066808059385,
      "avg_union_neighbors": 38.840933191940614,
      "avg_false_neighbor_ratio": 0.9687783535296117,
      "isolated_nodes": 0.0,
      "mode": "product"
    },
    {
      "avg_item_neighbors": 20.0,
      "avg_interest_neighbors": 20.0,
      "avg_trusted_neighbors": 1.3043478260869565,
      "avg_union_neighbors": 38.69565217391305,
      "avg_false_neighbor_ratio": 0.9643996423245738,
      "isolated_nodes": 0.0,
      "mode": "product"
    },
    {
      "avg_item_neighbors": 20.0,
      "avg_interest_neighbors": 20.0,
      "avg_trusted_neighbors": 1.477200424178155,
      "avg_union_neighbors": 38.52279957582184,
      "avg_false_neighbor_ratio": 0.9585387089122266,
      "isolated_nodes": 0.0,
      "mode": "product"
    },
    {
      "avg_item_neighbors": 20.0,
      "avg_interest_neighbors": 20.0,
      "avg_trusted_neighbors": 1.741251325556734,
      "avg_union_neighbors": 38.25874867444327,
      "avg_false_neighbor_ratio": 0.9501986419647224,
      "isolated_nodes": 0.0,
      "mode": "product"
    },
    {
      "avg_item_neighbors": 20.0,
      "avg_interest_neighbors": 20.0,
      "avg_trusted_neighbors": 1.885471898197243,
      "avg_union_neighbors": 38.114528101802755,
      "avg_false_neighbor_ratio": 0.9458297280448585,
      "isolated_nodes": 0.0,
      "mode": "product"
    },
    {
      "avg_item_neighbors": 20.0,
      "avg_interest_neighbors": 20.0,
      "avg_trusted_neighbors": 1.941675503711559,
      "avg_union_neighbors": 38.05832449628844,
      "avg_false_neighbor_ratio": 0.9444188833905749,
      "isolated_nodes": 0.0,
      "mode": "product"
    },
    {
      "avg_item_neighbors": 20.0,
      "avg_interest_neighbors": 20.0,
      "avg_trusted_neighbors": 1.8525980911983033,
      "avg_union_neighbors": 38.1474019088017,
      "avg_false_neighbor_ratio": 0.9467267849875989,
      "isolated_nodes": 0.0,
      "mode": "product"
    },
    {
      "avg_item_neighbors": 20.0,
      "avg_interest_neighbors": 20.0,
      "avg_trusted_neighbors": 1.647932131495228,
      "avg_union_neighbors": 38.35206786850477,
      "avg_false_neighbor_ratio": 0.9529807474448097,
      "isolated_nodes": 0.0,
      "mode": "product"
    },
    {
      "avg_item_neighbors": 20.0,
      "avg_interest_neighbors": 20.0,
      "avg_trusted_neighbors": 1.4623541887592788,
      "avg_union_neighbors": 38.53764581124072,
      "avg_false_neighbor_ratio": 0.9581284013682596,
      "isolated_nodes": 0.0,
      "mode": "product"
    },
    {
      "avg_item_neighbors": 20.0,
      "avg_interest_neighbors": 20.0,
      "avg_trusted_neighbors": 1.376458112407211,
      "avg_union_neighbors": 38.623541887592786,
      "avg_false_neighbor_ratio": 0.9602236176963165,
      "isolated_nodes": 0.0,
      "mode": "product"
    },
    {
      "avg_item_neighbors": 20.0,
      "avg_interest_neighbors": 20.0,
      "avg_trusted_neighbors": 1.0434782608695652,
      "avg_union_neighbors": 38.95652173913044,
      "avg_false_neighbor_ratio": 0.9703518867368381,
      "isolated_nodes": 0.0,
      "mode": "product"
    },
    {
      "avg_item_neighbors": 20.0,
      "avg_interest_neighbors": 20.0,
      "avg_trusted_neighbors": 1.1558854718981972,
      "avg_union_neighbors": 38.844114528101805,
      "avg_false_neighbor_ratio": 0.9663793981380967,
      "isolated_nodes": 0.0,
      "mode": "product"
    },
    {
      "avg_item_neighbors": 20.0,
      "avg_interest_neighbors": 20.0,
      "avg_trusted_neighbors": 1.0371155885471899,
      "avg_union_neighbors": 38.96288441145281,
      "avg_false_neighbor_ratio": 0.9698208114238777,
      "isolated_nodes": 0.0,
      "mode": "product"
    },
    {
      "avg_item_neighbors": 20.0,
      "avg_interest_neighbors": 20.0,
      "avg_trusted_neighbors": 1.0137857900318135,
      "avg_union_neighbors": 38.98621420996819,
      "avg_false_neighbor_ratio": 0.9700948206457273,
      "isolated_nodes": 0.0,
      "mode": "product"
    },
    {
      "avg_item_neighbors": 20.0,