{
  "tag": "V4_rank_topk20",
  "alias": "V4_rank_topk20",
  "dataset": "100k",
  "num_round_requested": 25,
  "num_round_actual": 25,
  "best_round": 24,
  "best_test_hr": 0.43902439024390244,
  "best_test_ndcg": 0.23407991341524043,
  "best_val_hr": 0.49522799575821846,
  "hr_list": [
    0.11770943796394485,
    0.11134676564156946,
    0.1357370095440085,
    0.1261930010604454,
    0.1537645811240721,
    0.20042417815482502,
    0.23329798515376457,
    0.26617179215270415,
    0.31283138918345704,
    0.3584305408271474,
    0.37327677624602335,
    0.3806998939554613,
    0.3987274655355249,
    0.41039236479321317,
    0.41251325556733826,
    0.42948038176033937,
    0.45068928950159065,
    0.4443266171792153,
    0.4528101802757158,
    0.44644750795334043,
    0.45493107104984093,
    0.46553552492046657,
    0.45705196182396607,
    0.45811240721102864,
    0.43902439024390244
  ],
  "ndcg_list": [
    0.05345868085007483,
    0.052484012003085306,
    0.058439720854904446,
    0.062478565104650004,
    0.07984017179662424,
    0.10186403262814565,
    0.12314226718788746,
    0.14717252500183817,
    0.167800036415014,
    0.1933093045132729,
    0.2053423635062482,
    0.21075030366843958,
    0.21785942035346934,
    0.2242946682730824,
    0.22317837981827965,
    0.22904787633550605,
    0.2447390838136222,
    0.2408947108135045,
    0.2463693193728188,
    0.2430990767336262,
    0.2436947436540176,
    0.25082822944713434,
    0.242349130646775,
    0.24458677483878727,
    0.23407991341524043
  ],
  "val_hr_list": [
    0.10180275715800637,
    0.1007423117709438,
    0.11558854718981973,
    0.12937433722163308,
    0.16436903499469777,
    0.21951219512195122,
    0.2725344644750795,
    0.29056203605514314,
    0.3181336161187699,
    0.3563096500530223,
    0.3944856839872747,
    0.4135737009544008,
    0.43160127253446445,
    0.44750795334040294,
    0.4485683987274655,
    0.4559915164369035,
    0.4687168610816543,
    0.4814422057264051,
    0.48462354188759277,
    0.4814422057264051,
    0.4941675503711559,
    0.48038176033934255,
    0.4878048780487805,
    0.4941675503711559,
    0.49522799575821846
  ],
  "val_ndcg_list": [
    0.04602956683499871,
    0.047612810888456474,
    0.05533208982874341,
    0.0672454927788572,
    0.08567783074411367,
    0.11769918258814994,
    0.16018395947348457,
    0.15631131277568136,
    0.1775999695440661,
    0.19587188119247936,
    0.21698085683546084,
    0.22859151260378133,
    0.2409546475679332,
    0.2523275489367917,
    0.2545619047330529,
    0.24518549049233238,
    0.26174735489619394,
    0.2587952964814788,
    0.2600681623016883,
    0.26351708992666883,
    0.2625066908278973,
    0.2587349448452569,
    0.25627478330632064,
    0.2607625933147846,
    0.2585617122432594
  ],
  "upload_bytes_per_round": [
    203144832,
    203144832,
    203144832,
    203144832,
    203144832,
    203144832,
    203144832,
    203144832,
    203144832,
    203144832,
    203144832,
    203144832,
    203144832,
    203144832,
    203144832,
    203144832,
    203144832,
    203144832,
    203144832,
    203144832,
    203144832,
    203144832,
    203144832,
    203144832,
    203144832
  ],
  "total_upload_bytes": 5078620800,
  "aggregate_stats_per_round": [
    {
      "avg_item_neighbors": 20.0,
      "avg_interest_neighbors": 20.0,
      "avg_trusted_neighbors": 1.303287380699894,
      "avg_union_neighbors": 38.69671261930011,
      "avg_false_neighbor_ratio": 0.9613973075379585,
      "isolated_nodes": 0.0,
      "mode": "rank_intersection"
    },
    {
      "avg_item_neighbors": 20.0,
      "avg_interest_neighbors": 20.0,
      "avg_trusted_neighbors": 1.2831389183457051,
      "avg_union_neighbors": 38.716861081654294,
      "avg_false_neighbor_ratio": 0.9631735587008563,
      "isolated_nodes": 0.0,
      "mode": "rank_intersection"
    },
    {
      "avg_item_neighbors": 20.0,
      "avg_interest_neighbors": 20.0,
      "avg_trusted_neighbors": 1.11983032873807,
      "avg_union_neighbors": 38.88016967126193,
      "avg_false_neighbor_ratio": 0.9697616193312062,
      "isolated_nodes": 0.0,
      "mode": "rank_intersection"
    },
    {
      "avg_item_neighbors": 20.0,
      "avg_interest_neighbors": 20.0,
      "avg_trusted_neighbors": 1.44220572640509,
      "avg_union_neighbors": 38.55779427359491,
      "avg_false_neighbor_ratio": 0.9602555990803001,
      "isolated_nodes": 0.0,
      "mode": "rank_intersection"
    },
    {
      "avg_item_neighbors": 20.0,
      "avg_interest_neighbors": 20.0,
      "avg_trusted_neighbors": 1.706256627783669,
      "avg_union_neighbors": 38.29374337221633,
      "avg_false_neighbor_ratio": 0.9520492820957929,
      "isolated_nodes": 0.0,
      "mode": "rank_intersection"
    },
    {
      "avg_item_neighbors": 20.0,
      "avg_interest_neighbors": 20.0,
      "avg_trusted_neighbors": 2.0307529162248144,
      "avg_union_neighbors": 37.96924708377519,
      "avg_false_neighbor_ratio": 0.9409357173190386,
      "isolated_nodes": 0.0,
      "mode": "rank_intersection"
    },
    {
      "avg_item_neighbors": 20.0,
      "avg_interest_neighbors": 20.0,
      "avg_trusted_neighbors": 2.16118769883351,
      "avg_union_neighbors": 37.83881230116649,
      "avg_false_neighbor_ratio": 0.9376154288282186,
      "isolated_nodes": 0.0,
      "mode": "rank_intersection"
    },
    {
      "avg_item_neighbors": 20.0,
      "avg_interest_neighbors": 20.0,
      "avg_trusted_neighbors": 2.091198303287381,
      "avg_union_neighbors": 37.90880169671262,
      "avg_false_neighbor_ratio": 0.9403265535787049,
      "isolated_nodes": 0.0,
      "mode": "rank_intersection"
    },
    {
      "avg_item_neighbors": 20.0,
      "avg_interest_neighbors": 20.0,
      "avg_trusted_neighbors": 2.039236479321315,
      "avg_union_neighbors": 37.96076352067868,
      "avg_false_neighbor_ratio": 0.9416359424499074,
      "isolated_nodes": 0.0,
      "mode": "rank_intersection"
    },
    {
      "avg_item_neighbors": 20.0,
      "avg_interest_neighbors": 20.0,
      "avg_trusted_neighbors": 1.9204665959703076,
      "avg_union_neighbors": 38.07953340402969,
      "avg_false_neighbor_ratio": 0.9444944389814532,
      "isolated_nodes": 0.0,
      "mode": "rank_intersection"
    },
    {
      "avg_item_neighbors": 20.0,
      "avg_interest_neighbors": 20.0,
      "avg_trusted_neighbors": 1.6468716861081654,
      "avg_union_neighbors": 38.35312831389184,
      "avg_false_neighbor_ratio": 0.9530909812822895,
      "isolated_nodes": 0.0,
      "mode": "rank_intersection"
    },
    {
      "avg_item_neighbors": 20.0,
      "avg_interest_neighbors": 20.0,
      "avg_trusted_neighbors": 1.4305408271474018,
      "avg_union_neighbors": 38.569459172852596,
      "avg_false_neighbor_ratio": 0.9599418968561253,
      "isolated_nodes": 0.0,
      "mode": "rank_intersection"
    },
    {
      "avg_item_neighbors": 20.0,
      "avg_interest_neighbors": 20.0,
      "avg_trusted_neighbors": 1.2099681866383882,
      "avg_union_neighbors": 38.790031813361615,
      "avg_false_neighbor_ratio": 0.9652724645578944,
      "isolated_nodes": 0.0,
      "mode": "rank_intersection"
    },
    {
      "avg_item_neighbors": 20.0,
      "avg_interest_neighbors": 20.0,
      "avg_trusted_neighbors": 1.2735949098621422,
      "avg_union_neighbors": 38.72640509013786,
      "avg_false_neighbor_ratio": 0.962878718184857,
      "isolated_nodes": 0.0,
      "mode": "rank_intersection"
    },
    {
      "avg_item_neighbors": 20.0,
      "avg_interest_neighbors": 20.0,
      "avg_trusted_neighbors": 0.9936373276776246,
      "avg_union_neighbors": 39.006362672322375,
      "avg_false_neighbor_ratio": 0.9714444435023529,
      "isolated_nodes": 0.0,
      "mode": "rank_intersection"
    },
    {
      "avg_item_neighbors": 20.0,
      "avg_interest_neighbors": 20.0,
      "avg_trusted_neighbors": 1.063626723223754,
      "avg_union_neighbors": 38.936373276776244,