{
  "tag": "V4_rank_topk50",
  "alias": "V4_rank_topk50",
  "dataset": "100k",
  "num_round_requested": 25,
  "num_round_actual": 25,
  "best_round": 20,
  "best_test_hr": 0.45387062566277836,
  "best_test_ndcg": 0.24273926977860383,
  "best_val_hr": 0.4931071049840933,
  "hr_list": [
    0.11770943796394485,
    0.11876988335100742,
    0.13679745493107104,
    0.13149522799575822,
    0.16118769883351008,
    0.20042417815482502,
    0.23329798515376457,
    0.2725344644750795,
    0.30965005302226933,
    0.34358430540827145,
    0.3711558854718982,
    0.38494167550371156,
    0.4061505832449629,
    0.4019088016967126,
    0.41993637327677624,
    0.43160127253446445,
    0.44538706256627786,
    0.4517497348886532,
    0.4559915164369035,
    0.44750795334040294,
    0.45387062566277836,
    0.4602332979851538,
    0.4517497348886532,
    0.46447507953340406,
    0.46447507953340406
  ],
  "ndcg_list": [
    0.05345868085007483,
    0.052487288662671924,
    0.058835338712858766,
    0.06828814195887184,
    0.08168548178476714,
    0.102084781750201,
    0.12826649805247425,
    0.14565946698028392,
    0.17478382248993848,
    0.18947182656645586,
    0.2053353601073546,
    0.2108919692466764,
    0.22055020780299667,
    0.22231716633658155,
    0.2307864636136463,
    0.22905508458522517,
    0.239541374699844,
    0.23991513246492308,
    0.24123197910212477,
    0.23907933548491164,
    0.24273926977860383,
    0.2434313055754752,
    0.23706440834501444,
    0.2447334473754627,
    0.2464589901271437
  ],
  "val_hr_list": [
    0.10180275715800637,
    0.10604453870625663,
    0.1102863202545069,
    0.1378579003181336,
    0.16755037115588547,
    0.2258748674443266,
    0.2704135737009544,
    0.2863202545068929,
    0.3170731707317073,
    0.3425238600212089,
    0.383881230116649,
    0.41675503711558853,
    0.440084835630965,
    0.44538706256627786,
    0.4443266171792153,
    0.4634146341463415,
    0.4676564156945917,
    0.47295864262990456,
    0.4750795334040297,
    0.47720042417815484,
    0.4931071049840933,
    0.47295864262990456,
    0.48886532343584305,
    0.49204665959703076,
    0.48568398727465534
  ],
  "val_ndcg_list": [
    0.04602956683499871,
    0.051184637635061474,
    0.05320519055767096,
    0.07087657022575139,
    0.08550310265513181,
    0.11909815047801584,
    0.15558250400643706,
    0.15553405180781724,
    0.17635353735551812,
    0.18759092320264636,
    0.21535322785744626,
    0.2245069071771634,
    0.24330326212784836,
    0.24823127200519238,
    0.24919470733353136,
    0.24937475605741993,
    0.26168973993290245,
    0.2561833599550093,
    0.2561906648025208,
    0.2557178580565123,
    0.26409611342350336,
    0.256264589852686,
    0.25753476856422514,
    0.2596894257309889,
    0.25741709027750864
  ],
  "upload_bytes_per_round": [
    203144832,
    203144832,
    203144832,
    203144832,
    203144832,
    203144832,
    203144832,
    203144832,
    203144832,
    203144832,
    203144832,
    203144832,
    203144832,
    203144832,
    203144832,
    203144832,
    203144832,
    203144832,
    203144832,
    203144832,
    203144832,
    203144832,
    203144832,
    203144832,
    203144832
  ],
  "total_upload_bytes": 5078620800,
  "aggregate_stats_per_round": [
    {
      "avg_item_neighbors": 50.0,
      "avg_interest_neighbors": 50.0,
      "avg_trusted_neighbors": 6.569459172852598,
      "avg_union_neighbors": 93.4305408271474,
      "avg_false_neighbor_ratio": 0.9092218158531191,
      "isolated_nodes": 0.0,
      "mode": "rank_intersection"
    },
    {
      "avg_item_neighbors": 50.0,
      "avg_interest_neighbors": 50.0,
      "avg_trusted_neighbors": 6.360551431601272,
      "avg_union_neighbors": 93.63944856839873,
      "avg_false_neighbor_ratio": 0.916300086992836,
      "isolated_nodes": 0.0,
      "mode": "rank_intersection"
    },
    {
      "avg_item_neighbors": 50.0,
      "avg_interest_neighbors": 50.0,
      "avg_trusted_neighbors": 5.1961823966065745,
      "avg_union_neighbors": 94.80381760339343,
      "avg_false_neighbor_ratio": 0.9424510244087438,
      "isolated_nodes": 0.0,
      "mode": "rank_intersection"
    },
    {
      "avg_item_neighbors": 50.0,
      "avg_interest_neighbors": 50.0,
      "avg_trusted_neighbors": 6.065747613997879,
      "avg_union_neighbors": 93.93425238600211,
      "avg_false_neighbor_ratio": 0.9304600102088025,
      "isolated_nodes": 0.0,
      "mode": "rank_intersection"
    },
    {
      "avg_item_neighbors": 50.0,
      "avg_interest_neighbors": 50.0,
      "avg_trusted_neighbors": 7.64050901378579,
      "avg_union_neighbors": 92.35949098621421,
      "avg_false_neighbor_ratio": 0.9097815824022734,
      "isolated_nodes": 0.0,
      "mode": "rank_intersection"
    },
    {
      "avg_item_neighbors": 50.0,
      "avg_interest_neighbors": 50.0,
      "avg_trusted_neighbors": 8.158006362672323,
      "avg_union_neighbors": 91.84199363732768,
      "avg_false_neighbor_ratio": 0.8987675182547797,
      "isolated_nodes": 0.0,
      "mode": "rank_intersection"
    },
    {
      "avg_item_neighbors": 50.0,
      "avg_interest_neighbors": 50.0,
      "avg_trusted_neighbors": 8.353128313891835,
      "avg_union_neighbors": 91.64687168610817,
      "avg_false_neighbor_ratio": 0.8986043387545772,
      "isolated_nodes": 0.0,
      "mode": "rank_intersection"
    },
    {
      "avg_item_neighbors": 50.0,
      "avg_interest_neighbors": 50.0,
      "avg_trusted_neighbors": 7.854718981972429,
      "avg_union_neighbors": 92.14528101802757,
      "avg_false_neighbor_ratio": 0.908654101837339,
      "isolated_nodes": 0.0,
      "mode": "rank_intersection"
    },
    {
      "avg_item_neighbors": 50.0,
      "avg_interest_neighbors": 50.0,
      "avg_trusted_neighbors": 7.366914103923648,
      "avg_union_neighbors": 92.63308589607635,
      "avg_false_neighbor_ratio": 0.9134538484229384,
      "isolated_nodes": 0.0,
      "mode": "rank_intersection"
    },
    {
      "avg_item_neighbors": 50.0,
      "avg_interest_neighbors": 50.0,
      "avg_trusted_neighbors": 6.692470837751856,
      "avg_union_neighbors": 93.30752916224814,
      "avg_false_neighbor_ratio": 0.9235318284313534,
      "isolated_nodes": 0.0,
      "mode": "rank_intersection"
    },
    {
      "avg_item_neighbors": 50.0,
      "avg_interest_neighbors": 50.0,
      "avg_trusted_neighbors": 5.7401908801696715,
      "avg_union_neighbors": 94.25980911983032,
      "avg_false_neighbor_ratio": 0.9354385662545353,
      "isolated_nodes": 0.0,
      "mode": "rank_intersection"
    },
    {
      "avg_item_neighbors": 50.0,
      "avg_interest_neighbors": 50.0,
      "avg_trusted_neighbors": 4.765641569459173,
      "avg_union_neighbors": 95.23435843054082,
      "avg_false_neighbor_ratio": 0.9438968988194889,
      "isolated_nodes": 0.0,
      "mode": "rank_intersection"
    },
    {
      "avg_item_neighbors": 50.0,
      "avg_interest_neighbors": 50.0,
      "avg_trusted_neighbors": 4.190880169671262,
      "avg_union_neighbors": 95.80911983032874,
      "avg_false_neighbor_ratio": 0.9507202854654816,
      "isolated_nodes": 0.0,
      "mode": "rank_intersection"
    },
    {
      "avg_item_neighbors": 50.0,
      "avg_interest_neighbors": 50.0,
      "avg_trusted_neighbors": 4.022269353128314,
      "avg_union_neighbors": 95.97773064687169,
      "avg_false_neighbor_ratio": 0.9514292942772832,
      "isolated_nodes": 0.0,
      "mode": "rank_intersection"
    },
    {
      "avg_item_neighbors": 50.0,
      "avg_interest_neighbors": 50.0,
      "avg_trusted_neighbors": 3.9946977730646873,
      "avg_union_neighbors": 96.00530222693531,
      "avg_false_neighbor_ratio": 0.9505380295096314,
      "isolated_nodes": 0.0,
      "mode": "rank_intersection"
    },
    {
      "avg_item_neighbors": 50.0,
      "avg_interest_neighbors": 50.0,
      "avg_trusted_neighbors": 3.831389183457052,
      "avg_union_neighbors": 96.16861081654295,