{
  "tag": "V5_item_only_sim",
  "alias": "V5_item_only_sim",
  "dataset": "100k",
  "num_round_requested": 25,
  "num_round_actual": 25,
  "best_round": 24,
  "best_test_hr": 0.5015906680805938,
  "best_test_ndcg": 0.28668102119954597,
  "best_val_hr": 0.5376458112407211,
  "hr_list": [
    0.11770943796394485,
    0.11134676564156946,
    0.1357370095440085,
    0.13043478260869565,
    0.16542948038176034,
    0.1855779427359491,
    0.2301166489925769,
    0.256627783669141,
    0.29374337221633084,
    0.3266171792152704,
    0.32025450689289503,
    0.34782608695652173,
    0.3806998939554613,
    0.3944856839872747,
    0.42735949098621423,
    0.3987274655355249,
    0.41675503711558853,
    0.42735949098621423,
    0.4517497348886532,
    0.4591728525980912,
    0.4528101802757158,
    0.46129374337221635,
    0.48038176033934255,
    0.48886532343584305,
    0.5015906680805938
  ],
  "ndcg_list": [
    0.05345868085007483,
    0.04993136951672008,
    0.06053781146231623,
    0.06657751107027879,
    0.0898059338973036,
    0.10261256860214933,
    0.13124590801008326,
    0.15172209201049772,
    0.17485180685098325,
    0.18430318078161032,
    0.18331188185493227,
    0.20455410790144612,
    0.21129208074162914,
    0.2224626737298084,
    0.24071957544245906,
    0.2279945889977469,
    0.24223952383912684,
    0.24293792060126757,
    0.25810399149287305,
    0.2635158130351641,
    0.26176154730185314,
    0.26435543731282624,
    0.2753983829760631,
    0.2764639770077529,
    0.28668102119954597
  ],
  "val_hr_list": [
    0.10180275715800637,
    0.10286320254506894,
    0.11876988335100742,
    0.1325556733828208,
    0.1537645811240721,
    0.2110286320254507,
    0.22799575821845175,
    0.2608695652173913,
    0.2873806998939555,
    0.32237539766702017,
    0.35949098621421,
    0.3870625662778367,
    0.4209968186638388,
    0.4369034994697773,
    0.4517497348886532,
    0.45705196182396607,
    0.4750795334040297,
    0.48038176033934255,
    0.48886532343584305,
    0.5068928950159067,
    0.513255567338282,
    0.5217391304347826,
    0.5323435843054083,
    0.5302226935312832,
    0.5376458112407211
  ],
  "val_ndcg_list": [
    0.04602956683499871,
    0.047154601882284194,
    0.05538999634617132,
    0.0726637459362432,
    0.08086468146799032,
    0.10886366832704565,
    0.1261419703340396,
    0.14860460797653857,
    0.1630336677865781,
    0.1813095283760346,
    0.20507498533042284,
    0.21875798250230835,
    0.23751326688391047,
    0.2385304948845069,
    0.2435491783306486,
    0.2521392671157428,
    0.26321883769969584,
    0.2677893421277904,
    0.2732997999754869,
    0.2772588169825155,
    0.2814516802524906,
    0.2906726843724109,
    0.3033197699191132,
    0.30115183493468184,
    0.3009461808674482
  ],
  "upload_bytes_per_round": [
    203144832,
    203144832,
    203144832,
    203144832,
    203144832,
    203144832,
    203144832,
    203144832,
    203144832,
    203144832,
    203144832,
    203144832,
    203144832,
    203144832,
    203144832,
    203144832,
    203144832,
    203144832,
    203144832,
    203144832,
    203144832,
    203144832,
    203144832,
    203144832,
    203144832
  ],
  "total_upload_bytes": 5078620800,
  "aggregate_stats_per_round": [
    {
      "avg_item_neighbors": 0.0,
      "avg_interest_neighbors": 0.0,
      "avg_trusted_neighbors": 0.0,
      "avg_union_neighbors": 0.0,
      "avg_false_neighbor_ratio": 0.0,
      "isolated_nodes": 0.0,
      "mode": "item_only"
    },
    {
      "avg_item_neighbors": 0.0,
      "avg_interest_neighbors": 0.0,
      "avg_trusted_neighbors": 0.0,
      "avg_union_neighbors": 0.0,
      "avg_false_neighbor_ratio": 0.0,
      "isolated_nodes": 0.0,
      "mode": "item_only"
    },
    {
      "avg_item_neighbors": 0.0,
      "avg_interest_neighbors": 0.0,
      "avg_trusted_neighbors": 0.0,
      "avg_union_neighbors": 0.0,
      "avg_false_neighbor_ratio": 0.0,
      "isolated_nodes": 0.0,
      "mode": "item_only"
    },
    {
      "avg_item_neighbors": 0.0,
      "avg_interest_neighbors": 0.0,
      "avg_trusted_neighbors": 0.0,
      "avg_union_neighbors": 0.0,
      "avg_false_neighbor_ratio": 0.0,
      "isolated_nodes": 0.0,
      "mode": "item_only"
    },
    {
      "avg_item_neighbors": 0.0,
      "avg_interest_neighbors": 0.0,
      "avg_trusted_neighbors": 0.0,
      "avg_union_neighbors": 0.0,
      "avg_false_neighbor_ratio": 0.0,
      "isolated_nodes": 0.0,
      "mode": "item_only"
    },
    {
      "avg_item_neighbors": 0.0,
      "avg_interest_neighbors": 0.0,
      "avg_trusted_neighbors": 0.0,
      "avg_union_neighbors": 0.0,
      "avg_false_neighbor_ratio": 0.0,
      "isolated_nodes": 0.0,
      "mode": "item_only"
    },
    {
      "avg_item_neighbors": 0.0,
      "avg_interest_neighbors": 0.0,
      "avg_trusted_neighbors": 0.0,
      "avg_union_neighbors": 0.0,
      "avg_false_neighbor_ratio": 0.0,
      "isolated_nodes": 0.0,
      "mode": "item_only"
    },
    {
      "avg_item_neighbors": 0.0,
      "avg_interest_neighbors": 0.0,
      "avg_trusted_neighbors": 0.0,
      "avg_union_neighbors": 0.0,
      "avg_false_neighbor_ratio": 0.0,
      "isolated_nodes": 0.0,
      "mode": "item_only"
    },
    {
      "avg_item_neighbors": 0.0,
      "avg_interest_neighbors": 0.0,
      "avg_trusted_neighbors": 0.0,
      "avg_union_neighbors": 0.0,
      "avg_false_neighbor_ratio": 0.0,
      "isolated_nodes": 0.0,
      "mode": "item_only"
    },
    {
      "avg_item_neighbors": 0.0,
      "avg_interest_neighbors": 0.0,
      "avg_trusted_neighbors": 0.0,
      "avg_union_neighbors": 0.0,
      "avg_false_neighbor_ratio": 0.0,
      "isolated_nodes": 0.0,
      "mode": "item_only"
    },
    {
      "avg_item_neighbors": 0.0,
      "avg_interest_neighbors": 0.0,
      "avg_trusted_neighbors": 0.0,
      "avg_union_neighbors": 0.0,
      "avg_false_neighbor_ratio": 0.0,
      "isolated_nodes": 0.0,
      "mode": "item_only"
    },
    {
      "avg_item_neighbors": 0.0,
      "avg_interest_neighbors": 0.0,
      "avg_trusted_neighbors": 0.0,
      "avg_union_neighbors": 0.0,
      "avg_false_neighbor_ratio": 0.0,
      "isolated_nodes": 0.0,
      "mode": "item_only"
    },
    {
      "avg_item_neighbors": 0.0,
      "avg_interest_neighbors": 0.0,
      "avg_trusted_neighbors": 0.0,
      "avg_union_neighbors": 0.0,
      "avg_false_neighbor_ratio": 0.0,
      "isolated_nodes": 0.0,
      "mode": "item_only"
    },
    {
      "avg_item_neighbors": 0.0,
      "avg_interest_neighbors": 0.0,
      "avg_trusted_neighbors": 0.0,
      "avg_union_neighbors": 0.0,
      "avg_false_neighbor_ratio": 0.0,
      "isolated_nodes": 0.0,
      "mode": "item_only"
    },
    {
      "avg_item_neighbors": 0.0,
      "avg_interest_neighbors": 0.0,
      "avg_trusted_neighbors": 0.0,
      "avg_union_neighbors": 0.0,
      "avg_false_neighbor_ratio": 0.0,
      "isolated_nodes": 0.0,
      "mode": "item_only"
    },
    {
      "avg_item_neighbors": 0.0,
      "avg_interest_neighbors": 0.0,
      "avg_trusted_neighbors": 0.0,
      "avg_union_neighbors": 0.0,
      "avg_false_neighbor_ratio": 0.0,
      "isolated_nodes": 0.0,
      "mode": "item_only"
    },
    {
      "avg_item_neighbors": 0.0,
      "avg_interest_neighbors": 0.0,
      "avg_trusted_neighbors": 0.0,
      "avg_union_neighbors": 0.0,
      "avg_false_neighbor_ratio": 0.0,
      "isolated_nodes": 0.0,
      "mode": "item_only"
    },
    {
      "avg_item_neighbors": 0.0,
      "avg_interest_neighbors": 0.0,
      "avg_trusted_neighbors": 0.0,
      "avg_union_neighbors": 0.0,
      "avg_false_neighbor_ratio": 0.0,
      "isolated_nodes": 0.0,
      "mode": "item_only"
    },
    {
      "avg_item_neighbors": 0.0,
      "avg_interest_neighbors": 0.0,
      "avg_trusted_neighbors": 0.0,
      "avg_union_neighbors": 0.0,
      "avg_false_neighbor_ratio": 0.0,
      "isolated_nodes": 0.0,