{
  "tag": "V5_interest_only_sim",
  "alias": "V5_interest_only_sim",
  "dataset": "100k",
  "num_round_requested": 25,
  "num_round_actual": 25,
  "best_round": 24,
  "best_test_hr": 0.4867444326617179,
  "best_test_ndcg": 0.26282554950784615,
  "best_val_hr": 0.5164369034994698,
  "hr_list": [
    0.11770943796394485,
    0.11664899257688228,
    0.13679745493107104,
    0.13361611876988336,
    0.1728525980911983,
    0.21527041357370094,
    0.23753976670201485,
    0.28101802757158006,
    0.32025450689289503,
    0.36903499469777307,
    0.3488865323435843,
    0.37009544008483564,
    0.3860021208907741,
    0.3997879109225875,
    0.4209968186638388,
    0.4093319194061506,
    0.42311770943796395,
    0.43902439024390244,
    0.44750795334040294,
    0.45493107104984093,
    0.4496288441145281,
    0.471898197242842,
    0.4835630965005302,
    0.4878048780487805,
    0.4867444326617179
  ],
  "ndcg_list": [
    0.05345868085007483,
    0.051229021361544586,
    0.062362374351578535,
    0.06999049316266986,
    0.09421490663757126,
    0.11661305974661056,
    0.13089513012397053,
    0.16199622754463527,
    0.18160202584499374,
    0.20678409430591735,
    0.19166536131708053,
    0.20515010394968586,
    0.21365640174006073,
    0.21977733920377254,
    0.2314750393722768,
    0.22684815544144754,
    0.2336762122956728,
    0.24101548173436943,
    0.24284289168054682,
    0.24978050371472046,
    0.24719030910713863,
    0.2571004221788169,
    0.2600011646687832,
    0.2604377201590442,
    0.26282554950784615
  ],
  "val_hr_list": [
    0.10180275715800637,
    0.10498409331919406,
    0.11346765641569459,
    0.1474019088016967,
    0.1664899257688229,
    0.20784729586426298,
    0.25026511134676566,
    0.28950159066808057,
    0.33510074231177095,
    0.3563096500530223,
    0.39660657476139977,
    0.4135737009544008,
    0.4241781548250265,
    0.43902439024390244,
    0.4559915164369035,
    0.4708377518557794,
    0.48568398727465534,
    0.49628844114528103,
    0.48886532343584305,
    0.5026511134676565,
    0.4909862142099682,
    0.49522799575821846,
    0.5143160127253447,
    0.5047720042417816,
    0.5164369034994698
  ],
  "val_ndcg_list": [
    0.04602956683499871,
    0.049945355554542756,
    0.05410762231458271,
    0.07314859222524639,
    0.09098641720653844,
    0.10999581013014825,
    0.14292639893978273,
    0.16746437502521638,
    0.1868054939265151,
    0.19620402404596154,
    0.21870324599737914,
    0.22832186152115175,
    0.23964323197292767,
    0.2442759217710534,
    0.2591919494150523,
    0.25555746609861824,
    0.26565456269079574,
    0.267664585319392,
    0.2678487396257164,
    0.27624001647319485,
    0.2710684300333229,
    0.2745389582007256,
    0.2854175280062982,
    0.27563886506000596,
    0.2760751604114342
  ],
  "upload_bytes_per_round": [
    203144832,
    203144832,
    203144832,
    203144832,
    203144832,
    203144832,
    203144832,
    203144832,
    203144832,
    203144832,
    203144832,
    203144832,
    203144832,
    203144832,
    203144832,
    203144832,
    203144832,
    203144832,
    203144832,
    203144832,
    203144832,
    203144832,
    203144832,
    203144832,
    203144832
  ],
  "total_upload_bytes": 5078620800,
  "aggregate_stats_per_round": [
    {
      "avg_item_neighbors": 0.0,
      "avg_interest_neighbors": 0.0,
      "avg_trusted_neighbors": 0.0,
      "avg_union_neighbors": 0.0,
      "avg_false_neighbor_ratio": 0.0,
      "isolated_nodes": 0.0,
      "mode": "interest_only"
    },
    {
      "avg_item_neighbors": 0.0,
      "avg_interest_neighbors": 0.0,
      "avg_trusted_neighbors": 0.0,
      "avg_union_neighbors": 0.0,
      "avg_false_neighbor_ratio": 0.0,
      "isolated_nodes": 0.0,
      "mode": "interest_only"
    },
    {
      "avg_item_neighbors": 0.0,
      "avg_interest_neighbors": 0.0,
      "avg_trusted_neighbors": 0.0,
      "avg_union_neighbors": 0.0,
      "avg_false_neighbor_ratio": 0.0,
      "isolated_nodes": 0.0,
      "mode": "interest_only"
    },
    {
      "avg_item_neighbors": 0.0,
      "avg_interest_neighbors": 0.0,
      "avg_trusted_neighbors": 0.0,
      "avg_union_neighbors": 0.0,
      "avg_false_neighbor_ratio": 0.0,
      "isolated_nodes": 0.0,
      "mode": "interest_only"
    },
    {
      "avg_item_neighbors": 0.0,
      "avg_interest_neighbors": 0.0,
      "avg_trusted_neighbors": 0.0,
      "avg_union_neighbors": 0.0,
      "avg_false_neighbor_ratio": 0.0,
      "isolated_nodes": 0.0,
      "mode": "interest_only"
    },
    {
      "avg_item_neighbors": 0.0,
      "avg_interest_neighbors": 0.0,
      "avg_trusted_neighbors": 0.0,
      "avg_union_neighbors": 0.0,
      "avg_false_neighbor_ratio": 0.0,
      "isolated_nodes": 0.0,
      "mode": "interest_only"
    },
    {
      "avg_item_neighbors": 0.0,
      "avg_interest_neighbors": 0.0,
      "avg_trusted_neighbors": 0.0,
      "avg_union_neighbors": 0.0,
      "avg_false_neighbor_ratio": 0.0,
      "isolated_nodes": 0.0,
      "mode": "interest_only"
    },
    {
      "avg_item_neighbors": 0.0,
      "avg_interest_neighbors": 0.0,
      "avg_trusted_neighbors": 0.0,
      "avg_union_neighbors": 0.0,
      "avg_false_neighbor_ratio": 0.0,
      "isolated_nodes": 0.0,
      "mode": "interest_only"
    },
    {
      "avg_item_neighbors": 0.0,
      "avg_interest_neighbors": 0.0,
      "avg_trusted_neighbors": 0.0,
      "avg_union_neighbors": 0.0,
      "avg_false_neighbor_ratio": 0.0,
      "isolated_nodes": 0.0,
      "mode": "interest_only"
    },
    {
      "avg_item_neighbors": 0.0,
      "avg_interest_neighbors": 0.0,
      "avg_trusted_neighbors": 0.0,
      "avg_union_neighbors": 0.0,
      "avg_false_neighbor_ratio": 0.0,
      "isolated_nodes": 0.0,
      "mode": "interest_only"
    },
    {
      "avg_item_neighbors": 0.0,
      "avg_interest_neighbors": 0.0,
      "avg_trusted_neighbors": 0.0,
      "avg_union_neighbors": 0.0,
      "avg_false_neighbor_ratio": 0.0,
      "isolated_nodes": 0.0,
      "mode": "interest_only"
    },
    {
      "avg_item_neighbors": 0.0,
      "avg_interest_neighbors": 0.0,
      "avg_trusted_neighbors": 0.0,
      "avg_union_neighbors": 0.0,
      "avg_false_neighbor_ratio": 0.0,
      "isolated_nodes": 0.0,
      "mode": "interest_only"
    },
    {
      "avg_item_neighbors": 0.0,
      "avg_interest_neighbors": 0.0,
      "avg_trusted_neighbors": 0.0,
      "avg_union_neighbors": 0.0,
      "avg_false_neighbor_ratio": 0.0,
      "isolated_nodes": 0.0,
      "mode": "interest_only"
    },
    {
      "avg_item_neighbors": 0.0,
      "avg_interest_neighbors": 0.0,
      "avg_trusted_neighbors": 0.0,
      "avg_union_neighbors": 0.0,
      "avg_false_neighbor_ratio": 0.0,
      "isolated_nodes": 0.0,
      "mode": "interest_only"
    },
    {
      "avg_item_neighbors": 0.0,
      "avg_interest_neighbors": 0.0,
      "avg_trusted_neighbors": 0.0,
      "avg_union_neighbors": 0.0,
      "avg_false_neighbor_ratio": 0.0,
      "isolated_nodes": 0.0,
      "mode": "interest_only"
    },
    {
      "avg_item_neighbors": 0.0,
      "avg_interest_neighbors": 0.0,
      "avg_trusted_neighbors": 0.0,
      "avg_union_neighbors": 0.0,
      "avg_false_neighbor_ratio": 0.0,
      "isolated_nodes": 0.0,
      "mode": "interest_only"
    },
    {
      "avg_item_neighbors": 0.0,
      "avg_interest_neighbors": 0.0,
      "avg_trusted_neighbors": 0.0,
      "avg_union_neighbors": 0.0,
      "avg_false_neighbor_ratio": 0.0,
      "isolated_nodes": 0.0,
      "mode": "interest_only"
    },
    {
      "avg_item_neighbors": 0.0,
      "avg_interest_neighbors": 0.0,
      "avg_trusted_neighbors": 0.0,
      "avg_union_neighbors": 0.0,
      "avg_false_neighbor_ratio": 0.0,
      "isolated_nodes": 0.0,
      "mode": "interest_only"
    },
    {
      "avg_item_neighbors": 0.0,
      "avg_interest_neighbors": 0.0,
      "avg_trusted_neighbors": 0.0,
      "avg_union_neighbors": 0.0,