{
  "tag": "D2_dp_0.005",
  "alias": "D2_dp_0.005",
  "dataset": "100k",
  "num_round_requested": 25,
  "num_round_actual": 25,
  "best_round": 23,
  "best_test_hr": 0.4241781548250265,
  "best_test_ndcg": 0.2157570684223378,
  "best_val_hr": 0.4708377518557794,
  "hr_list": [
    0.11770943796394485,
    0.13891834570519618,
    0.14316012725344646,
    0.16012725344644752,
    0.15800636267232238,
    0.19830328738069988,
    0.21527041357370094,
    0.25556733828207845,
    0.28207847295864263,
    0.31283138918345704,
    0.3329798515376458,
    0.34146341463414637,
    0.35949098621421,
    0.3637327677624602,
    0.3753976670201485,
    0.37857900318133614,
    0.38176033934252385,
    0.40402969247083775,
    0.3944856839872747,
    0.4093319194061506,
    0.40084835630965004,
    0.4188759278897137,
    0.4241781548250265,
    0.4241781548250265,
    0.43160127253446445
  ],
  "ndcg_list": [
    0.05345868085007483,
    0.06459572706504661,
    0.07135547248225983,
    0.08484809569575032,
    0.08681166676999746,
    0.1065262274255432,
    0.117399636652626,
    0.14080331029140344,
    0.1505281400498939,
    0.1693825419447228,
    0.17298097917808364,
    0.1778909131613184,
    0.1849274307236392,
    0.18713284350224996,
    0.19153851418621562,
    0.19135551324047106,
    0.19387276294654252,
    0.20010495146519564,
    0.20083341893835172,
    0.21070249656550633,
    0.20836732018231177,
    0.21418433282645205,
    0.21524904741916295,
    0.2157570684223378,
    0.2244063881002354
  ],
  "val_hr_list": [
    0.10180275715800637,
    0.12407211028632026,
    0.12407211028632026,
    0.1569459172852598,
    0.15482502651113467,
    0.17391304347826086,
    0.21951219512195122,
    0.2757158006362672,
    0.3022269353128314,
    0.3404029692470838,
    0.35737009544008486,
    0.38918345705196183,
    0.3997879109225875,
    0.41675503711558853,
    0.41993637327677624,
    0.42735949098621423,
    0.43160127253446445,
    0.4443266171792153,
    0.43478260869565216,
    0.45068928950159065,
    0.45068928950159065,
    0.4676564156945917,
    0.46129374337221635,
    0.4708377518557794,
    0.4676564156945917
  ],
  "val_ndcg_list": [
    0.04602956683499871,
    0.06001923681942189,
    0.06130356526158235,
    0.08378438704700372,
    0.08064856140344756,
    0.09170470535604569,
    0.11685126354813985,
    0.15170783769846433,
    0.16140437408855557,
    0.18165155977038633,
    0.18727101887151706,
    0.20218975277381976,
    0.2031234567530785,
    0.21186501806054206,
    0.22043552460509105,
    0.2220078042885351,
    0.22038136215908305,
    0.2249777827199528,
    0.220291733195667,
    0.2244537292180499,
    0.23353405807105151,
    0.24146922394782241,
    0.2414900580961885,
    0.24132368804328727,
    0.23977402666813843
  ],
  "upload_bytes_per_round": [
    203144832,
    203144832,
    203144832,
    203144832,
    203144832,
    203144832,
    203144832,
    203144832,
    203144832,
    203144832,
    203144832,
    203144832,
    203144832,
    203144832,
    203144832,
    203144832,
    203144832,
    203144832,
    203144832,
    203144832,
    203144832,
    203144832,
    203144832,
    203144832,
    203144832
  ],
  "total_upload_bytes": 5078620800,
  "aggregate_stats_per_round": [
    {
      "avg_item_neighbors": 257.14740190880167,
      "avg_interest_neighbors": 260.60233297985155,
      "avg_trusted_neighbors": 78.4390243902439,
      "avg_union_neighbors": 439.3107104984093,
      "avg_false_neighbor_ratio": 0.8214497791295532,
      "isolated_nodes": 0.0,
      "mode": "intersection"
    },
    {
      "avg_item_neighbors": 323.58430540827146,
      "avg_interest_neighbors": 357.2576882290562,
      "avg_trusted_neighbors": 126.96712619300106,
      "avg_union_neighbors": 553.8748674443266,
      "avg_false_neighbor_ratio": 0.7707656843524078,
      "isolated_nodes": 0.0,
      "mode": "intersection"
    },
    {
      "avg_item_neighbors": 363.5164369034995,
      "avg_interest_neighbors": 365.3255567338282,
      "avg_trusted_neighbors": 139.84305408271473,
      "avg_union_neighbors": 588.9989395546129,
      "avg_false_neighbor_ratio": 0.7625750324975784,
      "isolated_nodes": 0.0,
      "mode": "intersection"
    },
    {
      "avg_item_neighbors": 390.4856839872747,
      "avg_interest_neighbors": 352.8335100742312,
      "avg_trusted_neighbors": 130.98621420996818,
      "avg_union_neighbors": 612.3329798515376,
      "avg_false_neighbor_ratio": 0.7860866252186413,
      "isolated_nodes": 0.0,
      "mode": "intersection"
    },
    {
      "avg_item_neighbors": 406.0148462354189,
      "avg_interest_neighbors": 345.63096500530224,
      "avg_trusted_neighbors": 127.02651113467657,
      "avg_union_neighbors": 624.6193001060445,
      "avg_false_neighbor_ratio": 0.7966337077430834,
      "isolated_nodes": 0.0,
      "mode": "intersection"
    },
    {
      "avg_item_neighbors": 360.6383881230117,
      "avg_interest_neighbors": 345.6012725344645,
      "avg_trusted_neighbors": 125.65853658536585,
      "avg_union_neighbors": 580.5811240721102,
      "avg_false_neighbor_ratio": 0.7835642059734642,
      "isolated_nodes": 0.0,
      "mode": "intersection"
    },
    {
      "avg_item_neighbors": 345.9066808059385,
      "avg_interest_neighbors": 341.4591728525981,
      "avg_trusted_neighbors": 130.51749734888654,
      "avg_union_neighbors": 556.8483563096501,
      "avg_false_neighbor_ratio": 0.7656139308485111,
      "isolated_nodes": 0.0,
      "mode": "intersection"
    },
    {
      "avg_item_neighbors": 357.0201484623542,
      "avg_interest_neighbors": 330.40084835630967,
      "avg_trusted_neighbors": 133.38282078472957,
      "avg_union_neighbors": 554.0381760339343,
      "avg_false_neighbor_ratio": 0.7592533753909405,
      "isolated_nodes": 0.0,
      "mode": "intersection"
    },
    {
      "avg_item_neighbors": 346.94167550371156,
      "avg_interest_neighbors": 325.5206786850477,
      "avg_trusted_neighbors": 132.73594909862143,
      "avg_union_neighbors": 539.7264050901379,
      "avg_false_neighbor_ratio": 0.7540680836683289,
      "isolated_nodes": 0.0,
      "mode": "intersection"
    },
    {
      "avg_item_neighbors": 333.59066808059384,
      "avg_interest_neighbors": 324.9183457051962,
      "avg_trusted_neighbors": 130.1420996818664,
      "avg_union_neighbors": 528.3669141039237,
      "avg_false_neighbor_ratio": 0.7536899147014551,
      "isolated_nodes": 0.0,
      "mode": "intersection"
    },
    {
      "avg_item_neighbors": 337.97667020148464,
      "avg_interest_neighbors": 322.81654294803815,
      "avg_trusted_neighbors": 143.39978791092258,
      "avg_union_neighbors": 517.3934252386002,
      "avg_false_neighbor_ratio": 0.7228418821812577,
      "isolated_nodes": 0.0,
      "mode": "intersection"
    },
    {
      "avg_item_neighbors": 347.00954400848354,
      "avg_interest_neighbors": 319.6033934252386,
      "avg_trusted_neighbors": 137.4931071049841,
      "avg_union_neighbors": 529.1198303287381,
      "avg_false_neighbor_ratio": 0.7401475068141735,
      "isolated_nodes": 0.0,
      "mode": "intersection"
    },
    {
      "avg_item_neighbors": 360.23117709437963,
      "avg_interest_neighbors": 321.2258748674443,
      "avg_trusted_neighbors": 142.66808059384942,
      "avg_union_neighbors": 538.7889713679746,
      "avg_false_neighbor_ratio": 0.7352060116753727,
      "isolated_nodes": 0.0,
      "mode": "intersection"
    },
    {
      "avg_item_neighbors": 337.09862142099684,
      "avg_interest_neighbors": 325.3828207847296,
      "avg_trusted_neighbors": 150.90562036055144,
      "avg_union_neighbors": 511.57582184517497,
      "avg_false_neighbor_ratio": 0.7050180756857153,
      "isolated_nodes": 0.0,
      "mode": "intersection"
    },
    {
      "avg_item_neighbors": 341.33616118769885,
      "avg_interest_neighbors": 322.32661717921525,
      "avg_trusted_neighbors": 136.05302226935314,