{
  "tag": "D3_dp_0.01",
  "alias": "D3_dp_0.01",
  "dataset": "100k",
  "num_round_requested": 25,
  "num_round_actual": 25,
  "best_round": 23,
  "best_test_hr": 0.41675503711558853,
  "best_test_ndcg": 0.21042248959528884,
  "best_val_hr": 0.4496288441145281,
  "hr_list": [
    0.11770943796394485,
    0.13891834570519618,
    0.14952279957582185,
    0.1664899257688229,
    0.16436903499469777,
    0.18981972428419935,
    0.21951219512195122,
    0.25874867444326616,
    0.2831389183457052,
    0.30965005302226933,
    0.3149522799575822,
    0.34358430540827145,
    0.3563096500530223,
    0.352067868504772,
    0.36585365853658536,
    0.3584305408271474,
    0.36903499469777307,
    0.3860021208907741,
    0.3955461293743372,
    0.3860021208907741,
    0.40827147401908803,
    0.4061505832449629,
    0.4337221633085896,
    0.41675503711558853,
    0.4093319194061506
  ],
  "ndcg_list": [
    0.05345868085007483,
    0.06496682918126248,
    0.07147059712822597,
    0.09097328448173271,
    0.09007151297936856,
    0.10152024227847634,
    0.12433364340091904,
    0.14667533450055278,
    0.1558455209023175,
    0.16570265749827096,
    0.16836200809498472,
    0.18228547713637175,
    0.18215539824275348,
    0.18285059737339004,
    0.1881319942114106,
    0.182873441566401,
    0.18985408268213835,
    0.18955553600720337,
    0.20494150787312398,
    0.19499502851463918,
    0.20649360238598524,
    0.2109544791643394,
    0.20807041275763982,
    0.21042248959528884,
    0.20074008790821454
  ],
  "val_hr_list": [
    0.10180275715800637,
    0.12407211028632026,
    0.12937433722163308,
    0.14952279957582185,
    0.16967126193001061,
    0.20042417815482502,
    0.2110286320254507,
    0.2608695652173913,
    0.31283138918345704,
    0.31919406150583246,
    0.35949098621421,
    0.36585365853658536,
    0.383881230116649,
    0.39766702014846234,
    0.40084835630965004,
    0.4093319194061506,
    0.3997879109225875,
    0.44644750795334043,
    0.43584305408271473,
    0.4496288441145281,
    0.43796394485683987,
    0.4411452810180276,
    0.44644750795334043,
    0.4496288441145281,
    0.44750795334040294
  ],
  "val_ndcg_list": [
    0.04602956683499871,
    0.0601756684407973,
    0.0622796285822947,
    0.07800901858489079,
    0.08673663961116114,
    0.10269372540701241,
    0.11338323927239358,
    0.13988453521614636,
    0.16401308562155703,
    0.1729232785904254,
    0.18765852734994776,
    0.18881278700684614,
    0.1939478628858216,
    0.20206569910430477,
    0.19922762413303233,
    0.20223772420809227,
    0.20649741869083058,
    0.21875581651790652,
    0.2130313183062016,
    0.2232749696199056,
    0.22798438178985064,
    0.2261922000997725,
    0.22654073178069462,
    0.2257761401564759,
    0.23138202192978052
  ],
  "upload_bytes_per_round": [
    203144832,
    203144832,
    203144832,
    203144832,
    203144832,
    203144832,
    203144832,
    203144832,
    203144832,
    203144832,
    203144832,
    203144832,
    203144832,
    203144832,
    203144832,
    203144832,
    203144832,
    203144832,
    203144832,
    203144832,
    203144832,
    203144832,
    203144832,
    203144832,
    203144832
  ],
  "total_upload_bytes": 5078620800,
  "aggregate_stats_per_round": [
    {
      "avg_item_neighbors": 257.13467656415696,
      "avg_interest_neighbors": 260.60233297985155,
      "avg_trusted_neighbors": 78.4390243902439,
      "avg_union_neighbors": 439.29798515376456,
      "avg_false_neighbor_ratio": 0.8214446069840534,
      "isolated_nodes": 0.0,
      "mode": "intersection"
    },
    {
      "avg_item_neighbors": 325.6967126193001,
      "avg_interest_neighbors": 357.21102863202543,
      "avg_trusted_neighbors": 127.90455991516437,
      "avg_union_neighbors": 555.0031813361612,
      "avg_false_neighbor_ratio": 0.7695426544993198,
      "isolated_nodes": 0.0,
      "mode": "intersection"
    },
    {
      "avg_item_neighbors": 364.5323435843054,
      "avg_interest_neighbors": 365.3191940615058,
      "avg_trusted_neighbors": 140.59597030752917,
      "avg_union_neighbors": 589.255567338282,
      "avg_false_neighbor_ratio": 0.761400692499838,
      "isolated_nodes": 0.0,
      "mode": "intersection"
    },
    {
      "avg_item_neighbors": 396.8356309650053,
      "avg_interest_neighbors": 352.59597030752917,
      "avg_trusted_neighbors": 133.5355249204666,
      "avg_union_neighbors": 615.8960763520679,
      "avg_false_neighbor_ratio": 0.7831849721930474,
      "isolated_nodes": 0.0,
      "mode": "intersection"
    },
    {
      "avg_item_neighbors": 398.9247083775186,
      "avg_interest_neighbors": 345.219512195122,
      "avg_trusted_neighbors": 123.1304347826087,
      "avg_union_neighbors": 621.0137857900318,
      "avg_false_neighbor_ratio": 0.8017267287779023,
      "isolated_nodes": 0.0,
      "mode": "intersection"
    },
    {
      "avg_item_neighbors": 368.36055143160127,
      "avg_interest_neighbors": 346.2608695652174,
      "avg_trusted_neighbors": 134.69777306468717,
      "avg_union_neighbors": 579.9236479321315,
      "avg_false_neighbor_ratio": 0.7677318841109738,
      "isolated_nodes": 0.0,
      "mode": "intersection"
    },
    {
      "avg_item_neighbors": 382.80593849416755,
      "avg_interest_neighbors": 343.09013785790034,
      "avg_trusted_neighbors": 151.52067868504773,
      "avg_union_neighbors": 574.3753976670201,
      "avg_false_neighbor_ratio": 0.7361992186634566,
      "isolated_nodes": 0.0,
      "mode": "intersection"
    },
    {
      "avg_item_neighbors": 347.4273594909862,
      "avg_interest_neighbors": 332.6002120890774,
      "avg_trusted_neighbors": 132.90774125132555,
      "avg_union_neighbors": 547.1198303287381,
      "avg_false_neighbor_ratio": 0.7570774556435513,
      "isolated_nodes": 0.0,
      "mode": "intersection"
    },
    {
      "avg_item_neighbors": 349.2682926829268,
      "avg_interest_neighbors": 326.88865323435846,
      "avg_trusted_neighbors": 137.66065747614,
      "avg_union_neighbors": 538.4962884411452,
      "avg_false_neighbor_ratio": 0.7443609910949543,
      "isolated_nodes": 0.0,
      "mode": "intersection"
    },
    {
      "avg_item_neighbors": 343.48250265111346,
      "avg_interest_neighbors": 325.4634146341463,
      "avg_trusted_neighbors": 131.93001060445388,
      "avg_union_neighbors": 537.015906680806,
      "avg_false_neighbor_ratio": 0.7543275553607185,
      "isolated_nodes": 0.0,
      "mode": "intersection"
    },
    {
      "avg_item_neighbors": 345.33616118769885,
      "avg_interest_neighbors": 324.152704135737,
      "avg_trusted_neighbors": 140.13361611876988,
      "avg_union_neighbors": 529.3552492046659,
      "avg_false_neighbor_ratio": 0.7352749097523549,
      "isolated_nodes": 0.0,
      "mode": "intersection"
    },
    {
      "avg_item_neighbors": 336.90774125132555,
      "avg_interest_neighbors": 319.5715800636267,
      "avg_trusted_neighbors": 132.83351007423119,
      "avg_union_neighbors": 523.6458112407211,
      "avg_false_neighbor_ratio": 0.7463294707552481,
      "isolated_nodes": 0.0,
      "mode": "intersection"
    },
    {
      "avg_item_neighbors": 390.0084835630965,
      "avg_interest_neighbors": 322.8844114528102,
      "avg_trusted_neighbors": 170.05938494167552,
      "avg_union_neighbors": 542.8335100742312,
      "avg_false_neighbor_ratio": 0.686719073554578,
      "isolated_nodes": 0.0,
      "mode": "intersection"
    },
    {
      "avg_item_neighbors": 334.2841993637328,
      "avg_interest_neighbors": 327.81972428419937,
      "avg_trusted_neighbors": 152.0742311770944,
      "avg_union_neighbors": 510.02969247083774,
      "avg_false_neighbor_ratio": 0.7018325924509001,
      "isolated_nodes": 0.0,
      "mode": "intersection"
    },
    {
      "avg_item_neighbors": 319.915164369035,
      "avg_interest_neighbors": 327.44008483563096,
      "avg_trusted_neighbors": 141.01378579003182,