{
  "tag": "D5_dp_0.1",
  "alias": "D5_dp_0.1",
  "dataset": "100k",
  "num_round_requested": 25,
  "num_round_actual": 25,
  "best_round": 22,
  "best_test_hr": 0.4093319194061506,
  "best_test_ndcg": 0.20482744676993,
  "best_val_hr": 0.4676564156945917,
  "hr_list": [
    0.11770943796394485,
    0.13467656415694593,
    0.14528101802757157,
    0.16436903499469777,
    0.1664899257688229,
    0.176033934252386,
    0.20254506892895016,
    0.2523860021208908,
    0.2757158006362672,
    0.3213149522799576,
    0.33828207847295866,
    0.3340402969247084,
    0.3743372216330859,
    0.3743372216330859,
    0.3711558854718982,
    0.3902439024390244,
    0.3806998939554613,
    0.4050901378579003,
    0.3944856839872747,
    0.41251325556733826,
    0.4146341463414634,
    0.41569459172852596,
    0.4093319194061506,
    0.41569459172852596,
    0.42948038176033937
  ],
  "ndcg_list": [
    0.05345868085007483,
    0.06250397099691121,
    0.0690409687943145,
    0.08922602171669779,
    0.09257510053286111,
    0.0986735591642349,
    0.1200159654328187,
    0.13948289328081903,
    0.15404829261522218,
    0.17585098212841382,
    0.17809992386049942,
    0.18061528534321128,
    0.19481316087734413,
    0.1915412417155436,
    0.1951830657720999,
    0.19704692774656762,
    0.19004846584514282,
    0.2019744004568302,
    0.1985816557341604,
    0.20716409295363797,
    0.21151984550134165,
    0.2153133456234086,
    0.20482744676993,
    0.203137909553362,
    0.21516430277644427
  ],
  "val_hr_list": [
    0.10180275715800637,
    0.1261930010604454,
    0.12407211028632026,
    0.14528101802757157,
    0.16012725344644752,
    0.18875927889713678,
    0.21951219512195122,
    0.24602332979851538,
    0.28950159066808057,
    0.3244962884411453,
    0.3647932131495228,
    0.3870625662778367,
    0.391304347826087,
    0.41569459172852596,
    0.4093319194061506,
    0.41675503711558853,
    0.4411452810180276,
    0.4485683987274655,
    0.4443266171792153,
    0.44538706256627786,
    0.45705196182396607,
    0.46553552492046657,
    0.4676564156945917,
    0.4602332979851538,
    0.45705196182396607
  ],
  "val_ndcg_list": [
    0.04602956683499871,
    0.06232350378532069,
    0.05857051453820515,
    0.08037146730140352,
    0.08493946630058122,
    0.09774770934332205,
    0.1194581523922483,
    0.12891792007653813,
    0.15328345180086483,
    0.17370614050543717,
    0.19016260885890604,
    0.1971507930643234,
    0.20440459877275374,
    0.21457761744981396,
    0.20889773063612943,
    0.21103831010581237,
    0.22198640240210563,
    0.22311967683420142,
    0.21589734808673441,
    0.22350698597943158,
    0.23239265263878028,
    0.23152310030387355,
    0.2362403340489065,
    0.23407523107597208,
    0.22893797742490882
  ],
  "upload_bytes_per_round": [
    203144832,
    203144832,
    203144832,
    203144832,
    203144832,
    203144832,
    203144832,
    203144832,
    203144832,
    203144832,
    203144832,
    203144832,
    203144832,
    203144832,
    203144832,
    203144832,
    203144832,
    203144832,
    203144832,
    203144832,
    203144832,
    203144832,
    203144832,
    203144832,
    203144832
  ],
  "total_upload_bytes": 5078620800,
  "aggregate_stats_per_round": [
    {
      "avg_item_neighbors": 256.186638388123,
      "avg_interest_neighbors": 260.60233297985155,
      "avg_trusted_neighbors": 78.16967126193,
      "avg_union_neighbors": 438.61930010604453,
      "avg_false_neighbor_ratio": 0.8217824175930448,
      "isolated_nodes": 0.0,
      "mode": "intersection"
    },
    {
      "avg_item_neighbors": 326.5323435843054,
      "avg_interest_neighbors": 357.2598091198303,
      "avg_trusted_neighbors": 127.79851537645811,
      "avg_union_neighbors": 555.9936373276777,
      "avg_false_neighbor_ratio": 0.7701439246846283,
      "isolated_nodes": 0.0,
      "mode": "intersection"
    },
    {
      "avg_item_neighbors": 358.7232237539767,
      "avg_interest_neighbors": 364.7868504772004,
      "avg_trusted_neighbors": 139.54825026511134,
      "avg_union_neighbors": 583.9618239660657,
      "avg_false_neighbor_ratio": 0.7610318953431782,
      "isolated_nodes": 0.0,
      "mode": "intersection"
    },
    {
      "avg_item_neighbors": 397.0180275715801,
      "avg_interest_neighbors": 352.9437963944857,
      "avg_trusted_neighbors": 136.08059384941674,
      "avg_union_neighbors": 613.881230116649,
      "avg_false_neighbor_ratio": 0.7783274888148007,
      "isolated_nodes": 0.0,
      "mode": "intersection"
    },
    {
      "avg_item_neighbors": 390.32449628844114,
      "avg_interest_neighbors": 344.3520678685048,
      "avg_trusted_neighbors": 129.91940615058326,
      "avg_union_neighbors": 604.7571580063627,
      "avg_false_neighbor_ratio": 0.7851709493131517,
      "isolated_nodes": 0.0,
      "mode": "intersection"
    },
    {
      "avg_item_neighbors": 377.53552492046657,
      "avg_interest_neighbors": 346.06574761399787,
      "avg_trusted_neighbors": 136.47083775185578,
      "avg_union_neighbors": 587.1304347826087,
      "avg_false_neighbor_ratio": 0.7675629984972836,
      "isolated_nodes": 0.0,
      "mode": "intersection"
    },
    {
      "avg_item_neighbors": 366.60233297985155,
      "avg_interest_neighbors": 340.93955461293746,
      "avg_trusted_neighbors": 148.36055143160127,
      "avg_union_neighbors": 559.1813361611877,
      "avg_false_neighbor_ratio": 0.7346825764069576,
      "isolated_nodes": 0.0,
      "mode": "intersection"
    },
    {
      "avg_item_neighbors": 370.30752916224816,
      "avg_interest_neighbors": 328.12513255567336,
      "avg_trusted_neighbors": 145.26829268292684,
      "avg_union_neighbors": 553.1643690349947,
      "avg_false_neighbor_ratio": 0.7373867500968112,
      "isolated_nodes": 0.0,
      "mode": "intersection"
    },
    {
      "avg_item_neighbors": 336.0975609756098,
      "avg_interest_neighbors": 320.6829268292683,
      "avg_trusted_neighbors": 138.54506892895017,
      "avg_union_neighbors": 518.2354188759278,
      "avg_false_neighbor_ratio": 0.7326599767544649,
      "isolated_nodes": 0.0,
      "mode": "intersection"
    },
    {
      "avg_item_neighbors": 335.1707317073171,
      "avg_interest_neighbors": 319.0625662778367,
      "avg_trusted_neighbors": 135.61611876988334,
      "avg_union_neighbors": 518.6171792152704,
      "avg_false_neighbor_ratio": 0.7385043839560296,
      "isolated_nodes": 0.0,
      "mode": "intersection"
    },
    {
      "avg_item_neighbors": 347.28738069989396,
      "avg_interest_neighbors": 318.90562036055144,
      "avg_trusted_neighbors": 144.18451749734888,
      "avg_union_neighbors": 522.0084835630965,
      "avg_false_neighbor_ratio": 0.7237889382310758,
      "isolated_nodes": 0.0,
      "mode": "intersection"
    },
    {
      "avg_item_neighbors": 341.32767762460236,
      "avg_interest_neighbors": 316.9331919406151,
      "avg_trusted_neighbors": 137.1240721102863,
      "avg_union_neighbors": 521.1367974549311,
      "avg_false_neighbor_ratio": 0.7368750915691286,
      "isolated_nodes": 0.0,
      "mode": "intersection"
    },
    {
      "avg_item_neighbors": 355.92576882290564,
      "avg_interest_neighbors": 317.4188759278897,
      "avg_trusted_neighbors": 132.33510074231177,
      "avg_union_neighbors": 541.0095440084835,
      "avg_false_neighbor_ratio": 0.7553922990677654,
      "isolated_nodes": 0.0,
      "mode": "intersection"
    },
    {
      "avg_item_neighbors": 342.06574761399787,
      "avg_interest_neighbors": 325.53128313891835,
      "avg_trusted_neighbors": 145.25132555673383,
      "avg_union_neighbors": 522.3457051961824,
      "avg_false_neighbor_ratio": 0.7219249165604216,
      "isolated_nodes": 0.0,
      "mode": "intersection"
    },
    {
      "avg_item_neighbors": 349.4337221633086,
      "avg_interest_neighbors": 324.9225874867444,
      "avg_trusted_neighbors": 156.27571580063628,
      "avg_union_neighbors": 518.0805938494168,