{
  "tag": "H4_noattn_len5",
  "alias": "H4_noattn_len5",
  "dataset": "100k",
  "num_round_requested": 25,
  "num_round_actual": 25,
  "best_round": 24,
  "best_test_hr": 0.4284199363732768,
  "best_test_ndcg": 0.2219173666831801,
  "best_val_hr": 0.4687168610816543,
  "hr_list": [
    0.11240721102863202,
    0.12937433722163308,
    0.14316012725344646,
    0.15800636267232238,
    0.17497348886532343,
    0.2354188759278897,
    0.25874867444326616,
    0.30328738069989397,
    0.35100742311770944,
    0.37327677624602335,
    0.3669141039236479,
    0.37645811240721105,
    0.37009544008483564,
    0.38176033934252385,
    0.3860021208907741,
    0.3806998939554613,
    0.3955461293743372,
    0.41251325556733826,
    0.3934252386002121,
    0.4241781548250265,
    0.4093319194061506,
    0.41145281018027574,
    0.4241781548250265,
    0.41145281018027574,
    0.4284199363732768
  ],
  "ndcg_list": [
    0.051168858156742034,
    0.058729503387281855,
    0.06972995342120719,
    0.07843705881449543,
    0.09284453849849264,
    0.12156114308880975,
    0.14027356245433656,
    0.15997316769902922,
    0.18115780726476377,
    0.19423034745594336,
    0.18722270327920706,
    0.1946200973236153,
    0.1890194135036314,
    0.1994698779352746,
    0.20298816780212445,
    0.20240823892488796,
    0.20925604256135297,
    0.2120585202221306,
    0.21021579223506334,
    0.21726559172867999,
    0.20610526176843924,
    0.21698399068067542,
    0.21853855866165264,
    0.2158949576538714,
    0.2219173666831801
  ],
  "val_hr_list": [
    0.1102863202545069,
    0.13467656415694593,
    0.15270413573700956,
    0.17709437963944857,
    0.1951219512195122,
    0.2545068928950159,
    0.2767762460233298,
    0.3117709437963945,
    0.35418875927889715,
    0.37857900318133614,
    0.3955461293743372,
    0.4050901378579003,
    0.4050901378579003,
    0.4209968186638388,
    0.42311770943796395,
    0.42311770943796395,
    0.440084835630965,
    0.43902439024390244,
    0.43478260869565216,
    0.4517497348886532,
    0.44538706256627786,
    0.4517497348886532,
    0.4591728525980912,
    0.4496288441145281,
    0.4687168610816543
  ],
  "val_ndcg_list": [
    0.04880352675512839,
    0.06101036127451654,
    0.07525423273530792,
    0.08547371372308933,
    0.10320290941878754,
    0.1345683909235533,
    0.1477180723694918,
    0.1667145844566201,
    0.1860387297160571,
    0.19922281689584273,
    0.1965835488705528,
    0.20517898218332617,
    0.19967055630130712,
    0.21670180475546774,
    0.2135602896658792,
    0.21402640298759126,
    0.22393816247242854,
    0.22512720268647538,
    0.2289806422264261,
    0.23611944134088653,
    0.2294491921111022,
    0.23735192911559036,
    0.23880411979949967,
    0.2399713859080065,
    0.243288035596265
  ],
  "upload_bytes_per_round": [
    203144832,
    203144832,
    203144832,
    203144832,
    203144832,
    203144832,
    203144832,
    203144832,
    203144832,
    203144832,
    203144832,
    203144832,
    203144832,
    203144832,
    203144832,
    203144832,
    203144832,
    203144832,
    203144832,
    203144832,
    203144832,
    203144832,
    203144832,
    203144832,
    203144832
  ],
  "total_upload_bytes": 5078620800,
  "aggregate_stats_per_round": [
    {
      "avg_item_neighbors": 240.54931071049842,
      "avg_interest_neighbors": 269.8960763520679,
      "avg_trusted_neighbors": 93.32555673382821,
      "avg_union_neighbors": 417.1198303287381,
      "avg_false_neighbor_ratio": 0.7762619996745851,
      "isolated_nodes": 0.0,
      "mode": "intersection"
    },
    {
      "avg_item_neighbors": 225.32131495227995,
      "avg_interest_neighbors": 343.694591728526,
      "avg_trusted_neighbors": 101.17709437963944,
      "avg_union_neighbors": 467.8388123011665,
      "avg_false_neighbor_ratio": 0.7837351418494374,
      "isolated_nodes": 0.0,
      "mode": "intersection"
    },
    {
      "avg_item_neighbors": 254.2460233297985,
      "avg_interest_neighbors": 364.90349946977733,
      "avg_trusted_neighbors": 109.49522799575821,
      "avg_union_neighbors": 509.6542948038176,
      "avg_false_neighbor_ratio": 0.7851578430474986,
      "isolated_nodes": 0.0,
      "mode": "intersection"
    },
    {
      "avg_item_neighbors": 244.89925768822906,
      "avg_interest_neighbors": 370.56203605514315,
      "avg_trusted_neighbors": 96.05726405090138,
      "avg_union_neighbors": 519.4040296924709,
      "avg_false_neighbor_ratio": 0.8150625359842221,
      "isolated_nodes": 0.0,
      "mode": "intersection"
    },
    {
      "avg_item_neighbors": 288.6744432661718,
      "avg_interest_neighbors": 343.2258748674443,
      "avg_trusted_neighbors": 92.63626723223754,
      "avg_union_neighbors": 539.2640509013786,
      "avg_false_neighbor_ratio": 0.8282172396298321,
      "isolated_nodes": 0.0,
      "mode": "intersection"
    },
    {
      "avg_item_neighbors": 318.25874867444327,
      "avg_interest_neighbors": 343.4761399787911,
      "avg_trusted_neighbors": 82.78685047720042,
      "avg_union_neighbors": 578.948038176034,
      "avg_false_neighbor_ratio": 0.8570046964179738,
      "isolated_nodes": 0.0,
      "mode": "intersection"
    },
    {
      "avg_item_neighbors": 251.3913043478261,
      "avg_interest_neighbors": 363.8494167550371,
      "avg_trusted_neighbors": 67.41675503711559,
      "avg_union_neighbors": 547.8239660657476,
      "avg_false_neighbor_ratio": 0.8769371929430622,
      "isolated_nodes": 0.0,
      "mode": "intersection"
    },
    {
      "avg_item_neighbors": 245.28738069989396,
      "avg_interest_neighbors": 291.5715800636267,
      "avg_trusted_neighbors": 60.20360551431601,
      "avg_union_neighbors": 476.65535524920466,
      "avg_false_neighbor_ratio": 0.873695732458853,
      "isolated_nodes": 0.0,
      "mode": "intersection"
    },
    {
      "avg_item_neighbors": 280.16542948038176,
      "avg_interest_neighbors": 183.01378579003182,
      "avg_trusted_neighbors": 64.55143160127254,
      "avg_union_neighbors": 398.627783669141,
      "avg_false_neighbor_ratio": 0.8380658994535868,
      "isolated_nodes": 0.0,
      "mode": "intersection"
    },
    {
      "avg_item_neighbors": 255.36373276776246,
      "avg_interest_neighbors": 213.86002120890774,
      "avg_trusted_neighbors": 86.27147401908802,
      "avg_union_neighbors": 382.95227995758216,
      "avg_false_neighbor_ratio": 0.774720040761622,
      "isolated_nodes": 0.0,
      "mode": "intersection"
    },
    {
      "avg_item_neighbors": 286.237539766702,
      "avg_interest_neighbors": 254.64262990455993,
      "avg_trusted_neighbors": 120.12089077412513,
      "avg_union_neighbors": 420.7592788971368,
      "avg_false_neighbor_ratio": 0.7145139827005665,
      "isolated_nodes": 0.0,
      "mode": "intersection"
    },
    {
      "avg_item_neighbors": 282.1442205726405,
      "avg_interest_neighbors": 286.3414634146341,
      "avg_trusted_neighbors": 131.38282078472957,
      "avg_union_neighbors": 437.10286320254505,
      "avg_false_neighbor_ratio": 0.6994235640047746,
      "isolated_nodes": 0.0,
      "mode": "intersection"
    },
    {
      "avg_item_neighbors": 320.18239660657474,
      "avg_interest_neighbors": 319.86850477200426,
      "avg_trusted_neighbors": 164.3138918345705,
      "avg_union_neighbors": 475.73700954400846,
      "avg_false_neighbor_ratio": 0.6546119210021845,
      "isolated_nodes": 0.0,
      "mode": "intersection"
    },
    {
      "avg_item_neighbors": 334.0402969247084,
      "avg_interest_neighbors": 313.8154825026511,
      "avg_trusted_neighbors": 165.09225874867445,
      "avg_union_neighbors": 482.76352067868504,
      "avg_false_neighbor_ratio": 0.6580266493280555,
      "isolated_nodes": 0.0,
      "mode": "intersection"
    },
    {
      "avg_item_neighbors": 313.5694591728526,
      "avg_interest_neighbors": 297.88123011664896,
      "avg_trusted_neighbors": 161.0031813361612,