{
  "tag": "S2_soft_beta_0.7",
  "alias": "S2_soft_beta_0.7",
  "dataset": "100k",
  "num_round_requested": 25,
  "num_round_actual": 25,
  "best_round": 24,
  "best_test_hr": 0.4623541887592789,
  "best_test_ndcg": 0.2395318681681465,
  "best_val_hr": 0.5068928950159067,
  "hr_list": [
    0.11770943796394485,
    0.12937433722163308,
    0.14634146341463414,
    0.15906680805938495,
    0.1664899257688229,
    0.19830328738069988,
    0.23753976670201485,
    0.2598091198303287,
    0.30434782608695654,
    0.3266171792152704,
    0.35418875927889715,
    0.37009544008483564,
    0.37645811240721105,
    0.38494167550371156,
    0.3870625662778367,
    0.3997879109225875,
    0.4135737009544008,
    0.4188759278897137,
    0.41993637327677624,
    0.4178154825026511,
    0.43796394485683987,
    0.4443266171792153,
    0.44750795334040294,
    0.4443266171792153,
    0.4623541887592789
  ],
  "ndcg_list": [
    0.05345868085007483,
    0.05624666405754343,
    0.0686624715778886,
    0.0822563288232896,
    0.09083379728007641,
    0.10651204750711994,
    0.13456425572340264,
    0.14300108094807082,
    0.1698178234300067,
    0.18380082556858443,
    0.19375835597446717,
    0.20600802032593873,
    0.20163530163543567,
    0.20692726451036442,
    0.20846467983058475,
    0.21301214471778146,
    0.2222521265005736,
    0.22824592361788143,
    0.22783372909562988,
    0.22584572028773625,
    0.2370241779024975,
    0.23870757091549855,
    0.234933921396474,
    0.24056014620063867,
    0.2395318681681465
  ],
  "val_hr_list": [
    0.10180275715800637,
    0.1102863202545069,
    0.11664899257688228,
    0.13043478260869565,
    0.1633085896076352,
    0.18769883351007424,
    0.2142099681866384,
    0.2449628844114528,
    0.30010604453870626,
    0.31919406150583246,
    0.36903499469777307,
    0.3806998939554613,
    0.4061505832449629,
    0.41039236479321317,
    0.4019088016967126,
    0.43160127253446445,
    0.43584305408271473,
    0.45387062566277836,
    0.4591728525980912,
    0.47295864262990456,
    0.47720042417815484,
    0.5026511134676565,
    0.49628844114528103,
    0.48886532343584305,
    0.5068928950159067
  ],
  "val_ndcg_list": [
    0.04602956683499871,
    0.05290801003257168,
    0.05402163548307805,
    0.07072441571440194,
    0.08523817571016094,
    0.09669440936137608,
    0.12523306196576384,
    0.13442783223752475,
    0.164050347491551,
    0.17193768693507708,
    0.2001393081218787,
    0.20127158528298378,
    0.2162983142044646,
    0.22405025692808303,
    0.22455173816293214,
    0.2293125776767968,
    0.23758113757102672,
    0.24261924244783917,
    0.2449201508513089,
    0.2570669742161395,
    0.2582523576885984,
    0.2593528662017375,
    0.2639896839827617,
    0.2551837617432172,
    0.26348383111148166
  ],
  "upload_bytes_per_round": [
    203144832,
    203144832,
    203144832,
    203144832,
    203144832,
    203144832,
    203144832,
    203144832,
    203144832,
    203144832,
    203144832,
    203144832,
    203144832,
    203144832,
    203144832,
    203144832,
    203144832,
    203144832,
    203144832,
    203144832,
    203144832,
    203144832,
    203144832,
    203144832,
    203144832
  ],
  "total_upload_bytes": 5078620800,
  "aggregate_stats_per_round": [
    {
      "avg_item_neighbors": 257.1389183457052,
      "avg_interest_neighbors": 260.60233297985155,
      "avg_trusted_neighbors": 78.44326617179215,
      "avg_union_neighbors": 439.29798515376456,
      "avg_false_neighbor_ratio": 0.8214349511656986,
      "isolated_nodes": 0.0,
      "mode": "soft_intersection"
    },
    {
      "avg_item_neighbors": 340.3351007423118,
      "avg_interest_neighbors": 357.9130434782609,
      "avg_trusted_neighbors": 125.90668080593849,
      "avg_union_neighbors": 572.3414634146342,
      "avg_false_neighbor_ratio": 0.7800147484427052,
      "isolated_nodes": 0.0,
      "mode": "soft_intersection"
    },
    {
      "avg_item_neighbors": 365.0265111346766,
      "avg_interest_neighbors": 365.4019088016967,
      "avg_trusted_neighbors": 141.54612937433723,
      "avg_union_neighbors": 588.882290562036,
      "avg_false_neighbor_ratio": 0.7596359550238063,
      "isolated_nodes": 0.0,
      "mode": "soft_intersection"
    },
    {
      "avg_item_neighbors": 367.2767762460233,
      "avg_interest_neighbors": 354.441145281018,
      "avg_trusted_neighbors": 133.06680805938495,
      "avg_union_neighbors": 588.6511134676564,
      "avg_false_neighbor_ratio": 0.7739462221085286,
      "isolated_nodes": 0.0,
      "mode": "soft_intersection"
    },
    {
      "avg_item_neighbors": 359.0053022269353,
      "avg_interest_neighbors": 346.033934252386,
      "avg_trusted_neighbors": 126.69777306468717,
      "avg_union_neighbors": 578.3414634146342,
      "avg_false_neighbor_ratio": 0.780929120460013,
      "isolated_nodes": 0.0,
      "mode": "soft_intersection"
    },
    {
      "avg_item_neighbors": 366.75291622481444,
      "avg_interest_neighbors": 345.3191940615058,
      "avg_trusted_neighbors": 124.41569459172852,
      "avg_union_neighbors": 587.6564156945917,
      "avg_false_neighbor_ratio": 0.7882849718492854,
      "isolated_nodes": 0.0,
      "mode": "soft_intersection"
    },
    {
      "avg_item_neighbors": 347.2322375397667,
      "avg_interest_neighbors": 344.65323435843055,
      "avg_trusted_neighbors": 122.93107104984094,
      "avg_union_neighbors": 568.9544008483563,
      "avg_false_neighbor_ratio": 0.7839351082151031,
      "isolated_nodes": 0.0,
      "mode": "soft_intersection"
    },
    {
      "avg_item_neighbors": 349.6521739130435,
      "avg_interest_neighbors": 338.7592788971368,
      "avg_trusted_neighbors": 121.43372216330859,
      "avg_union_neighbors": 566.9777306468717,
      "avg_false_neighbor_ratio": 0.7858227658698986,
      "isolated_nodes": 0.0,
      "mode": "soft_intersection"
    },
    {
      "avg_item_neighbors": 327.6521739130435,
      "avg_interest_neighbors": 337.0668080593849,
      "avg_trusted_neighbors": 119.64793213149522,
      "avg_union_neighbors": 545.0710498409331,
      "avg_false_neighbor_ratio": 0.7804911264936713,
      "isolated_nodes": 0.0,
      "mode": "soft_intersection"
    },
    {
      "avg_item_neighbors": 334.64687168610817,
      "avg_interest_neighbors": 335.847295864263,
      "avg_trusted_neighbors": 122.16967126193,
      "avg_union_neighbors": 548.3244962884412,
      "avg_false_neighbor_ratio": 0.7771945771365579,
      "isolated_nodes": 0.0,
      "mode": "soft_intersection"
    },
    {
      "avg_item_neighbors": 338.8271474019088,
      "avg_interest_neighbors": 331.1664899257688,
      "avg_trusted_neighbors": 126.60233297985154,
      "avg_union_neighbors": 543.3913043478261,
      "avg_false_neighbor_ratio": 0.7670144296258133,
      "isolated_nodes": 0.0,
      "mode": "soft_intersection"
    },
    {
      "avg_item_neighbors": 333.9130434782609,
      "avg_interest_neighbors": 324.46871686108165,
      "avg_trusted_neighbors": 128.01908801696712,
      "avg_union_neighbors": 530.3626723223754,
      "avg_false_neighbor_ratio": 0.7586197243927603,
      "isolated_nodes": 0.0,
      "mode": "soft_intersection"
    },
    {
      "avg_item_neighbors": 340.56415694591726,
      "avg_interest_neighbors": 327.87698833510075,
      "avg_trusted_neighbors": 127.78154825026512,
      "avg_union_neighbors": 540.6595970307529,
      "avg_false_neighbor_ratio": 0.7636561915260022,
      "isolated_nodes": 0.0,
      "mode": "soft_intersection"
    },
    {
      "avg_item_neighbors": 348.35843054082716,
      "avg_interest_neighbors": 329.65005302226933,
      "avg_trusted_neighbors": 146.61081654294804,
      "avg_union_neighbors": 531.3976670201484,
      "avg_false_neighbor_ratio": 0.7241033868946415,
      "isolated_nodes": 0.0,
      "mode": "soft_intersection"
    },
    {
      "avg_item_neighbors": 348.71049840933193,
      "avg_interest_neighbors": 326.66383881230115,