{
  "tag": "S4_soft_beta_0.95",
  "alias": "S4_soft_beta_0.95",
  "dataset": "100k",
  "num_round_requested": 25,
  "num_round_actual": 25,
  "best_round": 22,
  "best_test_hr": 0.41993637327677624,
  "best_test_ndcg": 0.22191101640011293,
  "best_val_hr": 0.4750795334040297,
  "hr_list": [
    0.11770943796394485,
    0.1357370095440085,
    0.14528101802757157,
    0.16967126193001061,
    0.17815482502651114,
    0.18875927889713678,
    0.2163308589607635,
    0.2523860021208908,
    0.2990455991516437,
    0.30328738069989397,
    0.3297985153764581,
    0.34994697773064687,
    0.36585365853658536,
    0.38176033934252385,
    0.37327677624602335,
    0.3743372216330859,
    0.36903499469777307,
    0.3955461293743372,
    0.38494167550371156,
    0.40721102863202546,
    0.41569459172852596,
    0.41145281018027574,
    0.41993637327677624,
    0.4178154825026511,
    0.41569459172852596
  ],
  "ndcg_list": [
    0.05345868085007483,
    0.06258698890703582,
    0.06538555449710484,
    0.08678181382563618,
    0.0957289957886186,
    0.10532698594910496,
    0.12111023251839415,
    0.13591171344597552,
    0.16792001021301228,
    0.16931031838874366,
    0.17303038870945917,
    0.1906396480509474,
    0.190554712225875,
    0.19620413000295747,
    0.18933593259386938,
    0.18881206920810867,
    0.19689150965954935,
    0.20694047699943202,
    0.19923481471204652,
    0.21129758972075724,
    0.21438121627995743,
    0.22087127577150026,
    0.22191101640011293,
    0.2188112420708361,
    0.21465751989790202
  ],
  "val_hr_list": [
    0.10180275715800637,
    0.11664899257688228,
    0.12301166489925769,
    0.13043478260869565,
    0.16224814422057265,
    0.1728525980911983,
    0.21527041357370094,
    0.2417815482502651,
    0.28525980911983034,
    0.3266171792152704,
    0.3552492046659597,
    0.38812301166489926,
    0.391304347826087,
    0.4135737009544008,
    0.40721102863202546,
    0.4369034994697773,
    0.42735949098621423,
    0.44538706256627786,
    0.43902439024390244,
    0.4443266171792153,
    0.45811240721102864,
    0.4602332979851538,
    0.4750795334040297,
    0.46129374337221635,
    0.4634146341463415
  ],
  "val_ndcg_list": [
    0.04602956683499871,
    0.05749448975036452,
    0.06165847224002199,
    0.07228072973481864,
    0.08781618336301379,
    0.08813745239850841,
    0.1213502190193291,
    0.13579890832750394,
    0.15455177527414662,
    0.17422216451973357,
    0.18545512624907556,
    0.20626865724500182,
    0.20862934010661674,
    0.21261103142236606,
    0.21526641826968293,
    0.22763658543109355,
    0.22066468044762333,
    0.22570803894400054,
    0.22734856405842702,
    0.22668886912565375,
    0.2357891483630931,
    0.2365869386694775,
    0.25141785120963217,
    0.2345600912498484,
    0.23640341254213557
  ],
  "upload_bytes_per_round": [
    203144832,
    203144832,
    203144832,
    203144832,
    203144832,
    203144832,
    203144832,
    203144832,
    203144832,
    203144832,
    203144832,
    203144832,
    203144832,
    203144832,
    203144832,
    203144832,
    203144832,
    203144832,
    203144832,
    203144832,
    203144832,
    203144832,
    203144832,
    203144832,
    203144832
  ],
  "total_upload_bytes": 5078620800,
  "aggregate_stats_per_round": [
    {
      "avg_item_neighbors": 257.1389183457052,
      "avg_interest_neighbors": 260.60233297985155,
      "avg_trusted_neighbors": 78.44326617179215,
      "avg_union_neighbors": 439.29798515376456,
      "avg_false_neighbor_ratio": 0.8214349511656986,
      "isolated_nodes": 0.0,
      "mode": "soft_intersection"
    },
    {
      "avg_item_neighbors": 329.48038176033936,
      "avg_interest_neighbors": 357.35312831389183,
      "avg_trusted_neighbors": 125.87910922587487,
      "avg_union_neighbors": 560.9544008483563,
      "avg_false_neighbor_ratio": 0.7755983212975915,
      "isolated_nodes": 0.0,
      "mode": "soft_intersection"
    },
    {
      "avg_item_neighbors": 374.8186638388123,
      "avg_interest_neighbors": 365.17709437963947,
      "avg_trusted_neighbors": 149.4422057264051,
      "avg_union_neighbors": 590.5535524920466,
      "avg_false_neighbor_ratio": 0.7469455477902358,
      "isolated_nodes": 0.0,
      "mode": "soft_intersection"
    },
    {
      "avg_item_neighbors": 370.5874867444327,
      "avg_interest_neighbors": 352.8313891834571,
      "avg_trusted_neighbors": 137.76033934252385,
      "avg_union_neighbors": 585.6585365853658,
      "avg_false_neighbor_ratio": 0.764777031773968,
      "isolated_nodes": 0.0,
      "mode": "soft_intersection"
    },
    {
      "avg_item_neighbors": 349.5652173913044,
      "avg_interest_neighbors": 344.8292682926829,
      "avg_trusted_neighbors": 123.79215270413573,
      "avg_union_neighbors": 570.6023329798516,
      "avg_false_neighbor_ratio": 0.7830500410721122,
      "isolated_nodes": 0.0,
      "mode": "soft_intersection"
    },
    {
      "avg_item_neighbors": 357.92788971367975,
      "avg_interest_neighbors": 345.0116648992577,
      "avg_trusted_neighbors": 120.65535524920466,
      "avg_union_neighbors": 582.2841993637328,
      "avg_false_neighbor_ratio": 0.7927895770123148,
      "isolated_nodes": 0.0,
      "mode": "soft_intersection"
    },
    {
      "avg_item_neighbors": 341.67550371155886,
      "avg_interest_neighbors": 341.47189819724287,
      "avg_trusted_neighbors": 132.7783669141039,
      "avg_union_neighbors": 550.3690349946978,
      "avg_false_neighbor_ratio": 0.7587466618368471,
      "isolated_nodes": 0.0,
      "mode": "soft_intersection"
    },
    {
      "avg_item_neighbors": 360.40084835630967,
      "avg_interest_neighbors": 331.3573700954401,
      "avg_trusted_neighbors": 129.80063626723225,
      "avg_union_neighbors": 561.9575821845175,
      "avg_false_neighbor_ratio": 0.769020580231957,
      "isolated_nodes": 0.0,
      "mode": "soft_intersection"
    },
    {
      "avg_item_neighbors": 345.32979851537647,
      "avg_interest_neighbors": 327.3234358430541,
      "avg_trusted_neighbors": 129.16648992576881,
      "avg_union_neighbors": 543.4867444326617,
      "avg_false_neighbor_ratio": 0.7623373683922983,
      "isolated_nodes": 0.0,
      "mode": "soft_intersection"
    },
    {
      "avg_item_neighbors": 342.9819724284199,
      "avg_interest_neighbors": 326.90137857900316,
      "avg_trusted_neighbors": 128.3626723223754,
      "avg_union_neighbors": 541.5206786850478,
      "avg_false_neighbor_ratio": 0.7629588723480086,
      "isolated_nodes": 0.0,
      "mode": "soft_intersection"
    },
    {
      "avg_item_neighbors": 383.9575821845175,
      "avg_interest_neighbors": 324.99681866383884,
      "avg_trusted_neighbors": 154.67232237539767,
      "avg_union_neighbors": 554.2820784729587,
      "avg_false_neighbor_ratio": 0.7209501652993755,
      "isolated_nodes": 0.0,
      "mode": "soft_intersection"
    },
    {
      "avg_item_neighbors": 340.3944856839873,
      "avg_interest_neighbors": 328.64687168610817,
      "avg_trusted_neighbors": 128.77200424178156,
      "avg_union_neighbors": 540.2693531283139,
      "avg_false_neighbor_ratio": 0.7616522138519336,
      "isolated_nodes": 0.0,
      "mode": "soft_intersection"
    },
    {
      "avg_item_neighbors": 335.34252386002123,
      "avg_interest_neighbors": 330.29904559915167,
      "avg_trusted_neighbors": 134.65323435843055,
      "avg_union_neighbors": 530.9883351007423,
      "avg_false_neighbor_ratio": 0.7464101836947448,
      "isolated_nodes": 0.0,
      "mode": "soft_intersection"
    },
    {
      "avg_item_neighbors": 339.83244962884413,
      "avg_interest_neighbors": 331.5715800636267,
      "avg_trusted_neighbors": 137.9236479321315,
      "avg_union_neighbors": 533.4803817603394,
      "avg_false_neighbor_ratio": 0.741464442465492,
      "isolated_nodes": 0.0,
      "mode": "soft_intersection"
    },
    {
      "avg_item_neighbors": 319.9533404029693,