{
  "tag": "T4_union",
  "alias": "T4_union",
  "dataset": "100k",
  "num_round_requested": 25,
  "num_round_actual": 25,
  "best_round": 24,
  "best_test_hr": 0.4676564156945917,
  "best_test_ndcg": 0.25157715278397363,
  "best_val_hr": 0.5079533404029692,
  "hr_list": [
    0.11770943796394485,
    0.12513255567338283,
    0.1420996818663839,
    0.14422057264050903,
    0.16436903499469777,
    0.19300106044538706,
    0.21527041357370094,
    0.2767762460233298,
    0.30965005302226933,
    0.33828207847295866,
    0.3563096500530223,
    0.34782608695652173,
    0.36903499469777307,
    0.37009544008483564,
    0.3997879109225875,
    0.3828207847295864,
    0.41569459172852596,
    0.4220572640509014,
    0.4135737009544008,
    0.42629904559915166,
    0.4220572640509014,
    0.4485683987274655,
    0.44644750795334043,
    0.4528101802757158,
    0.4676564156945917
  ],
  "ndcg_list": [
    0.05345868085007483,
    0.054224246125329646,
    0.06426715486960265,
    0.07610112691850075,
    0.088697990481315,
    0.10322232498542111,
    0.12388624087291555,
    0.15478980298646666,
    0.1761627794835733,
    0.18974904018429717,
    0.19738267503364657,
    0.19430975471895798,
    0.20349660563236324,
    0.20496938257883543,
    0.2185834990042283,
    0.20708886743478727,
    0.22755195790010838,
    0.22647265623801105,
    0.2247215762810618,
    0.23157883985398908,
    0.2310637854839787,
    0.24095502827755572,
    0.24008430673633294,
    0.2447803273501225,
    0.25157715278397363
  ],
  "val_hr_list": [
    0.10180275715800637,
    0.10180275715800637,
    0.12195121951219512,
    0.1325556733828208,
    0.15058324496288442,
    0.18027571580063625,
    0.2301166489925769,
    0.2725344644750795,
    0.29692470837751855,
    0.3404029692470838,
    0.3616118769883351,
    0.37645811240721105,
    0.4061505832449629,
    0.43796394485683987,
    0.4284199363732768,
    0.4485683987274655,
    0.47295864262990456,
    0.48250265111346763,
    0.4740190880169671,
    0.5047720042417816,
    0.49628844114528103,
    0.5068928950159067,
    0.503711558854719,
    0.4984093319194062,
    0.5079533404029692
  ],
  "val_ndcg_list": [
    0.04602956683499871,
    0.04801238117289188,
    0.05678968939557134,
    0.07104914584035779,
    0.0790775612221683,
    0.09404782510796013,
    0.12955215494564762,
    0.15192593063402507,
    0.16841973294953885,
    0.1866285638979815,
    0.20233487551282991,
    0.20509801873951808,
    0.223672919088304,
    0.2382925177098799,
    0.23732856544732206,
    0.24265479887855806,
    0.26279594741493545,
    0.2613921342211912,
    0.2546147413268048,
    0.27337694351352393,
    0.27090532292994385,
    0.27357909949543563,
    0.2701907555524656,
    0.26496392029891047,
    0.27069409794802735
  ],
  "upload_bytes_per_round": [
    203144832,
    203144832,
    203144832,
    203144832,
    203144832,
    203144832,
    203144832,
    203144832,
    203144832,
    203144832,
    203144832,
    203144832,
    203144832,
    203144832,
    203144832,
    203144832,
    203144832,
    203144832,
    203144832,
    203144832,
    203144832,
    203144832,
    203144832,
    203144832,
    203144832
  ],
  "total_upload_bytes": 5078620800,
  "aggregate_stats_per_round": [
    {
      "avg_item_neighbors": 257.1389183457052,
      "avg_interest_neighbors": 260.60233297985155,
      "avg_trusted_neighbors": 78.44326617179215,
      "avg_union_neighbors": 439.29798515376456,
      "avg_false_neighbor_ratio": 0.8214349511656986,
      "isolated_nodes": 0.0,
      "mode": "union"
    },
    {
      "avg_item_neighbors": 337.5652173913044,
      "avg_interest_neighbors": 357.9915164369035,
      "avg_trusted_neighbors": 124.5493107104984,
      "avg_union_neighbors": 571.0074231177094,
      "avg_false_neighbor_ratio": 0.7818779482227092,
      "isolated_nodes": 0.0,
      "mode": "union"
    },
    {
      "avg_item_neighbors": 361.86850477200426,
      "avg_interest_neighbors": 365.86002120890777,
      "avg_trusted_neighbors": 140.12937433722163,
      "avg_union_neighbors": 587.5991516436903,
      "avg_false_neighbor_ratio": 0.7615221636293417,
      "isolated_nodes": 0.0,
      "mode": "union"
    },
    {
      "avg_item_neighbors": 371.4931071049841,
      "avg_interest_neighbors": 354.8419936373277,
      "avg_trusted_neighbors": 133.13467656415693,
      "avg_union_neighbors": 593.2004241781548,
      "avg_false_neighbor_ratio": 0.7755654393730291,
      "isolated_nodes": 0.0,
      "mode": "union"
    },
    {
      "avg_item_neighbors": 363.73064687168613,
      "avg_interest_neighbors": 346.7698833510074,
      "avg_trusted_neighbors": 127.07953340402969,
      "avg_union_neighbors": 583.4209968186639,
      "avg_false_neighbor_ratio": 0.7821821050373887,
      "isolated_nodes": 0.0,
      "mode": "union"
    },
    {
      "avg_item_neighbors": 357.2682926829268,
      "avg_interest_neighbors": 345.83244962884413,
      "avg_trusted_neighbors": 120.07423117709438,
      "avg_union_neighbors": 583.0265111346765,
      "avg_false_neighbor_ratio": 0.7940501351415258,
      "isolated_nodes": 0.0,
      "mode": "union"
    },
    {
      "avg_item_neighbors": 338.5068928950159,
      "avg_interest_neighbors": 345.3616118769883,
      "avg_trusted_neighbors": 120.75291622481443,
      "avg_union_neighbors": 563.1155885471899,
      "avg_false_neighbor_ratio": 0.7855628246123484,
      "isolated_nodes": 0.0,
      "mode": "union"
    },
    {
      "avg_item_neighbors": 356.4390243902439,
      "avg_interest_neighbors": 340.35843054082716,
      "avg_trusted_neighbors": 127.45281018027572,
      "avg_union_neighbors": 569.3446447507953,
      "avg_false_neighbor_ratio": 0.7761411978572972,
      "isolated_nodes": 0.0,
      "mode": "union"
    },
    {
      "avg_item_neighbors": 343.48250265111346,
      "avg_interest_neighbors": 337.813361611877,
      "avg_trusted_neighbors": 130.5577942735949,
      "avg_union_neighbors": 550.7380699893955,
      "avg_false_neighbor_ratio": 0.7629403133941535,
      "isolated_nodes": 0.0,
      "mode": "union"
    },
    {
      "avg_item_neighbors": 350.5450689289502,
      "avg_interest_neighbors": 337.04347826086956,
      "avg_trusted_neighbors": 134.25662778366913,
      "avg_union_neighbors": 553.3319194061506,
      "avg_false_neighbor_ratio": 0.7573669201520913,
      "isolated_nodes": 0.0,
      "mode": "union"
    },
    {
      "avg_item_neighbors": 370.5302226935313,
      "avg_interest_neighbors": 335.6882290562036,
      "avg_trusted_neighbors": 145.7306468716861,
      "avg_union_neighbors": 560.4878048780488,
      "avg_false_neighbor_ratio": 0.739993188784198,
      "isolated_nodes": 0.0,
      "mode": "union"
    },
    {
      "avg_item_neighbors": 355.82820784729586,
      "avg_interest_neighbors": 335.796394485684,
      "avg_trusted_neighbors": 139.01166489925768,
      "avg_union_neighbors": 552.6129374337222,
      "avg_false_neighbor_ratio": 0.748446597097756,
      "isolated_nodes": 0.0,
      "mode": "union"
    },
    {
      "avg_item_neighbors": 367.7879109225875,
      "avg_interest_neighbors": 332.6235418875928,
      "avg_trusted_neighbors": 146.62142099681867,
      "avg_union_neighbors": 553.7900318133616,
      "avg_false_neighbor_ratio": 0.7352400502466374,
      "isolated_nodes": 0.0,
      "mode": "union"
    },
    {
      "avg_item_neighbors": 370.8419936373277,
      "avg_interest_neighbors": 332.77200424178153,
      "avg_trusted_neighbors": 152.9798515376458,
      "avg_union_neighbors": 550.6341463414634,
      "avg_false_neighbor_ratio": 0.7221751455951684,
      "isolated_nodes": 0.0,
      "mode": "union"
    },
    {
      "avg_item_neighbors": 360.492046659597,
      "avg_interest_neighbors": 329.5524920466596,
      "avg_trusted_neighbors": 145.11558854718982,
      "avg_union_neighbors": 544.9289501590669,
      "avg_false_neighbor_ratio": 0.7336981481625632,
      "isolated_nodes": 0.0,