{
  "tag": "M1_item_only",
  "alias": "M1_item_only",
  "dataset": "ml-1m",
  "num_round_requested": 15,
  "num_round_actual": 15,
  "best_round": 14,
  "best_test_hr": 0.40811258278145696,
  "best_test_ndcg": 0.219939963897548,
  "best_val_hr": 0.42152317880794704,
  "hr_list": [
    0.11804635761589403,
    0.11655629139072848,
    0.1251655629139073,
    0.1423841059602649,
    0.16407284768211922,
    0.1986754966887417,
    0.24701986754966887,
    0.28791390728476823,
    0.3183774834437086,
    0.3387417218543046,
    0.3610927152317881,
    0.3705298013245033,
    0.38112582781456955,
    0.3956953642384106,
    0.40811258278145696
  ],
  "ndcg_list": [
    0.05631856076119167,
    0.05607278567622474,
    0.06133045280329437,
    0.07365475342991454,
    0.08856581434278764,
    0.1086439740568491,
    0.13481685200747057,
    0.1561214387793275,
    0.17447384743053926,
    0.1847228010538324,
    0.19596473894685532,
    0.20111080511829574,
    0.20703185182465153,
    0.21461770929099416,
    0.219939963897548
  ],
  "val_hr_list": [
    0.10794701986754966,
    0.11092715231788079,
    0.1240066225165563,
    0.14519867549668874,
    0.18327814569536424,
    0.22350993377483444,
    0.2609271523178808,
    0.3077814569536424,
    0.3350993377483444,
    0.36043046357615893,
    0.3718543046357616,
    0.3889072847682119,
    0.40298013245033115,
    0.4112582781456954,
    0.42152317880794704
  ],
  "val_ndcg_list": [
    0.051943508204896044,
    0.05333656576656246,
    0.0650720319505067,
    0.07596647024824146,
    0.10095400480303324,
    0.12397699811884118,
    0.14672834966687523,
    0.16999936855215347,
    0.1878476224991917,
    0.20033531673445537,
    0.204447502949105,
    0.21481436347493843,
    0.22215027048796468,
    0.22669481956601814,
    0.23147689878809688
  ],
  "upload_bytes_per_round": [
    2865955840,
    2865955840,
    2865955840,
    2865955840,
    2865955840,
    2865955840,
    2865955840,
    2865955840,
    2865955840,
    2865955840,
    2865955840,
    2865955840,
    2865955840,
    2865955840,
    2865955840
  ],
  "total_upload_bytes": 42989337600,
  "aggregate_stats_per_round": [
    {
      "avg_item_neighbors": 0.0,
      "avg_interest_neighbors": 0.0,
      "avg_trusted_neighbors": 0.0,
      "avg_union_neighbors": 0.0,
      "avg_false_neighbor_ratio": 0.0,
      "isolated_nodes": 0.0,
      "mode": "item_only"
    },
    {
      "avg_item_neighbors": 0.0,
      "avg_interest_neighbors": 0.0,
      "avg_trusted_neighbors": 0.0,
      "avg_union_neighbors": 0.0,
      "avg_false_neighbor_ratio": 0.0,
      "isolated_nodes": 0.0,
      "mode": "item_only"
    },
    {
      "avg_item_neighbors": 0.0,
      "avg_interest_neighbors": 0.0,
      "avg_trusted_neighbors": 0.0,
      "avg_union_neighbors": 0.0,
      "avg_false_neighbor_ratio": 0.0,
      "isolated_nodes": 0.0,
      "mode": "item_only"
    },
    {
      "avg_item_neighbors": 0.0,
      "avg_interest_neighbors": 0.0,
      "avg_trusted_neighbors": 0.0,
      "avg_union_neighbors": 0.0,
      "avg_false_neighbor_ratio": 0.0,
      "isolated_nodes": 0.0,
      "mode": "item_only"
    },
    {
      "avg_item_neighbors": 0.0,
      "avg_interest_neighbors": 0.0,
      "avg_trusted_neighbors": 0.0,
      "avg_union_neighbors": 0.0,
      "avg_false_neighbor_ratio": 0.0,
      "isolated_nodes": 0.0,
      "mode": "item_only"
    },
    {
      "avg_item_neighbors": 0.0,
      "avg_interest_neighbors": 0.0,
      "avg_trusted_neighbors": 0.0,
      "avg_union_neighbors": 0.0,
      "avg_false_neighbor_ratio": 0.0,
      "isolated_nodes": 0.0,
      "mode": "item_only"
    },
    {
      "avg_item_neighbors": 0.0,
      "avg_interest_neighbors": 0.0,
      "avg_trusted_neighbors": 0.0,
      "avg_union_neighbors": 0.0,
      "avg_false_neighbor_ratio": 0.0,
      "isolated_nodes": 0.0,
      "mode": "item_only"
    },
    {
      "avg_item_neighbors": 0.0,
      "avg_interest_neighbors": 0.0,
      "avg_trusted_neighbors": 0.0,
      "avg_union_neighbors": 0.0,
      "avg_false_neighbor_ratio": 0.0,
      "isolated_nodes": 0.0,
      "mode": "item_only"
    },
    {
      "avg_item_neighbors": 0.0,
      "avg_interest_neighbors": 0.0,
      "avg_trusted_neighbors": 0.0,
      "avg_union_neighbors": 0.0,
      "avg_false_neighbor_ratio": 0.0,
      "isolated_nodes": 0.0,
      "mode": "item_only"
    },
    {
      "avg_item_neighbors": 0.0,
      "avg_interest_neighbors": 0.0,
      "avg_trusted_neighbors": 0.0,
      "avg_union_neighbors": 0.0,
      "avg_false_neighbor_ratio": 0.0,
      "isolated_nodes": 0.0,
      "mode": "item_only"
    },
    {
      "avg_item_neighbors": 0.0,
      "avg_interest_neighbors": 0.0,
      "avg_trusted_neighbors": 0.0,
      "avg_union_neighbors": 0.0,
      "avg_false_neighbor_ratio": 0.0,
      "isolated_nodes": 0.0,
      "mode": "item_only"
    },
    {
      "avg_item_neighbors": 0.0,
      "avg_interest_neighbors": 0.0,
      "avg_trusted_neighbors": 0.0,
      "avg_union_neighbors": 0.0,
      "avg_false_neighbor_ratio": 0.0,
      "isolated_nodes": 0.0,
      "mode": "item_only"
    },
    {
      "avg_item_neighbors": 0.0,
      "avg_interest_neighbors": 0.0,
      "avg_trusted_neighbors": 0.0,
      "avg_union_neighbors": 0.0,
      "avg_false_neighbor_ratio": 0.0,
      "isolated_nodes": 0.0,
      "mode": "item_only"
    },
    {
      "avg_item_neighbors": 0.0,
      "avg_interest_neighbors": 0.0,
      "avg_trusted_neighbors": 0.0,
      "avg_union_neighbors": 0.0,
      "avg_false_neighbor_ratio": 0.0,
      "isolated_nodes": 0.0,
      "mode": "item_only"
    },
    {
      "avg_item_neighbors": 0.0,
      "avg_interest_neighbors": 0.0,
      "avg_trusted_neighbors": 0.0,
      "avg_union_neighbors": 0.0,
      "avg_false_neighbor_ratio": 0.0,
      "isolated_nodes": 0.0,
      "mode": "item_only"
    }
  ],
  "final_false_neighbor_ratio": 0.0,
  "final_avg_trusted_neighbors": 0.0,
  "final_isolated_nodes": 0,
  "epsilon_per_round": null,
  "epsilon_total_naive": null,
  "dp_composition": null,
  "config": {
    "alias": "M1_item_only",
    "clients_sample_ratio": 1,
    "clients_sample_num": 0,
    "num_round": 15,
    "local_epoch": 1,
    "neighborhood_size": 0,
    "neighborhood_threshold": 1.0,
    "mp_layers": 1,
    "similarity_metric": "cosine",
    "reg": 1.0,
    "lr_eta": 80,
    "batch_size": 256,
    "optimizer": "sgd",
    "lr": 0.1,
    "dataset": "ml-1m",
    "num_users": 6040,
    "num_items": 3706,
    "latent_dim": 32,
    "num_negative": 12,
    "layers": [
      96,
      32,
      16,
      8
    ],
    "l2_regularization": 0.0,
    "dp": 0.0,
    "use_cuda": false,
    "device_id": 0,
    "model_dir": "checkpoints/{}_Epoch{}_HR{:.4f}_NDCG{:.4f}.model",
    "alpha": 0.5,
    "no_attention": false,
    "no_graph": false,
    "graph_fusion": "item_only",
    "graph_semantic": "similarity",
    "history_len": 5,
    "attention_type": "single",
    "num_heads": 4,
    "max_history_len": 32,
    "dp_delta": 1e-05,
    "interest_type": "user_emb",
    "lr_u": null,
    "lr_i": null,
    "seed": 42,
    "early_stop_patience": 4,
    "metrics_json": "results/ml1m/M1_item_only.json",
    "result_tag": "M1_item_only",
    "use_attention": true
  }
}