{
  "tag": "M1_sim_intersection",
  "alias": "M1_sim_intersection",
  "dataset": "ml-1m",
  "num_round_requested": 15,
  "num_round_actual": 15,
  "best_round": 14,
  "best_test_hr": 0.41771523178807946,
  "best_test_ndcg": 0.22392230199143462,
  "best_val_hr": 0.4279801324503311,
  "hr_list": [
    0.11804635761589403,
    0.1162251655629139,
    0.1251655629139073,
    0.1413907284768212,
    0.171523178807947,
    0.21059602649006623,
    0.2577814569536424,
    0.29735099337748344,
    0.32251655629139075,
    0.35066225165562914,
    0.3740066225165563,
    0.38526490066225166,
    0.39039735099337747,
    0.4031456953642384,
    0.41771523178807946
  ],
  "ndcg_list": [
    0.05631856076119167,
    0.056189477080478424,
    0.06239883583919901,
    0.07195211235398667,
    0.09405308146297726,
    0.11406230155701433,
    0.14002356782724526,
    0.16119358908861256,
    0.17604089425540054,
    0.1903841859750721,
    0.20202507906593914,
    0.20716853604062824,
    0.21132262799465462,
    0.2198383136494286,
    0.22392230199143462
  ],
  "val_hr_list": [
    0.10794701986754966,
    0.11092715231788079,
    0.12466887417218543,
    0.14850993377483443,
    0.18427152317880793,
    0.23129139072847682,
    0.2723509933774834,
    0.30943708609271525,
    0.3447019867549669,
    0.36043046357615893,
    0.38609271523178806,
    0.3922185430463576,
    0.406953642384106,
    0.4195364238410596,
    0.4279801324503311
  ],
  "val_ndcg_list": [
    0.051943508204896044,
    0.05394605843119815,
    0.06392736541089529,
    0.0787505944630234,
    0.10215132466195355,
    0.12657086644895163,
    0.15031219937325851,
    0.1714761242851274,
    0.1893866276120939,
    0.1991356826374856,
    0.2108463499723659,
    0.21700162365204678,
    0.22199761176164656,
    0.22915443976935576,
    0.22942516733762094
  ],
  "upload_bytes_per_round": [
    2865955840,
    2865955840,
    2865955840,
    2865955840,
    2865955840,
    2865955840,
    2865955840,
    2865955840,
    2865955840,
    2865955840,
    2865955840,
    2865955840,
    2865955840,
    2865955840,
    2865955840
  ],
  "total_upload_bytes": 42989337600,
  "aggregate_stats_per_round": [
    {
      "avg_item_neighbors": 4117.840066225165,
      "avg_interest_neighbors": 4124.049337748344,
      "avg_trusted_neighbors": 2977.463245033113,
      "avg_union_neighbors": 5264.426158940398,
      "avg_false_neighbor_ratio": 0.43441827178512377,
      "isolated_nodes": 799.0,
      "mode": "intersection"
    },
    {
      "avg_item_neighbors": 3655.833443708609,
      "avg_interest_neighbors": 3818.787748344371,
      "avg_trusted_neighbors": 2324.644370860927,
      "avg_union_neighbors": 5149.976821192053,
      "avg_false_neighbor_ratio": 0.5486107119365933,
      "isolated_nodes": 948.0,
      "mode": "intersection"
    },
    {
      "avg_item_neighbors": 3315.9245033112584,
      "avg_interest_neighbors": 3776.815894039735,
      "avg_trusted_neighbors": 2026.4953642384105,
      "avg_union_neighbors": 5066.245033112583,
      "avg_false_neighbor_ratio": 0.6000005228737665,
      "isolated_nodes": 1097.0,
      "mode": "intersection"
    },
    {
      "avg_item_neighbors": 3228.3278145695363,
      "avg_interest_neighbors": 3773.9652317880796,
      "avg_trusted_neighbors": 1978.1397350993377,
      "avg_union_neighbors": 5024.153311258278,
      "avg_false_neighbor_ratio": 0.6062740102562831,
      "isolated_nodes": 1211.0,
      "mode": "intersection"
    },
    {
      "avg_item_neighbors": 3235.9973509933775,
      "avg_interest_neighbors": 3773.1741721854305,
      "avg_trusted_neighbors": 2021.7251655629138,
      "avg_union_neighbors": 4987.446357615894,
      "avg_false_neighbor_ratio": 0.5946372109896052,
      "isolated_nodes": 1330.0,
      "mode": "intersection"
    },
    {
      "avg_item_neighbors": 3216.9440397350995,
      "avg_interest_neighbors": 3726.43178807947,
      "avg_trusted_neighbors": 2014.9380794701988,
      "avg_union_neighbors": 4928.43774834437,
      "avg_false_neighbor_ratio": 0.5911608947181924,
      "isolated_nodes": 1367.0,
      "mode": "intersection"
    },
    {
      "avg_item_neighbors": 3182.3311258278145,
      "avg_interest_neighbors": 3665.8847682119203,
      "avg_trusted_neighbors": 1980.7165562913908,
      "avg_union_neighbors": 4867.499337748344,
      "avg_false_neighbor_ratio": 0.593073071231757,
      "isolated_nodes": 1392.0,
      "mode": "intersection"
    },
    {
      "avg_item_neighbors": 3108.3761589403975,
      "avg_interest_neighbors": 3616.6182119205296,
      "avg_trusted_neighbors": 1921.7350993377484,
      "avg_union_neighbors": 4803.2592715231785,
      "avg_false_neighbor_ratio": 0.5999101879153111,
      "isolated_nodes": 1404.0,
      "mode": "intersection"
    },
    {
      "avg_item_neighbors": 3108.577152317881,
      "avg_interest_neighbors": 3575.905629139073,
      "avg_trusted_neighbors": 1904.9288079470198,
      "avg_union_neighbors": 4779.553973509934,
      "avg_false_neighbor_ratio": 0.6014421390563128,
      "isolated_nodes": 1404.0,
      "mode": "intersection"
    },
    {
      "avg_item_neighbors": 3097.7380794701985,
      "avg_interest_neighbors": 3572.6281456953643,
      "avg_trusted_neighbors": 1907.058940397351,
      "avg_union_neighbors": 4763.3072847682115,
      "avg_false_neighbor_ratio": 0.599635541780893,
      "isolated_nodes": 1423.0,
      "mode": "intersection"
    },
    {
      "avg_item_neighbors": 3066.35,
      "avg_interest_neighbors": 3582.4241721854305,
      "avg_trusted_neighbors": 1909.612251655629,
      "avg_union_neighbors": 4739.161920529801,
      "avg_false_neighbor_ratio": 0.5970569725876449,
      "isolated_nodes": 1392.0,
      "mode": "intersection"
    },
    {
      "avg_item_neighbors": 3060.4503311258277,
      "avg_interest_neighbors": 3627.8721854304636,
      "avg_trusted_neighbors": 1948.8331125827815,
      "avg_union_neighbors": 4739.48940397351,
      "avg_false_neighbor_ratio": 0.5888094799940028,
      "isolated_nodes": 1399.0,
      "mode": "intersection"
    },
    {
      "avg_item_neighbors": 3033.401655629139,
      "avg_interest_neighbors": 3674.366225165563,
      "avg_trusted_neighbors": 1971.1,
      "avg_union_neighbors": 4736.667880794702,
      "avg_false_neighbor_ratio": 0.5838635830913913,
      "isolated_nodes": 1395.0,
      "mode": "intersection"
    },
    {
      "avg_item_neighbors": 3057.467880794702,
      "avg_interest_neighbors": 3721.5632450331127,
      "avg_trusted_neighbors": 2022.6764900662251,
      "avg_union_neighbors": 4756.35463576159,
      "avg_false_neighbor_ratio": 0.5747422879576023,
      "isolated_nodes": 1385.0,
      "mode": "intersection"
    },
    {
      "avg_item_neighbors": 3025.5811258278145,
      "avg_interest_neighbors": 3767.099668874172,
      "avg_trusted_neighbors": 2030.5956953642385,
      "avg_union_neighbors": 4762.085099337748,
      "avg_false_neighbor_ratio": 0.5735910524474608,
      "isolated_nodes": 1393.0,
      "mode": "intersection"
    }
  ],
  "final_false_neighbor_ratio": 0.5735910524474608,
  "final_avg_trusted_neighbors": 2030.5956953642385,
  "final_isolated_nodes": 1393,
  "epsilon_per_round": null,
  "epsilon_total_naive": null,
  "config": {
    "alias": "M1_sim_intersection",
    "clients_sample_ratio": 1,
    "clients_sample_num": 0,
    "num_round": 15,
    "local_epoch": 1,
    "neighborhood_size": 0,
    "neighborhood_threshold": 1.0,
    "mp_layers": 1,
    "similarity_metric": "cosine",
    "reg": 1.0,
    "lr_eta": 80,
    "batch_size": 256,
    "optimizer": "sgd",
    "lr": 0.1,
    "dataset": "ml-1m",
    "num_users": 6040,
    "num_items": 3706,
    "latent_dim": 32,
    "num_negative": 12,
    "layers": [
      96,
      32,
      16,
      8
    ],
    "l2_regularization": 0.0,
    "dp": 0.0,
    "use_cuda": false,
    "device_id": 0,
    "model_dir": "checkpoints/{}_Epoch{}_HR{:.4f}_NDCG{:.4f}.model",
    "alpha": 0.5,