{
  "tag": "A2_alpha_0.7",
  "alias": "A2_alpha_0.7",
  "dataset": "100k",
  "num_round_requested": 20,
  "num_round_actual": 20,
  "best_round": 19,
  "best_test_hr": 0.43160127253446445,
  "best_test_ndcg": 0.23221615081898078,
  "best_val_hr": 0.47613997879109227,
  "hr_list": [
    0.11770943796394485,
    0.1283138918345705,
    0.1420996818663839,
    0.14634146341463414,
    0.15058324496288442,
    0.2046659597030753,
    0.23223753976670203,
    0.28101802757158006,
    0.30010604453870626,
    0.3488865323435843,
    0.37009544008483564,
    0.3753976670201485,
    0.383881230116649,
    0.40084835630965004,
    0.38494167550371156,
    0.3944856839872747,
    0.4146341463414634,
    0.42948038176033937,
    0.42311770943796395,
    0.43160127253446445
  ],
  "ndcg_list": [
    0.05345868085007483,
    0.05543343208511627,
    0.06588071278974503,
    0.07405399946617115,
    0.08442561789542706,
    0.11695174079437394,
    0.1303400989584543,
    0.15686312788206733,
    0.1674346414140599,
    0.18315373518031852,
    0.20030030439198063,
    0.2013675093878422,
    0.20426192047843592,
    0.21036533881642003,
    0.20443005844668938,
    0.212282612763009,
    0.22288613846922997,
    0.2276749869787992,
    0.2242989458360546,
    0.23221615081898078
  ],
  "val_hr_list": [
    0.10180275715800637,
    0.10180275715800637,
    0.11452810180275716,
    0.13043478260869565,
    0.13043478260869565,
    0.20360551431601273,
    0.23860021208907742,
    0.29374337221633084,
    0.3054082714740191,
    0.3584305408271474,
    0.3743372216330859,
    0.4135737009544008,
    0.4220572640509014,
    0.43584305408271473,
    0.4337221633085896,
    0.43796394485683987,
    0.44750795334040294,
    0.4623541887592789,
    0.4634146341463415,
    0.47613997879109227
  ],
  "val_ndcg_list": [
    0.04602956683499871,
    0.04896866353463495,
    0.05274780722530265,
    0.06956582121979925,
    0.07716574061412712,
    0.10398110756118446,
    0.13521626577216772,
    0.1630737878416307,
    0.17265264263948885,
    0.18728832253427374,
    0.20188266617216433,
    0.21572513197962884,
    0.22524888513518715,
    0.2297909407156878,
    0.23223035733686428,
    0.225978782616355,
    0.24108449927572156,
    0.24606785192015157,
    0.24222906572694097,
    0.26020645941904985
  ],
  "config": {
    "alias": "A2_alpha_0.7",
    "clients_sample_ratio": 1,
    "clients_sample_num": 0,
    "num_round": 20,
    "local_epoch": 1,
    "neighborhood_size": 0,
    "neighborhood_threshold": 1.0,
    "mp_layers": 1,
    "similarity_metric": "cosine",
    "reg": 1.0,
    "lr_eta": 80,
    "batch_size": 256,
    "optimizer": "sgd",
    "lr": 0.1,
    "dataset": "100k",
    "num_users": 943,
    "num_items": 1682,
    "latent_dim": 32,
    "num_negative": 12,
    "layers": [
      96,
      32,
      16,
      8
    ],
    "l2_regularization": 0.0,
    "dp": 0.0,
    "use_cuda": false,
    "device_id": 0,
    "model_dir": "checkpoints/{}_Epoch{}_HR{:.4f}_NDCG{:.4f}.model",
    "alpha": 0.7,
    "no_attention": false,
    "no_graph": false,
    "lr_u": null,
    "lr_i": null,
    "seed": 42,
    "early_stop_patience": 5,
    "metrics_json": "results/week7_8/A2_alpha_0.7.json",
    "result_tag": "A2_alpha_0.7",
    "use_attention": true
  }
}