{
  "tag": "A3_alpha_0.5",
  "alias": "A3_alpha_0.5",
  "dataset": "100k",
  "num_round_requested": 20,
  "num_round_actual": 20,
  "best_round": 17,
  "best_test_hr": 0.4188759278897137,
  "best_test_ndcg": 0.21814113281410602,
  "best_val_hr": 0.4634146341463415,
  "hr_list": [
    0.11770943796394485,
    0.1261930010604454,
    0.1474019088016967,
    0.15800636267232238,
    0.16224814422057265,
    0.19830328738069988,
    0.23435843054082714,
    0.26299045599151644,
    0.30434782608695654,
    0.32873806998939553,
    0.34994697773064687,
    0.3711558854718982,
    0.36903499469777307,
    0.3828207847295864,
    0.3828207847295864,
    0.3796394485683987,
    0.40402969247083775,
    0.4188759278897137,
    0.41145281018027574,
    0.4284199363732768
  ],
  "ndcg_list": [
    0.05345868085007483,
    0.05458236574469594,
    0.06885110039210215,
    0.07879669626437028,
    0.08777681884099371,
    0.10925757993704105,
    0.12847901128854575,
    0.1443479256059858,
    0.16605993441448721,
    0.175493030293981,
    0.18988167497821581,
    0.2019578178205209,
    0.2004027759172235,
    0.19425168852956398,
    0.19986944976253315,
    0.20333802489846298,
    0.21442795473382203,
    0.21814113281410602,
    0.21596052675830027,
    0.23077456749675
  ],
  "val_hr_list": [
    0.10180275715800637,
    0.10392364793213149,
    0.11770943796394485,
    0.12725344644750794,
    0.14634146341463414,
    0.2014846235418876,
    0.23117709437963946,
    0.2863202545068929,
    0.3266171792152704,
    0.3457051961823966,
    0.38918345705196183,
    0.41039236479321317,
    0.4061505832449629,
    0.4220572640509014,
    0.42948038176033937,
    0.4252386002120891,
    0.44538706256627786,
    0.4634146341463415,
    0.45387062566277836,
    0.45705196182396607
  ],
  "val_ndcg_list": [
    0.04602956683499871,
    0.04965109507267217,
    0.05530013968870251,
    0.06734080524988786,
    0.08361058693717804,
    0.10659191407402945,
    0.13399234566195012,
    0.15976796027197862,
    0.18401298347568967,
    0.18902689431458625,
    0.20399767306674935,
    0.21618707414251764,
    0.21434890691238861,
    0.22625320060191945,
    0.2326817814493533,
    0.22528286149933646,
    0.235540361506285,
    0.2381475232014479,
    0.24272960481737033,
    0.2562309278906318
  ],
  "config": {
    "alias": "A3_alpha_0.5",
    "clients_sample_ratio": 1,
    "clients_sample_num": 0,
    "num_round": 20,
    "local_epoch": 1,
    "neighborhood_size": 0,
    "neighborhood_threshold": 1.0,
    "mp_layers": 1,
    "similarity_metric": "cosine",
    "reg": 1.0,
    "lr_eta": 80,
    "batch_size": 256,
    "optimizer": "sgd",
    "lr": 0.1,
    "dataset": "100k",
    "num_users": 943,
    "num_items": 1682,
    "latent_dim": 32,
    "num_negative": 12,
    "layers": [
      96,
      32,
      16,
      8
    ],
    "l2_regularization": 0.0,
    "dp": 0.0,
    "use_cuda": false,
    "device_id": 0,
    "model_dir": "checkpoints/{}_Epoch{}_HR{:.4f}_NDCG{:.4f}.model",
    "alpha": 0.5,
    "no_attention": false,
    "no_graph": false,
    "lr_u": null,
    "lr_i": null,
    "seed": 42,
    "early_stop_patience": 5,
    "metrics_json": "results/week7_8/A3_alpha_0.5.json",
    "result_tag": "A3_alpha_0.5",
    "use_attention": true
  }
}