{
  "tag": "B1_topk_5",
  "alias": "B1_topk_5",
  "dataset": "100k",
  "num_round_requested": 20,
  "num_round_actual": 18,
  "best_round": 12,
  "best_test_hr": 0.13361611876988336,
  "best_test_ndcg": 0.06271787366011312,
  "best_val_hr": 0.14634146341463414,
  "hr_list": [
    0.11770943796394485,
    0.1261930010604454,
    0.11134676564156946,
    0.0975609756097561,
    0.10392364793213149,
    0.11876988335100742,
    0.10604453870625663,
    0.09331919406150584,
    0.11664899257688228,
    0.11664899257688228,
    0.12407211028632026,
    0.12301166489925769,
    0.13361611876988336,
    0.11452810180275716,
    0.09968186638388123,
    0.10180275715800637,
    0.11664899257688228,
    0.09437963944856839
  ],
  "ndcg_list": [
    0.05345868085007483,
    0.056798282439908504,
    0.051785654156410815,
    0.04821177215082718,
    0.05157100539310191,
    0.059338894367110644,
    0.052384795721839475,
    0.04460838985277687,
    0.05664867266607572,
    0.058936873093983703,
    0.062273231067839614,
    0.06573673778998264,
    0.06271787366011312,
    0.0538576587899515,
    0.04664638069106238,
    0.047961179456371024,
    0.05332956601375422,
    0.04464706752828896
  ],
  "val_hr_list": [
    0.10180275715800637,
    0.1102863202545069,
    0.10604453870625663,
    0.09544008483563096,
    0.11346765641569459,
    0.10180275715800637,
    0.11452810180275716,
    0.10922587486744433,
    0.10604453870625663,
    0.1261930010604454,
    0.09862142099681867,
    0.1261930010604454,
    0.14634146341463414,
    0.13361611876988336,
    0.12407211028632026,
    0.11770943796394485,
    0.1261930010604454,
    0.12937433722163308
  ],
  "val_ndcg_list": [
    0.04602956683499871,
    0.05035048187488038,
    0.05283447100719054,
    0.04805735136166139,
    0.05711954578974563,
    0.047218305622562906,
    0.058165637511199804,
    0.05073806068464746,
    0.050761196812809904,
    0.05778048000455721,
    0.05115569500806113,
    0.06058760272514573,
    0.07267216763437119,
    0.06734321694409437,
    0.06075170124029618,
    0.054722764931019664,
    0.05599808082215721,
    0.06030764163721761
  ],
  "config": {
    "alias": "B1_topk_5",
    "clients_sample_ratio": 1,
    "clients_sample_num": 0,
    "num_round": 20,
    "local_epoch": 1,
    "neighborhood_size": 5,
    "neighborhood_threshold": 1.0,
    "mp_layers": 1,
    "similarity_metric": "cosine",
    "reg": 1.0,
    "lr_eta": 80,
    "batch_size": 256,
    "optimizer": "sgd",
    "lr": 0.1,
    "dataset": "100k",
    "num_users": 943,
    "num_items": 1682,
    "latent_dim": 32,
    "num_negative": 12,
    "layers": [
      96,
      32,
      16,
      8
    ],
    "l2_regularization": 0.0,
    "dp": 0.0,
    "use_cuda": false,
    "device_id": 0,
    "model_dir": "checkpoints/{}_Epoch{}_HR{:.4f}_NDCG{:.4f}.model",
    "alpha": 0.5,
    "no_attention": false,
    "no_graph": false,
    "lr_u": null,
    "lr_i": null,
    "seed": 42,
    "early_stop_patience": 5,
    "metrics_json": "results/week7_8/B1_topk_5.json",
    "result_tag": "B1_topk_5",
    "use_attention": true
  }
}