{
  "tag": "B5_threshold_1.2",
  "alias": "B5_threshold_1.2",
  "dataset": "100k",
  "num_round_requested": 20,
  "num_round_actual": 20,
  "best_round": 19,
  "best_test_hr": 0.3860021208907741,
  "best_test_ndcg": 0.20347101747163812,
  "best_val_hr": 0.4496288441145281,
  "hr_list": [
    0.11770943796394485,
    0.12513255567338283,
    0.14103923647932132,
    0.15482502651113467,
    0.16012725344644752,
    0.19830328738069988,
    0.20890774125132555,
    0.25874867444326616,
    0.28101802757158006,
    0.3107104984093319,
    0.3297985153764581,
    0.3457051961823966,
    0.33828207847295866,
    0.33828207847295866,
    0.3722163308589608,
    0.34676564156945916,
    0.35418875927889715,
    0.3722163308589608,
    0.3828207847295864,
    0.3860021208907741
  ],
  "ndcg_list": [
    0.05345868085007483,
    0.05566987492908568,
    0.06901897458528994,
    0.08181784421910909,
    0.08543090059686385,
    0.10996128923353742,
    0.11218527062283652,
    0.13363680416700888,
    0.15195031263109127,
    0.1626212356786999,
    0.17437010339613904,
    0.17937317776643083,
    0.17695647475618603,
    0.17314123647017474,
    0.19117690266792306,
    0.18069138829843906,
    0.18840017324698793,
    0.19527938158020625,
    0.20186422363015336,
    0.20347101747163812
  ],
  "val_hr_list": [
    0.10180275715800637,
    0.10816542948038176,
    0.10498409331919406,
    0.13891834570519618,
    0.15800636267232238,
    0.18769883351007424,
    0.23329798515376457,
    0.264050901378579,
    0.2926829268292683,
    0.33191940615058324,
    0.34146341463414637,
    0.3616118769883351,
    0.3722163308589608,
    0.3796394485683987,
    0.38494167550371156,
    0.4093319194061506,
    0.4146341463414634,
    0.43796394485683987,
    0.43902439024390244,
    0.4496288441145281
  ],
  "val_ndcg_list": [
    0.04602956683499871,
    0.049865914670019565,
    0.05127345003113736,
    0.07298992658197491,
    0.08087911330674961,
    0.10472825850403845,
    0.12352612866773943,
    0.13779563384430554,
    0.16041971748124964,
    0.16943023181482053,
    0.18481553699411882,
    0.18246435456872398,
    0.18860866491682426,
    0.19227682649129546,
    0.20262328391278797,
    0.2069930294359809,
    0.2107596238252015,
    0.21306535768879825,
    0.22384697086743285,
    0.2264277764739128
  ],
  "config": {
    "alias": "B5_threshold_1.2",
    "clients_sample_ratio": 1,
    "clients_sample_num": 0,
    "num_round": 20,
    "local_epoch": 1,
    "neighborhood_size": 0,
    "neighborhood_threshold": 1.2,
    "mp_layers": 1,
    "similarity_metric": "cosine",
    "reg": 1.0,
    "lr_eta": 80,
    "batch_size": 256,
    "optimizer": "sgd",
    "lr": 0.1,
    "dataset": "100k",
    "num_users": 943,
    "num_items": 1682,
    "latent_dim": 32,
    "num_negative": 12,
    "layers": [
      96,
      32,
      16,
      8
    ],
    "l2_regularization": 0.0,
    "dp": 0.0,
    "use_cuda": false,
    "device_id": 0,
    "model_dir": "checkpoints/{}_Epoch{}_HR{:.4f}_NDCG{:.4f}.model",
    "alpha": 0.5,
    "no_attention": false,
    "no_graph": false,
    "lr_u": null,
    "lr_i": null,
    "seed": 42,
    "early_stop_patience": 5,
    "metrics_json": "results/week7_8/B5_threshold_1.2.json",
    "result_tag": "B5_threshold_1.2",
    "use_attention": true
  }
}