{
  "tag": "E2_mp_2",
  "alias": "E2_mp_2",
  "dataset": "100k",
  "num_round_requested": 20,
  "num_round_actual": 20,
  "best_round": 18,
  "best_test_hr": 0.43796394485683987,
  "best_test_ndcg": 0.23554551221265657,
  "best_val_hr": 0.503711558854719,
  "hr_list": [
    0.11770943796394485,
    0.12513255567338283,
    0.13467656415694593,
    0.13467656415694593,
    0.16542948038176034,
    0.19936373276776245,
    0.22269353128313893,
    0.264050901378579,
    0.30858960763520676,
    0.33191940615058324,
    0.35100742311770944,
    0.37327677624602335,
    0.383881230116649,
    0.38918345705196183,
    0.4135737009544008,
    0.40084835630965004,
    0.4241781548250265,
    0.4305408271474019,
    0.43796394485683987,
    0.4496288441145281
  ],
  "ndcg_list": [
    0.05345868085007483,
    0.054455091630944745,
    0.06191843707758191,
    0.0689830887166846,
    0.08965162181111941,
    0.11586269206557591,
    0.1289391205363734,
    0.15015080872978895,
    0.17182858062773662,
    0.1840450678479635,
    0.19633538396016537,
    0.20350850164466439,
    0.2074838034740283,
    0.21134700444337254,
    0.22388715167082288,
    0.21549610734548938,
    0.23409570995382906,
    0.230725093393341,
    0.23554551221265657,
    0.24372781801333754
  ],
  "val_hr_list": [
    0.10180275715800637,
    0.09650053022269353,
    0.11346765641569459,
    0.13891834570519618,
    0.1569459172852598,
    0.1919406150583245,
    0.24072110286320256,
    0.2788971367974549,
    0.31283138918345704,
    0.3637327677624602,
    0.3860021208907741,
    0.391304347826087,
    0.4209968186638388,
    0.43584305408271473,
    0.4337221633085896,
    0.4623541887592789,
    0.4867444326617179,
    0.4878048780487805,
    0.503711558854719,
    0.4931071049840933
  ],
  "val_ndcg_list": [
    0.04602956683499871,
    0.045533847123021456,
    0.052243865774142986,
    0.06911001443236,
    0.08345251539770772,
    0.0992941425135281,
    0.12455829774662042,
    0.15247322052537132,
    0.17363728904331566,
    0.20117937538229852,
    0.20604992875378036,
    0.21614766822706485,
    0.2385301219556498,
    0.2426464482545573,
    0.2401915157556503,
    0.24968154022323094,
    0.25976405609678477,
    0.26397465376858276,
    0.2712466578910048,
    0.26587767855250133
  ],
  "config": {
    "alias": "E2_mp_2",
    "clients_sample_ratio": 1,
    "clients_sample_num": 0,
    "num_round": 20,
    "local_epoch": 1,
    "neighborhood_size": 0,
    "neighborhood_threshold": 1.0,
    "mp_layers": 2,
    "similarity_metric": "cosine",
    "reg": 1.0,
    "lr_eta": 80,
    "batch_size": 256,
    "optimizer": "sgd",
    "lr": 0.1,
    "dataset": "100k",
    "num_users": 943,
    "num_items": 1682,
    "latent_dim": 32,
    "num_negative": 12,
    "layers": [
      96,
      32,
      16,
      8
    ],
    "l2_regularization": 0.0,
    "dp": 0.0,
    "use_cuda": false,
    "device_id": 0,
    "model_dir": "checkpoints/{}_Epoch{}_HR{:.4f}_NDCG{:.4f}.model",
    "alpha": 0.5,
    "no_attention": false,
    "no_graph": false,
    "lr_u": null,
    "lr_i": null,
    "seed": 42,
    "early_stop_patience": 5,
    "metrics_json": "results/week7_8/E2_mp_2.json",
    "result_tag": "E2_mp_2",
    "use_attention": true
  }
}