{
  "tag": "F3_dp_005",
  "alias": "F3_dp_005",
  "dataset": "100k",
  "num_round_requested": 20,
  "num_round_actual": 20,
  "best_round": 18,
  "best_test_hr": 0.36585365853658536,
  "best_test_ndcg": 0.19558289167185422,
  "best_val_hr": 0.42948038176033937,
  "hr_list": [
    0.11770943796394485,
    0.12937433722163308,
    0.14316012725344646,
    0.1537645811240721,
    0.15058324496288442,
    0.1919406150583245,
    0.22693531283138918,
    0.25344644750795337,
    0.2831389183457052,
    0.30965005302226933,
    0.3361611876988335,
    0.3404029692470838,
    0.33085896076352067,
    0.34994697773064687,
    0.35737009544008486,
    0.352067868504772,
    0.3669141039236479,
    0.383881230116649,
    0.36585365853658536,
    0.3743372216330859
  ],
  "ndcg_list": [
    0.05345868085007483,
    0.05684928439067247,
    0.06736258633452696,
    0.07793990835751943,
    0.07938697511028396,
    0.1072686572360134,
    0.12708056066756082,
    0.1410701478184559,
    0.15462028488378926,
    0.1609093260301714,
    0.17639398131333942,
    0.18009326548635482,
    0.17278126744744407,
    0.1848347714880407,
    0.18618839491240166,
    0.19325291388267876,
    0.19432960010918685,
    0.20670638965303273,
    0.19558289167185422,
    0.20665032180008294
  ],
  "val_hr_list": [
    0.10180275715800637,
    0.0975609756097561,
    0.11452810180275716,
    0.12301166489925769,
    0.1357370095440085,
    0.1951219512195122,
    0.21951219512195122,
    0.2788971367974549,
    0.28525980911983034,
    0.31919406150583246,
    0.3329798515376458,
    0.3457051961823966,
    0.3860021208907741,
    0.3743372216330859,
    0.3870625662778367,
    0.41569459172852596,
    0.41039236479321317,
    0.41569459172852596,
    0.42948038176033937,
    0.42311770943796395
  ],
  "val_ndcg_list": [
    0.04602956683499871,
    0.04791784011108432,
    0.053639998929322356,
    0.06453322812337724,
    0.07987908599497373,
    0.10944116223409182,
    0.11756242869640109,
    0.1473873293182425,
    0.1552600401466783,
    0.17125175347772167,
    0.17918404014539438,
    0.17898168141502374,
    0.1968700416090756,
    0.20572599924005414,
    0.20662914853275402,
    0.2168760610209066,
    0.21997713847152675,
    0.22206073945374652,
    0.22731998156499392,
    0.22947613006205986
  ],
  "config": {
    "alias": "F3_dp_005",
    "clients_sample_ratio": 1,
    "clients_sample_num": 0,
    "num_round": 20,
    "local_epoch": 1,
    "neighborhood_size": 0,
    "neighborhood_threshold": 1.0,
    "mp_layers": 1,
    "similarity_metric": "cosine",
    "reg": 1.0,
    "lr_eta": 80,
    "batch_size": 256,
    "optimizer": "sgd",
    "lr": 0.1,
    "dataset": "100k",
    "num_users": 943,
    "num_items": 1682,
    "latent_dim": 32,
    "num_negative": 12,
    "layers": [
      96,
      32,
      16,
      8
    ],
    "l2_regularization": 0.0,
    "dp": 0.05,
    "use_cuda": false,
    "device_id": 0,
    "model_dir": "checkpoints/{}_Epoch{}_HR{:.4f}_NDCG{:.4f}.model",
    "alpha": 0.5,
    "no_attention": false,
    "no_graph": false,
    "lr_u": null,
    "lr_i": null,
    "seed": 42,
    "early_stop_patience": 5,
    "metrics_json": "results/week7_8/F3_dp_005.json",
    "result_tag": "F3_dp_005",
    "use_attention": true
  }
}