{
  "tag": "A0_no_graph",
  "alias": "A0_no_graph",
  "dataset": "100k",
  "num_round_requested": 20,
  "num_round_actual": 20,
  "best_round": 19,
  "best_test_hr": 0.43160127253446445,
  "best_test_ndcg": 0.24175845081716263,
  "best_val_hr": 0.4814422057264051,
  "hr_list": [
    0.11770943796394485,
    0.11664899257688228,
    0.1420996818663839,
    0.13361611876988336,
    0.16967126193001061,
    0.18451749734888653,
    0.2142099681866384,
    0.271474019088017,
    0.29374337221633084,
    0.34676564156945916,
    0.3372216330858961,
    0.3584305408271474,
    0.3902439024390244,
    0.391304347826087,
    0.4146341463414634,
    0.39236479321314954,
    0.4220572640509014,
    0.42629904559915166,
    0.4188759278897137,
    0.43160127253446445
  ],
  "ndcg_list": [
    0.05345868085007483,
    0.05115694199963698,
    0.06331602983411318,
    0.06661572535659853,
    0.09235556668414978,
    0.10476056440657823,
    0.12650463989720914,
    0.1601512952367226,
    0.17596456741071292,
    0.1931909083046769,
    0.1921878992566705,
    0.20581292824630004,
    0.21831067999970896,
    0.220239810635539,
    0.23148966388526912,
    0.21751960022588426,
    0.2361203102108249,
    0.23310890422243433,
    0.2317975782230665,
    0.24175845081716263
  ],
  "val_hr_list": [
    0.10180275715800637,
    0.10286320254506894,
    0.11134676564156946,
    0.1283138918345705,
    0.1537645811240721,
    0.19300106044538706,
    0.24072110286320256,
    0.26617179215270415,
    0.2990455991516437,
    0.344644750795334,
    0.3828207847295864,
    0.391304347826087,
    0.41675503711558853,
    0.42311770943796395,
    0.432661717921527,
    0.4443266171792153,
    0.46553552492046657,
    0.47932131495228,
    0.4708377518557794,
    0.4814422057264051
  ],
  "val_ndcg_list": [
    0.04602956683499871,
    0.04868328197403177,
    0.053442222568817144,
    0.0669658512288146,
    0.08027005790689652,
    0.1019858094325046,
    0.13594288650871228,
    0.15358625262306783,
    0.167622182925551,
    0.1890996931299806,
    0.20588525958912265,
    0.21528275635102312,
    0.2289108606822566,
    0.235428082134489,
    0.2414930497501728,
    0.24068391531533898,
    0.25255186176408057,
    0.25447224214014513,
    0.2543852659559536,
    0.26116416393770864
  ],
  "config": {
    "alias": "A0_no_graph",
    "clients_sample_ratio": 1,
    "clients_sample_num": 0,
    "num_round": 20,
    "local_epoch": 1,
    "neighborhood_size": 0,
    "neighborhood_threshold": 1.0,
    "mp_layers": 1,
    "similarity_metric": "cosine",
    "reg": 1.0,
    "lr_eta": 80,
    "batch_size": 256,
    "optimizer": "sgd",
    "lr": 0.1,
    "dataset": "100k",
    "num_users": 943,
    "num_items": 1682,
    "latent_dim": 32,
    "num_negative": 12,
    "layers": [
      96,
      32,
      16,
      8
    ],
    "l2_regularization": 0.0,
    "dp": 0.0,
    "use_cuda": false,
    "device_id": 0,
    "model_dir": "checkpoints/{}_Epoch{}_HR{:.4f}_NDCG{:.4f}.model",
    "alpha": 0.5,
    "no_attention": false,
    "no_graph": true,
    "lr_u": null,
    "lr_i": null,
    "seed": 42,
    "early_stop_patience": 5,
    "metrics_json": "results/week7_8/A0_no_graph.json",
    "result_tag": "A0_no_graph",
    "use_attention": true
  }
}