{
  "tag": "A1_alpha_1.0",
  "alias": "A1_alpha_1.0",
  "dataset": "100k",
  "num_round_requested": 20,
  "num_round_actual": 20,
  "best_round": 17,
  "best_test_hr": 0.41675503711558853,
  "best_test_ndcg": 0.2235797933409512,
  "best_val_hr": 0.4740190880169671,
  "hr_list": [
    0.11770943796394485,
    0.12725344644750794,
    0.1378579003181336,
    0.14634146341463414,
    0.16118769883351008,
    0.20042417815482502,
    0.2258748674443266,
    0.264050901378579,
    0.2916224814422057,
    0.3425238600212089,
    0.3488865323435843,
    0.36903499469777307,
    0.37645811240721105,
    0.3722163308589608,
    0.3870625662778367,
    0.40084835630965004,
    0.3944856839872747,
    0.41675503711558853,
    0.40721102863202546,
    0.4284199363732768
  ],
  "ndcg_list": [
    0.05345868085007483,
    0.055473849904420156,
    0.06506709137296394,
    0.07357819069789606,
    0.09114999488045715,
    0.11058869736954759,
    0.12751940056461744,
    0.14679252225823247,
    0.1589415157093207,
    0.19178274437673679,
    0.1960700567435974,
    0.19646384952934987,
    0.19630629731843424,
    0.19553550570737044,
    0.20202548524172773,
    0.2121616573493205,
    0.21542633078967935,
    0.2235797933409512,
    0.21275723230002952,
    0.22893309679365156
  ],
  "val_hr_list": [
    0.10180275715800637,
    0.10286320254506894,
    0.11876988335100742,
    0.12407211028632026,
    0.13679745493107104,
    0.19406150583244963,
    0.2354188759278897,
    0.28207847295864263,
    0.3075291622481442,
    0.3361611876988335,
    0.35737009544008486,
    0.391304347826087,
    0.41675503711558853,
    0.4284199363732768,
    0.4496288441145281,
    0.43902439024390244,
    0.4623541887592789,
    0.4740190880169671,
    0.46129374337221635,
    0.471898197242842
  ],
  "val_ndcg_list": [
    0.04602956683499871,
    0.04911526126591783,
    0.05447033145341515,
    0.06652219305089896,
    0.0729851156489711,
    0.09957170645095048,
    0.1275091817856565,
    0.1540172667607208,
    0.17021060515205452,
    0.17959150698655088,
    0.1928204828772934,
    0.20849397475227785,
    0.22600555040804338,
    0.23358356278572054,
    0.23863697174323706,
    0.2402077529529447,
    0.2433946941420205,
    0.24437516442352158,
    0.2441624563915802,
    0.2476747409048918
  ],
  "config": {
    "alias": "A1_alpha_1.0",
    "clients_sample_ratio": 1,
    "clients_sample_num": 0,
    "num_round": 20,
    "local_epoch": 1,
    "neighborhood_size": 0,
    "neighborhood_threshold": 1.0,
    "mp_layers": 1,
    "similarity_metric": "cosine",
    "reg": 1.0,
    "lr_eta": 80,
    "batch_size": 256,
    "optimizer": "sgd",
    "lr": 0.1,
    "dataset": "100k",
    "num_users": 943,
    "num_items": 1682,
    "latent_dim": 32,
    "num_negative": 12,
    "layers": [
      96,
      32,
      16,
      8
    ],
    "l2_regularization": 0.0,
    "dp": 0.0,
    "use_cuda": false,
    "device_id": 0,
    "model_dir": "checkpoints/{}_Epoch{}_HR{:.4f}_NDCG{:.4f}.model",
    "alpha": 1.0,
    "no_attention": false,
    "no_graph": false,
    "lr_u": null,
    "lr_i": null,
    "seed": 42,
    "early_stop_patience": 5,
    "metrics_json": "results/week7_8/A1_alpha_1.0.json",
    "result_tag": "A1_alpha_1.0",
    "use_attention": true
  }
}