{
  "tag": "A4_alpha_0.3",
  "alias": "A4_alpha_0.3",
  "dataset": "100k",
  "num_round_requested": 20,
  "num_round_actual": 20,
  "best_round": 19,
  "best_test_hr": 0.4284199363732768,
  "best_test_ndcg": 0.22680592076190526,
  "best_val_hr": 0.4941675503711559,
  "hr_list": [
    0.11770943796394485,
    0.12937433722163308,
    0.14952279957582185,
    0.14528101802757157,
    0.17073170731707318,
    0.2014846235418876,
    0.22693531283138918,
    0.2735949098621421,
    0.30965005302226933,
    0.35100742311770944,
    0.3531283138918346,
    0.3743372216330859,
    0.3828207847295864,
    0.39660657476139977,
    0.4135737009544008,
    0.3955461293743372,
    0.4146341463414634,
    0.4220572640509014,
    0.41569459172852596,
    0.4284199363732768
  ],
  "ndcg_list": [
    0.05345868085007483,
    0.05559498686273581,
    0.07152060484954671,
    0.0744712240019854,
    0.08971094036734098,
    0.11390606444986995,
    0.12908569450085344,
    0.1499462888818679,
    0.17337977586163622,
    0.19200104360754594,
    0.19391328484361617,
    0.2054300712531608,
    0.21356071656002423,
    0.21592205556152888,
    0.21975228362225124,
    0.21080590010335123,
    0.22133382092741594,
    0.23106315646737616,
    0.22364964406363885,
    0.22680592076190526
  ],
  "val_hr_list": [
    0.10180275715800637,
    0.10392364793213149,
    0.11346765641569459,
    0.13997879109225875,
    0.16012725344644752,
    0.18875927889713678,
    0.24814422057264052,
    0.2926829268292683,
    0.3255567338282078,
    0.3584305408271474,
    0.3944856839872747,
    0.4220572640509014,
    0.43584305408271473,
    0.44220572640509015,
    0.45068928950159065,
    0.44750795334040294,
    0.46447507953340406,
    0.4899257688229056,
    0.47613997879109227,
    0.4941675503711559
  ],
  "val_ndcg_list": [
    0.04602956683499871,
    0.050114862492180015,
    0.05255386748031204,
    0.07446593620890858,
    0.08097589225212806,
    0.10093600074287488,
    0.13604614623465516,
    0.16251221097274596,
    0.1761549245901803,
    0.19638109700858689,
    0.20823438999414146,
    0.22708756462554996,
    0.22784591359768047,
    0.24127001024418285,
    0.24294154819912295,
    0.24125377168053386,
    0.2535677564016366,
    0.26426141452853696,
    0.2550988806221594,
    0.2559825354184094
  ],
  "config": {
    "alias": "A4_alpha_0.3",
    "clients_sample_ratio": 1,
    "clients_sample_num": 0,
    "num_round": 20,
    "local_epoch": 1,
    "neighborhood_size": 0,
    "neighborhood_threshold": 1.0,
    "mp_layers": 1,
    "similarity_metric": "cosine",
    "reg": 1.0,
    "lr_eta": 80,
    "batch_size": 256,
    "optimizer": "sgd",
    "lr": 0.1,
    "dataset": "100k",
    "num_users": 943,
    "num_items": 1682,
    "latent_dim": 32,
    "num_negative": 12,
    "layers": [
      96,
      32,
      16,
      8
    ],
    "l2_regularization": 0.0,
    "dp": 0.0,
    "use_cuda": false,
    "device_id": 0,
    "model_dir": "checkpoints/{}_Epoch{}_HR{:.4f}_NDCG{:.4f}.model",
    "alpha": 0.3,
    "no_attention": false,
    "no_graph": false,
    "lr_u": null,
    "lr_i": null,
    "seed": 42,
    "early_stop_patience": 5,
    "metrics_json": "results/week7_8/A4_alpha_0.3.json",
    "result_tag": "A4_alpha_0.3",
    "use_attention": true
  }
}