{
  "tag": "C2_sgd_eta10",
  "alias": "C2_sgd_eta10",
  "dataset": "100k",
  "num_round_requested": 20,
  "num_round_actual": 20,
  "best_round": 19,
  "best_test_hr": 0.432661717921527,
  "best_test_ndcg": 0.23223002429631703,
  "best_val_hr": 0.4623541887592789,
  "hr_list": [
    0.10180275715800637,
    0.11664899257688228,
    0.12407211028632026,
    0.13679745493107104,
    0.15270413573700956,
    0.16861081654294804,
    0.18451749734888653,
    0.2110286320254507,
    0.24072110286320256,
    0.2788971367974549,
    0.3075291622481442,
    0.3404029692470838,
    0.3679745493107105,
    0.3828207847295864,
    0.383881230116649,
    0.39660657476139977,
    0.4050901378579003,
    0.41251325556733826,
    0.4241781548250265,
    0.432661717921527
  ],
  "ndcg_list": [
    0.04690818498027906,
    0.05309908766263936,
    0.05944052795872007,
    0.06602344071423617,
    0.07581434798192457,
    0.08769360930019753,
    0.09748930907472611,
    0.113241505326783,
    0.12826421029212184,
    0.1505751831101732,
    0.1684275395544327,
    0.18566163570686417,
    0.2020500602294453,
    0.21385125898236287,
    0.2148540049010828,
    0.21675892313360978,
    0.2263074454958637,
    0.22806742516657008,
    0.23011025872237426,
    0.23223002429631703
  ],
  "val_hr_list": [
    0.09544008483563096,
    0.10604453870625663,
    0.13361611876988336,
    0.14316012725344646,
    0.1633085896076352,
    0.18663838812301167,
    0.21208907741251326,
    0.22375397667020147,
    0.2608695652173913,
    0.2873806998939555,
    0.32767762460233296,
    0.3711558854718982,
    0.3796394485683987,
    0.4241781548250265,
    0.4252386002120891,
    0.4284199363732768,
    0.43902439024390244,
    0.45493107104984093,
    0.4559915164369035,
    0.4623541887592789
  ],
  "val_ndcg_list": [
    0.04392055714406614,
    0.04789371126277422,
    0.05692481439626961,
    0.06651378142316666,
    0.07772010184004688,
    0.08849519447599791,
    0.10541282548383497,
    0.11957983767040753,
    0.1401529664179387,
    0.15788620214891447,
    0.18156698906266663,
    0.20381086626516096,
    0.2142835583147347,
    0.23365201345753345,
    0.23682409638391794,
    0.23974177902452948,
    0.24612825611662914,
    0.2550503319162447,
    0.2550461191421907,
    0.2554578384878614
  ],
  "config": {
    "alias": "C2_sgd_eta10",
    "clients_sample_ratio": 1,
    "clients_sample_num": 0,
    "num_round": 20,
    "local_epoch": 1,
    "neighborhood_size": 0,
    "neighborhood_threshold": 1.0,
    "mp_layers": 1,
    "similarity_metric": "cosine",
    "reg": 1.0,
    "lr_eta": 10,
    "batch_size": 256,
    "optimizer": "sgd",
    "lr": 0.1,
    "dataset": "100k",
    "num_users": 943,
    "num_items": 1682,
    "latent_dim": 32,
    "num_negative": 12,
    "layers": [
      96,
      32,
      16,
      8
    ],
    "l2_regularization": 0.0,
    "dp": 0.0,
    "use_cuda": false,
    "device_id": 0,
    "model_dir": "checkpoints/{}_Epoch{}_HR{:.4f}_NDCG{:.4f}.model",
    "alpha": 0.5,
    "no_attention": false,
    "no_graph": false,
    "lr_u": null,
    "lr_i": null,
    "seed": 42,
    "early_stop_patience": 5,
    "metrics_json": "results/week7_8/C2_sgd_eta10.json",
    "result_tag": "C2_sgd_eta10",
    "use_attention": true
  }
}