{
  "tag": "C4_adam_001",
  "alias": "C4_adam_001",
  "dataset": "100k",
  "num_round_requested": 20,
  "num_round_actual": 20,
  "best_round": 19,
  "best_test_hr": 0.2014846235418876,
  "best_test_ndcg": 0.10646589871314639,
  "best_val_hr": 0.19618239660657477,
  "hr_list": [
    0.10922587486744433,
    0.1102863202545069,
    0.11664899257688228,
    0.10816542948038176,
    0.11876988335100742,
    0.11134676564156946,
    0.11134676564156946,
    0.12089077412513255,
    0.1283138918345705,
    0.1357370095440085,
    0.1420996818663839,
    0.1474019088016967,
    0.15588547189819724,
    0.15906680805938495,
    0.16012725344644752,
    0.1633085896076352,
    0.17073170731707318,
    0.17497348886532343,
    0.18663838812301167,
    0.2014846235418876
  ],
  "ndcg_list": [
    0.0469352994990853,
    0.05131395233881209,
    0.0551157033374876,
    0.05404184443363771,
    0.05534206315565705,
    0.051614227926353215,
    0.05173398809083151,
    0.05471055404678342,
    0.05790433399226982,
    0.06157412822481249,
    0.06456921692849595,
    0.0672584157709396,
    0.07389247346225526,
    0.07893548304705993,
    0.08333340659975473,
    0.08590736977101754,
    0.08996359413735648,
    0.09448644017896389,
    0.10205095292764525,
    0.10646589871314639
  ],
  "val_hr_list": [
    0.0911983032873807,
    0.0975609756097561,
    0.0975609756097561,
    0.10498409331919406,
    0.11770943796394485,
    0.12195121951219512,
    0.12195121951219512,
    0.12089077412513255,
    0.12937433722163308,
    0.13149522799575822,
    0.13997879109225875,
    0.14103923647932132,
    0.14422057264050903,
    0.15270413573700956,
    0.15588547189819724,
    0.1633085896076352,
    0.17179215270413573,
    0.176033934252386,
    0.19088016967126192,
    0.19618239660657477
  ],
  "val_ndcg_list": [
    0.04499819500561384,
    0.047537210181805824,
    0.04447397565628545,
    0.04530270543638007,
    0.049856446470897084,
    0.05353741436456379,
    0.05360538885771645,
    0.052418641669055924,
    0.05656026159644102,
    0.05882614013068493,
    0.06343827288038059,
    0.06450198309472042,
    0.06791723046656645,
    0.07269878283151464,
    0.0763303648766168,
    0.08056689936573767,
    0.08316014648167117,
    0.08610187949507915,
    0.08953294779232875,
    0.09438922799591633
  ],
  "config": {
    "alias": "C4_adam_001",
    "clients_sample_ratio": 1,
    "clients_sample_num": 0,
    "num_round": 20,
    "local_epoch": 1,
    "neighborhood_size": 0,
    "neighborhood_threshold": 1.0,
    "mp_layers": 1,
    "similarity_metric": "cosine",
    "reg": 1.0,
    "lr_eta": 80,
    "batch_size": 256,
    "optimizer": "adam",
    "lr": 0.001,
    "dataset": "100k",
    "num_users": 943,
    "num_items": 1682,
    "latent_dim": 32,
    "num_negative": 12,
    "layers": [
      96,
      32,
      16,
      8
    ],
    "l2_regularization": 0.0,
    "dp": 0.0,
    "use_cuda": false,
    "device_id": 0,
    "model_dir": "checkpoints/{}_Epoch{}_HR{:.4f}_NDCG{:.4f}.model",
    "alpha": 0.5,
    "no_attention": false,
    "no_graph": false,
    "lr_u": 0.01,
    "lr_i": 0.01,
    "seed": 42,
    "early_stop_patience": 5,
    "metrics_json": "results/week7_8/C4_adam_001.json",
    "result_tag": "C4_adam_001",
    "use_attention": true
  }
}