{
  "tag": "C5_adam_all_001",
  "alias": "C5_adam_all_001",
  "dataset": "100k",
  "num_round_requested": 20,
  "num_round_actual": 18,
  "best_round": 12,
  "best_test_hr": 0.10286320254506894,
  "best_test_ndcg": 0.046380916800672856,
  "best_val_hr": 0.11134676564156946,
  "hr_list": [
    0.10816542948038176,
    0.10180275715800637,
    0.10286320254506894,
    0.10392364793213149,
    0.0975609756097561,
    0.10498409331919406,
    0.1007423117709438,
    0.09650053022269353,
    0.09544008483563096,
    0.10286320254506894,
    0.10392364793213149,
    0.0975609756097561,
    0.10286320254506894,
    0.10816542948038176,
    0.11134676564156946,
    0.1071049840933192,
    0.10180275715800637,
    0.10180275715800637
  ],
  "ndcg_list": [
    0.04659110540240603,
    0.04685673545221899,
    0.04821325709360527,
    0.04809490700974466,
    0.04583372522088279,
    0.04730213734434567,
    0.04446819860833414,
    0.04270174277056903,
    0.04268245329572932,
    0.04483383180112255,
    0.044818846800848425,
    0.042867606527295855,
    0.046380916800672856,
    0.0498877206832012,
    0.04977056978938781,
    0.04924334754030733,
    0.049631301739197844,
    0.049431750055864164
  ],
  "val_hr_list": [
    0.08695652173913043,
    0.0975609756097561,
    0.09650053022269353,
    0.09225874867444327,
    0.08483563096500531,
    0.09650053022269353,
    0.09968186638388123,
    0.09544008483563096,
    0.09225874867444327,
    0.09862142099681867,
    0.10392364793213149,
    0.10286320254506894,
    0.11134676564156946,
    0.10816542948038176,
    0.10392364793213149,
    0.10392364793213149,
    0.10604453870625663,
    0.10498409331919406
  ],
  "val_ndcg_list": [
    0.04249539351369857,
    0.0456862213816337,
    0.04228533227448955,
    0.041534980955608175,
    0.03746381820640396,
    0.041219344801227076,
    0.04407840238205108,
    0.04289510441237978,
    0.0416673536976535,
    0.04398686101937722,
    0.04610203517565,
    0.04632150638038612,
    0.048607903794545965,
    0.04653078451664865,
    0.04454669543151971,
    0.044856162855499274,
    0.045628598098008476,
    0.045982316901600075
  ],
  "config": {
    "alias": "C5_adam_all_001",
    "clients_sample_ratio": 1,
    "clients_sample_num": 0,
    "num_round": 20,
    "local_epoch": 1,
    "neighborhood_size": 0,
    "neighborhood_threshold": 1.0,
    "mp_layers": 1,
    "similarity_metric": "cosine",
    "reg": 1.0,
    "lr_eta": 80,
    "batch_size": 256,
    "optimizer": "adam",
    "lr": 0.001,
    "dataset": "100k",
    "num_users": 943,
    "num_items": 1682,
    "latent_dim": 32,
    "num_negative": 12,
    "layers": [
      96,
      32,
      16,
      8
    ],
    "l2_regularization": 0.0,
    "dp": 0.0,
    "use_cuda": false,
    "device_id": 0,
    "model_dir": "checkpoints/{}_Epoch{}_HR{:.4f}_NDCG{:.4f}.model",
    "alpha": 0.5,
    "no_attention": false,
    "no_graph": false,
    "lr_u": 0.001,
    "lr_i": 0.001,
    "seed": 42,
    "early_stop_patience": 5,
    "metrics_json": "results/week7_8/C5_adam_all_001.json",
    "result_tag": "C5_adam_all_001",
    "use_attention": true
  }
}