{
  "tag": "D1_no_attention",
  "alias": "D1_no_attention",
  "dataset": "100k",
  "num_round_requested": 20,
  "num_round_actual": 20,
  "best_round": 18,
  "best_test_hr": 0.4241781548250265,
  "best_test_ndcg": 0.23080111448235516,
  "best_val_hr": 0.4740190880169671,
  "hr_list": [
    0.11240721102863202,
    0.1325556733828208,
    0.14528101802757157,
    0.15588547189819724,
    0.1823966065747614,
    0.2513255567338282,
    0.2873806998939555,
    0.33510074231177095,
    0.3563096500530223,
    0.37857900318133614,
    0.3902439024390244,
    0.3944856839872747,
    0.4029692470837752,
    0.41039236479321317,
    0.41675503711558853,
    0.41675503711558853,
    0.42311770943796395,
    0.42311770943796395,
    0.4241781548250265,
    0.43160127253446445
  ],
  "ndcg_list": [
    0.051168858156742034,
    0.060027245523978284,
    0.07146131753866142,
    0.07921649605243707,
    0.09747193188267067,
    0.13149783669608622,
    0.15937718685610233,
    0.18039852938057593,
    0.1973491999826622,
    0.2073909743304486,
    0.21051570033273076,
    0.21218961351914017,
    0.2208308747986127,
    0.22517808858452645,
    0.2280772951574753,
    0.22767035205418074,
    0.22827257891130975,
    0.22916760336063113,
    0.23080111448235516,
    0.2327094181399581
  ],
  "val_hr_list": [
    0.1102863202545069,
    0.12089077412513255,
    0.15270413573700956,
    0.17815482502651114,
    0.20784729586426298,
    0.2651113467656416,
    0.3138918345705196,
    0.35418875927889715,
    0.3860021208907741,
    0.4050901378579003,
    0.40827147401908803,
    0.4209968186638388,
    0.42629904559915166,
    0.44220572640509015,
    0.43796394485683987,
    0.4676564156945917,
    0.46553552492046657,
    0.46447507953340406,
    0.4740190880169671,
    0.4687168610816543
  ],
  "val_ndcg_list": [
    0.04880352675512839,
    0.05659072867862429,
    0.07409472022050562,
    0.08918664032035374,
    0.11176904040217614,
    0.14322593807862746,
    0.17288174949582252,
    0.19048619577700895,
    0.2143565074792397,
    0.21733379413061085,
    0.22578832626701842,
    0.23308289231291732,
    0.22829185170354319,
    0.24000347590527862,
    0.23736649455549694,
    0.2498837407561947,
    0.25112240889287524,
    0.249520644967077,
    0.2572067742231199,
    0.25814989041090713
  ],
  "config": {
    "alias": "D1_no_attention",
    "clients_sample_ratio": 1,
    "clients_sample_num": 0,
    "num_round": 20,
    "local_epoch": 1,
    "neighborhood_size": 0,
    "neighborhood_threshold": 1.0,
    "mp_layers": 1,
    "similarity_metric": "cosine",
    "reg": 1.0,
    "lr_eta": 80,
    "batch_size": 256,
    "optimizer": "sgd",
    "lr": 0.1,
    "dataset": "100k",
    "num_users": 943,
    "num_items": 1682,
    "latent_dim": 32,
    "num_negative": 12,
    "layers": [
      64,
      32,
      16,
      8
    ],
    "l2_regularization": 0.0,
    "dp": 0.0,
    "use_cuda": false,
    "device_id": 0,
    "model_dir": "checkpoints/{}_Epoch{}_HR{:.4f}_NDCG{:.4f}.model",
    "alpha": 0.5,
    "no_attention": true,
    "no_graph": false,
    "lr_u": null,
    "lr_i": null,
    "seed": 42,
    "early_stop_patience": 5,
    "metrics_json": "results/week7_8/D1_no_attention.json",
    "result_tag": "D1_no_attention",
    "use_attention": false
  }
}