{
  "tag": "E3_mp_3",
  "alias": "E3_mp_3",
  "dataset": "100k",
  "num_round_requested": 20,
  "num_round_actual": 20,
  "best_round": 19,
  "best_test_hr": 0.432661717921527,
  "best_test_ndcg": 0.22846563912196668,
  "best_val_hr": 0.4878048780487805,
  "hr_list": [
    0.11770943796394485,
    0.12089077412513255,
    0.15270413573700956,
    0.14316012725344646,
    0.17391304347826086,
    0.1823966065747614,
    0.22481442205726404,
    0.28207847295864263,
    0.3022269353128314,
    0.33828207847295866,
    0.3605514316012725,
    0.3860021208907741,
    0.3934252386002121,
    0.40402969247083775,
    0.3987274655355249,
    0.3955461293743372,
    0.41145281018027574,
    0.41675503711558853,
    0.4178154825026511,
    0.432661717921527
  ],
  "ndcg_list": [
    0.05345868085007483,
    0.052035295765698264,
    0.07314493226040249,
    0.07039594567953904,
    0.09054445497732956,
    0.10290198097503937,
    0.1276801362947701,
    0.15437042921629046,
    0.16902475212535537,
    0.18895449577863685,
    0.19267016184402624,
    0.20488737035699983,
    0.20754577817414505,
    0.2126499336938973,
    0.2110821261419013,
    0.21065782670464628,
    0.2200629772459659,
    0.2185615108209433,
    0.21757420644506872,
    0.22846563912196668
  ],
  "val_hr_list": [
    0.10180275715800637,
    0.10498409331919406,
    0.12301166489925769,
    0.1357370095440085,
    0.14528101802757157,
    0.18769883351007424,
    0.23223753976670203,
    0.28207847295864263,
    0.3064687168610817,
    0.3647932131495228,
    0.38176033934252385,
    0.41145281018027574,
    0.42948038176033937,
    0.43796394485683987,
    0.43160127253446445,
    0.44750795334040294,
    0.4602332979851538,
    0.46129374337221635,
    0.46977730646871685,
    0.4878048780487805
  ],
  "val_ndcg_list": [
    0.04602956683499871,
    0.04998539674387298,
    0.05542950869151677,
    0.06754200382736962,
    0.08164276324818363,
    0.09990855639166249,
    0.12531031198145612,
    0.15263207371750043,
    0.17075873836138616,
    0.19168981544180894,
    0.20720403590637215,
    0.22151073530935333,
    0.229270030827066,
    0.2352577281694712,
    0.23244297340434403,
    0.24241919331086928,
    0.24704209150407277,
    0.24627964058282154,
    0.24949620605308206,
    0.2609970561475666
  ],
  "config": {
    "alias": "E3_mp_3",
    "clients_sample_ratio": 1,
    "clients_sample_num": 0,
    "num_round": 20,
    "local_epoch": 1,
    "neighborhood_size": 0,
    "neighborhood_threshold": 1.0,
    "mp_layers": 3,
    "similarity_metric": "cosine",
    "reg": 1.0,
    "lr_eta": 80,
    "batch_size": 256,
    "optimizer": "sgd",
    "lr": 0.1,
    "dataset": "100k",
    "num_users": 943,
    "num_items": 1682,
    "latent_dim": 32,
    "num_negative": 12,
    "layers": [
      96,
      32,
      16,
      8
    ],
    "l2_regularization": 0.0,
    "dp": 0.0,
    "use_cuda": false,
    "device_id": 0,
    "model_dir": "checkpoints/{}_Epoch{}_HR{:.4f}_NDCG{:.4f}.model",
    "alpha": 0.5,
    "no_attention": false,
    "no_graph": false,
    "lr_u": null,
    "lr_i": null,
    "seed": 42,
    "early_stop_patience": 5,
    "metrics_json": "results/week7_8/E3_mp_3.json",
    "result_tag": "E3_mp_3",
    "use_attention": true
  }
}