{
  "tag": "F2_dp_001",
  "alias": "F2_dp_001",
  "dataset": "100k",
  "num_round_requested": 20,
  "num_round_actual": 20,
  "best_round": 19,
  "best_test_hr": 0.4369034994697773,
  "best_test_ndcg": 0.2436659567404201,
  "best_val_hr": 0.47932131495228,
  "hr_list": [
    0.11770943796394485,
    0.12725344644750794,
    0.14634146341463414,
    0.1537645811240721,
    0.16224814422057265,
    0.20890774125132555,
    0.23647932131495228,
    0.2704135737009544,
    0.3117709437963945,
    0.3361611876988335,
    0.34358430540827145,
    0.34676564156945916,
    0.40084835630965004,
    0.3902439024390244,
    0.40084835630965004,
    0.4050901378579003,
    0.4146341463414634,
    0.4209968186638388,
    0.43478260869565216,
    0.4369034994697773
  ],
  "ndcg_list": [
    0.05345868085007483,
    0.05530840411716063,
    0.06784157483576582,
    0.07718864185605973,
    0.0900425311307775,
    0.11561693913051752,
    0.13447000410922857,
    0.15052689443240913,
    0.16389342123964426,
    0.18373212798830393,
    0.1865821613107118,
    0.18728713316415577,
    0.20922981936366825,
    0.20413596762034594,
    0.21433764783688802,
    0.21632837456580362,
    0.22439994024319887,
    0.22936881865333722,
    0.23050009313234654,
    0.2436659567404201
  ],
  "val_hr_list": [
    0.10180275715800637,
    0.10286320254506894,
    0.11558854718981973,
    0.1283138918345705,
    0.14316012725344646,
    0.19300106044538706,
    0.23966065747614,
    0.2799575821845175,
    0.31919406150583246,
    0.35949098621421,
    0.3806998939554613,
    0.3944856839872747,
    0.42735949098621423,
    0.4220572640509014,
    0.42735949098621423,
    0.44538706256627786,
    0.4634146341463415,
    0.4708377518557794,
    0.46447507953340406,
    0.47932131495228
  ],
  "val_ndcg_list": [
    0.04602956683499871,
    0.04902026419996336,
    0.05371975301542825,
    0.07258077972408884,
    0.08275794358416574,
    0.10136189115220803,
    0.1282680811778577,
    0.1538448355096435,
    0.1727002811921899,
    0.1910205785235479,
    0.20432906540935486,
    0.2066857690617534,
    0.22933350299921917,
    0.22967909231023945,
    0.23531203286856128,
    0.23535185422966953,
    0.24839401093068508,
    0.2511026465260941,
    0.2534668184013964,
    0.2624345846753657
  ],
  "config": {
    "alias": "F2_dp_001",
    "clients_sample_ratio": 1,
    "clients_sample_num": 0,
    "num_round": 20,
    "local_epoch": 1,
    "neighborhood_size": 0,
    "neighborhood_threshold": 1.0,
    "mp_layers": 1,
    "similarity_metric": "cosine",
    "reg": 1.0,
    "lr_eta": 80,
    "batch_size": 256,
    "optimizer": "sgd",
    "lr": 0.1,
    "dataset": "100k",
    "num_users": 943,
    "num_items": 1682,
    "latent_dim": 32,
    "num_negative": 12,
    "layers": [
      96,
      32,
      16,
      8
    ],
    "l2_regularization": 0.0,
    "dp": 0.01,
    "use_cuda": false,
    "device_id": 0,
    "model_dir": "checkpoints/{}_Epoch{}_HR{:.4f}_NDCG{:.4f}.model",
    "alpha": 0.5,
    "no_attention": false,
    "no_graph": false,
    "lr_u": null,
    "lr_i": null,
    "seed": 42,
    "early_stop_patience": 5,
    "metrics_json": "results/week7_8/F2_dp_001.json",
    "result_tag": "F2_dp_001",
    "use_attention": true
  }
}