{
  "tag": "C1_r0.1_mp2",
  "alias": "C1_r0.1_mp2",
  "dataset": "100k",
  "num_round_requested": 30,
  "num_round_actual": 30,
  "best_round": 27,
  "best_test_hr": 0.679745493107105,
  "best_test_ndcg": 0.4261559074406775,
  "best_val_hr": 0.7147401908801697,
  "hr_list": [
    0.19406150583244963,
    0.28207847295864263,
    0.41145281018027574,
    0.5111346765641569,
    0.5365853658536586,
    0.5440084835630965,
    0.5482502651113468,
    0.5588547189819725,
    0.5694591728525981,
    0.5694591728525981,
    0.5726405090137858,
    0.5779427359490986,
    0.5821845174973489,
    0.584305408271474,
    0.5906680805938495,
    0.584305408271474,
    0.6139978791092259,
    0.6055143160127253,
    0.6139978791092259,
    0.6182396606574762,
    0.6097560975609756,
    0.6383881230116649,
    0.647932131495228,
    0.6648992576882291,
    0.6702014846235419,
    0.6511134676564156,
    0.6595970307529162,
    0.679745493107105,
    0.679745493107105,
    0.6903499469777307
  ],
  "ndcg_list": [
    0.0924846088378273,
    0.15233376450186853,
    0.24446068826687173,
    0.31488350287376765,
    0.3310615886759449,
    0.33761977817191047,
    0.34483915526048997,
    0.34505920204440793,
    0.3451986267095176,
    0.34746784806092323,
    0.35101306599351295,
    0.3453433144403612,
    0.3532709259324296,
    0.35467471283522795,
    0.36069024329183447,
    0.3589116427743548,
    0.3747634194736068,
    0.3677194139297832,
    0.373972698433937,
    0.38466090226664884,
    0.3831331482940781,
    0.3907422637924682,
    0.40659588989558315,
    0.40490938471704,
    0.41589752881554,
    0.40645638634960085,
    0.40961595753802127,
    0.4261559074406775,
    0.4244916067454041,
    0.4315649797245104
  ],
  "val_hr_list": [
    0.19724284199363734,
    0.2990455991516437,
    0.42948038176033937,
    0.5312831389183457,
    0.5673382820784729,
    0.5853658536585366,
    0.5864262990455992,
    0.5959703075291622,
    0.6076352067868505,
    0.591728525980912,
    0.6129374337221634,
    0.6076352067868505,
    0.616118769883351,
    0.6277836691410392,
    0.6044538706256628,
    0.6246023329798516,
    0.6341463414634146,
    0.647932131495228,
    0.6489925768822906,
    0.6532343584305408,
    0.6702014846235419,
    0.6744432661717922,
    0.672322375397667,
    0.6786850477200425,
    0.6998939554612937,
    0.7030752916224814,
    0.6850477200424178,
    0.7147401908801697,
    0.7104984093319194,
    0.711558854718982
  ],
  "val_ndcg_list": [
    0.09510213909136357,
    0.16500506335286827,
    0.25334557549565145,
    0.33135976503442366,
    0.3573245403952112,
    0.3689858572387474,
    0.36963036760296075,
    0.36813690270691424,
    0.3676220812118346,
    0.36349089140670116,
    0.3787244578926315,
    0.3750930381798627,
    0.37935515880622994,
    0.3833383613046144,
    0.3861323395863175,
    0.3936224113293108,
    0.40114213318928427,
    0.40643419222134614,
    0.413841210692768,
    0.40760157021919297,
    0.4208342194630983,
    0.4294553748700603,
    0.43274801155228815,
    0.4369284269166525,
    0.44862804095760206,
    0.4526947585408995,
    0.43993758729731064,
    0.45973956948046335,
    0.4611061231108987,
    0.46850667475983976
  ],
  "upload_bytes_per_round": [
    214732416,
    214732416,
    214732416,
    214732416,
    214732416,
    214732416,
    214732416,
    214732416,
    214732416,
    214732416,
    214732416,
    214732416,
    214732416,
    214732416,
    214732416,
    214732416,
    214732416,
    214732416,
    214732416,
    214732416,
    214732416,
    214732416,
    214732416,
    214732416,
    214732416,
    214732416,
    214732416,
    214732416,
    214732416,
    214732416
  ],
  "total_upload_bytes": 6441972480,
  "aggregate_stats_per_round": [
    {
      "avg_item_neighbors": 658.7147401908802,
      "avg_interest_neighbors": 675.0116648992577,
      "avg_trusted_neighbors": 555.0625662778367,
      "avg_union_neighbors": 778.6638388123012,
      "avg_false_neighbor_ratio": 0.28716021136351255,
      "isolated_nodes": 113.0,
      "mode": "intersection"
    },
    {
      "avg_item_neighbors": 645.236479321315,
      "avg_interest_neighbors": 591.1855779427359,
      "avg_trusted_neighbors": 476.80805938494166,
      "avg_union_neighbors": 759.6139978791092,
      "avg_false_neighbor_ratio": 0.37230216831677637,
      "isolated_nodes": 135.0,
      "mode": "intersection"
    },
    {
      "avg_item_neighbors": 624.882290562036,
      "avg_interest_neighbors": 562.4708377518558,
      "avg_trusted_neighbors": 435.0816542948038,
      "avg_union_neighbors": 752.271474019088,
      "avg_false_neighbor_ratio": 0.4216427588695672,
      "isolated_nodes": 141.0,
      "mode": "intersection"
    },
    {
      "avg_item_neighbors": 596.1463414634146,
      "avg_interest_neighbors": 562.3499469777306,
      "avg_trusted_neighbors": 413.40402969247083,
      "avg_union_neighbors": 745.0922587486745,
      "avg_false_neighbor_ratio": 0.44516397152380655,
      "isolated_nodes": 153.0,
      "mode": "intersection"
    },
    {
      "avg_item_neighbors": 568.0084835630965,
      "avg_interest_neighbors": 557.153764581124,
      "avg_trusted_neighbors": 390.5896076352068,
      "avg_union_neighbors": 734.5726405090138,
      "avg_false_neighbor_ratio": 0.46827640168499585,
      "isolated_nodes": 160.0,
      "mode": "intersection"
    },
    {
      "avg_item_neighbors": 540.6744432661718,
      "avg_interest_neighbors": 581.3234358430541,
      "avg_trusted_neighbors": 399.19618239660656,
      "avg_union_neighbors": 722.8016967126193,
      "avg_false_neighbor_ratio": 0.4477099539027174,
      "isolated_nodes": 175.0,
      "mode": "intersection"
    },
    {
      "avg_item_neighbors": 524.8971367974549,
      "avg_interest_neighbors": 651.1283138918345,
      "avg_trusted_neighbors": 455.8006362672322,
      "avg_union_neighbors": 720.2248144220573,
      "avg_false_neighbor_ratio": 0.36714116600802155,
      "isolated_nodes": 175.0,
      "mode": "intersection"
    },
    {
      "avg_item_neighbors": 530.203605514316,
      "avg_interest_neighbors": 637.2534464475079,
      "avg_trusted_neighbors": 460.6892895015907,
      "avg_union_neighbors": 706.7677624602333,
      "avg_false_neighbor_ratio": 0.3481744443210769,
      "isolated_nodes": 188.0,
      "mode": "intersection"
    },
    {
      "avg_item_neighbors": 523.4697773064687,
      "avg_interest_neighbors": 621.3425238600212,
      "avg_trusted_neighbors": 439.8621420996819,
      "avg_union_neighbors": 704.950159066808,
      "avg_false_neighbor_ratio": 0.37603795609896984,
      "isolated_nodes": 176.0,
      "mode": "intersection"
    },
    {
      "avg_item_neighbors": 511.8663838812301,
      "avg_interest_neighbors": 606.9989395546129,
      "avg_trusted_neighbors": 427.0371155885472,
      "avg_union_neighbors": 691.8282078472959,
      "avg_false_neighbor_ratio": 0.38274110430200153,
      "isolated_nodes": 191.0,
      "mode": "intersection"
    },
    {
      "avg_item_neighbors": 516.3075291622481,
      "avg_interest_neighbors": 601.2046659597031,
      "avg_trusted_neighbors": 424.101802757158,
      "avg_union_neighbors": 693.4103923647932,
      "avg_false_neighbor_ratio": 0.3883826844434657,
      "isolated_nodes": 186.0,
      "mode": "intersection"
    },
    {
      "avg_item_neighbors": 501.82820784729586,
      "avg_interest_neighbors": 608.6341463414634,
      "avg_trusted_neighbors": 428.2948038176034,
      "avg_union_neighbors": 682.1675503711559,
      "avg_false_neighbor_ratio": 0.3721559995274249,
      "isolated_nodes": 189.0,
      "mode": "intersection"
    },
    {
      "avg_item_neighbors": 501.3764581124072,
      "avg_interest_neighbors": 607.9597030752916,
      "avg_trusted_neighbors": 421.5673382820785,
      "avg_union_neighbors": 687.7688229056204,
      "avg_false_neighbor_ratio": 0.3870508167248977,
      "isolated_nodes": 179.0,