{
  "tag": "C2_r0.1_mp2_lep2",
  "alias": "C2_r0.1_mp2_lep2",
  "dataset": "100k",
  "num_round_requested": 30,
  "num_round_actual": 30,
  "best_round": 29,
  "best_test_hr": 0.7401908801696713,
  "best_test_ndcg": 0.4528684375174889,
  "best_val_hr": 0.777306468716861,
  "hr_list": [
    0.2523860021208908,
    0.43796394485683987,
    0.584305408271474,
    0.6150583244962884,
    0.6182396606574762,
    0.6171792152704135,
    0.6256627783669141,
    0.6224814422057264,
    0.633085896076352,
    0.630965005302227,
    0.6299045599151644,
    0.6373276776246023,
    0.6458112407211029,
    0.6436903499469777,
    0.6489925768822906,
    0.6542948038176034,
    0.6595970307529162,
    0.6744432661717922,
    0.6850477200424178,
    0.679745493107105,
    0.6850477200424178,
    0.7051961823966065,
    0.6988335100742312,
    0.7136797454931071,
    0.7317073170731707,
    0.7253446447507953,
    0.735949098621421,
    0.7295864262990456,
    0.7624602332979852,
    0.7401908801696713
  ],
  "ndcg_list": [
    0.12792178582241584,
    0.26583737687237413,
    0.38142364662377615,
    0.4014625670288916,
    0.3927112599127309,
    0.3941698489878885,
    0.39933135485394605,
    0.4001404230734341,
    0.4048466188896225,
    0.40124414291912086,
    0.39847731316931617,
    0.388344228153642,
    0.3906300418881376,
    0.3935308332227678,
    0.3939705558670026,
    0.396089474881976,
    0.4003928103994499,
    0.40238244040341653,
    0.41538446323145667,
    0.416256636143319,
    0.4162873015329616,
    0.423034780610394,
    0.43179620413577563,
    0.4394594024993739,
    0.44255676453229786,
    0.4452838496503994,
    0.44822870650184427,
    0.44035691143514405,
    0.4578245243997742,
    0.4528684375174889
  ],
  "val_hr_list": [
    0.2799575821845175,
    0.4814422057264051,
    0.6224814422057264,
    0.6585365853658537,
    0.6574761399787911,
    0.6585365853658537,
    0.6680805938494168,
    0.6553552492046659,
    0.6500530222693531,
    0.6670201484623541,
    0.6755037115588547,
    0.6850477200424178,
    0.6670201484623541,
    0.6765641569459173,
    0.6776246023329798,
    0.6924708377518558,
    0.6977730646871686,
    0.7009544008483564,
    0.7104984093319194,
    0.71898197242842,
    0.7338282078472959,
    0.7412513255567338,
    0.7391304347826086,
    0.7454931071049841,
    0.7571580063626723,
    0.7497348886532343,
    0.7698833510074231,
    0.767762460233298,
    0.7698833510074231,
    0.777306468716861
  ],
  "val_ndcg_list": [
    0.14391304136836533,
    0.28767754432989223,
    0.4121695963631945,
    0.43516471690736086,
    0.427623635431592,
    0.42941650220442734,
    0.43042711649275955,
    0.43054616966700815,
    0.42209290325714893,
    0.42767530159155914,
    0.4270823584530201,
    0.4265132912878993,
    0.4284880436303551,
    0.4278435947926544,
    0.4293957376781001,
    0.43944658692082883,
    0.4211796641662864,
    0.45169880609293206,
    0.4374967858120255,
    0.4538486337563284,
    0.455326741672671,
    0.4618374448662026,
    0.46231194282587595,
    0.47657594495683453,
    0.47499022008596997,
    0.4740315197855869,
    0.4861606764206669,
    0.4996390027601518,
    0.4942861131055244,
    0.4939239649989863
  ],
  "upload_bytes_per_round": [
    214732416,
    214732416,
    214732416,
    214732416,
    214732416,
    214732416,
    214732416,
    214732416,
    214732416,
    214732416,
    214732416,
    214732416,
    214732416,
    214732416,
    214732416,
    214732416,
    214732416,
    214732416,
    214732416,
    214732416,
    214732416,
    214732416,
    214732416,
    214732416,
    214732416,
    214732416,
    214732416,
    214732416,
    214732416,
    214732416
  ],
  "total_upload_bytes": 6441972480,
  "aggregate_stats_per_round": [
    {
      "avg_item_neighbors": 595.9406150583245,
      "avg_interest_neighbors": 596.5450689289502,
      "avg_trusted_neighbors": 453.20466595970305,
      "avg_union_neighbors": 739.2810180275716,
      "avg_false_neighbor_ratio": 0.3869656397118521,
      "isolated_nodes": 148.0,
      "mode": "intersection"
    },
    {
      "avg_item_neighbors": 479.28950159066807,
      "avg_interest_neighbors": 579.0880169671262,
      "avg_trusted_neighbors": 352.06150583244965,
      "avg_union_neighbors": 706.3160127253446,
      "avg_false_neighbor_ratio": 0.501552422018569,
      "isolated_nodes": 191.0,
      "mode": "intersection"
    },
    {
      "avg_item_neighbors": 527.3425238600212,
      "avg_interest_neighbors": 574.016967126193,
      "avg_trusted_neighbors": 370.84835630965006,
      "avg_union_neighbors": 730.5111346765642,
      "avg_false_neighbor_ratio": 0.4923440058530467,
      "isolated_nodes": 178.0,
      "mode": "intersection"
    },
    {
      "avg_item_neighbors": 522.5493107104984,
      "avg_interest_neighbors": 637.1728525980913,
      "avg_trusted_neighbors": 432.30752916224816,
      "avg_union_neighbors": 727.4146341463414,
      "avg_false_neighbor_ratio": 0.40569310972196304,
      "isolated_nodes": 179.0,
      "mode": "intersection"
    },
    {
      "avg_item_neighbors": 512.3966065747614,
      "avg_interest_neighbors": 622.8101802757158,
      "avg_trusted_neighbors": 418.71474019088015,
      "avg_union_neighbors": 716.492046659597,
      "avg_false_neighbor_ratio": 0.41560448278107665,
      "isolated_nodes": 182.0,
      "mode": "intersection"
    },
    {
      "avg_item_neighbors": 495.7730646871686,
      "avg_interest_neighbors": 608.7062566277837,
      "avg_trusted_neighbors": 393.5037115588547,
      "avg_union_neighbors": 710.9756097560976,
      "avg_false_neighbor_ratio": 0.44652994257588186,
      "isolated_nodes": 180.0,
      "mode": "intersection"
    },
    {
      "avg_item_neighbors": 494.29904559915167,
      "avg_interest_neighbors": 613.4273594909862,
      "avg_trusted_neighbors": 394.2481442205726,
      "avg_union_neighbors": 713.4782608695652,
      "avg_false_neighbor_ratio": 0.44742795142759473,
      "isolated_nodes": 176.0,
      "mode": "intersection"
    },
    {
      "avg_item_neighbors": 490.8674443266172,
      "avg_interest_neighbors": 628.1039236479321,
      "avg_trusted_neighbors": 388.11876988335104,
      "avg_union_neighbors": 730.8525980911983,
      "avg_false_neighbor_ratio": 0.468950687324614,
      "isolated_nodes": 174.0,
      "mode": "intersection"
    },
    {
      "avg_item_neighbors": 492.7677624602333,
      "avg_interest_neighbors": 634.5747613997879,
      "avg_trusted_neighbors": 384.69777306468717,
      "avg_union_neighbors": 742.6447507953341,
      "avg_false_neighbor_ratio": 0.48198950756375,
      "isolated_nodes": 154.0,
      "mode": "intersection"
    },
    {
      "avg_item_neighbors": 493.18769883351007,
      "avg_interest_neighbors": 637.051961823966,
      "avg_trusted_neighbors": 380.78897136797457,
      "avg_union_neighbors": 749.4506892895016,
      "avg_false_neighbor_ratio": 0.49190923857982943,
      "isolated_nodes": 132.0,
      "mode": "intersection"
    },
    {
      "avg_item_neighbors": 495.0286320254507,
      "avg_interest_neighbors": 636.899257688229,
      "avg_trusted_neighbors": 368.4390243902439,
      "avg_union_neighbors": 763.4888653234358,
      "avg_false_neighbor_ratio": 0.5174271150186813,
      "isolated_nodes": 129.0,
      "mode": "intersection"
    },
    {
      "avg_item_neighbors": 489.7900318133616,
      "avg_interest_neighbors": 636.2163308589608,
      "avg_trusted_neighbors": 354.1845174973489,
      "avg_union_neighbors": 771.8218451749735,
      "avg_false_neighbor_ratio": 0.5411058656715597,
      "isolated_nodes": 105.0,
      "mode": "intersection"
    },
    {
      "avg_item_neighbors": 490.6405090137858,
      "avg_interest_neighbors": 634.4156945917285,
      "avg_trusted_neighbors": 350.475079533404,
      "avg_union_neighbors": 774.5811240721102,
      "avg_false_neighbor_ratio": 0.5475295373957806,
      "isolated_nodes": 99.0,