{
  "tag": "F1_r0.01_mp2_lep2",
  "alias": "F1_r0.01_mp2_lep2",
  "dataset": "100k",
  "num_round_requested": 30,
  "num_round_actual": 30,
  "best_round": 29,
  "best_test_hr": 0.7751855779427359,
  "best_test_ndcg": 0.4828343585085587,
  "best_val_hr": 0.7910922587486744,
  "hr_list": [
    0.2863202545068929,
    0.5005302226935313,
    0.5800636267232238,
    0.6065747613997879,
    0.6044538706256628,
    0.6055143160127253,
    0.6246023329798516,
    0.6182396606574762,
    0.6299045599151644,
    0.6256627783669141,
    0.6193001060445387,
    0.6362672322375398,
    0.6341463414634146,
    0.6489925768822906,
    0.6542948038176034,
    0.6850477200424178,
    0.6839872746553552,
    0.6903499469777307,
    0.7147401908801697,
    0.704135737009544,
    0.7433722163308589,
    0.7317073170731707,
    0.7327677624602333,
    0.7221633085896076,
    0.7423117709437964,
    0.7560975609756098,
    0.7582184517497349,
    0.76033934252386,
    0.7857900318133616,
    0.7751855779427359
  ],
  "ndcg_list": [
    0.148363117785391,
    0.30029353501468387,
    0.3514498578928232,
    0.3675524150508015,
    0.36009322243648484,
    0.36894013357108885,
    0.378197967952819,
    0.3838048032642913,
    0.39072254082978664,
    0.3886893543919257,
    0.3844322943783416,
    0.3904683774768508,
    0.3929034418344007,
    0.40124642621423046,
    0.4050951123473971,
    0.41046502218284464,
    0.423036342375211,
    0.41967503015129753,
    0.4383308359580829,
    0.4425302910659149,
    0.45543999460946794,
    0.4466327672558387,
    0.4548241265056748,
    0.4556307840798812,
    0.4652106333871029,
    0.4712119177518106,
    0.4767640507172226,
    0.4724262967580383,
    0.4916787733076138,
    0.4828343585085587
  ],
  "val_hr_list": [
    0.3170731707317073,
    0.5514316012725344,
    0.633085896076352,
    0.6373276776246023,
    0.6468716861081655,
    0.6468716861081655,
    0.662778366914104,
    0.6542948038176034,
    0.6564156945917285,
    0.672322375397667,
    0.6500530222693531,
    0.672322375397667,
    0.6606574761399788,
    0.689289501590668,
    0.6839872746553552,
    0.7083775185577943,
    0.6871686108165429,
    0.7285259809119831,
    0.7338282078472959,
    0.7370095440084835,
    0.7624602332979852,
    0.7571580063626723,
    0.7635206786850477,
    0.7518557794273595,
    0.7815482502651113,
    0.7730646871686108,
    0.782608695652174,
    0.7857900318133616,
    0.7879109225874867,
    0.7910922587486744
  ],
  "val_ndcg_list": [
    0.16599365730037854,
    0.32733482292657334,
    0.3958348898739432,
    0.40251448877608964,
    0.39757526666034115,
    0.4045842485744114,
    0.4081437215330586,
    0.4193760220299424,
    0.4099761007803511,
    0.42878456038249135,
    0.423167594241236,
    0.4287468806708006,
    0.4295552351074284,
    0.4375120782179142,
    0.43972559654282495,
    0.44906998580408775,
    0.43990367860660334,
    0.47331691365164485,
    0.4624273801902782,
    0.47952220121467987,
    0.4902718220185791,
    0.4934586575591287,
    0.493749497934068,
    0.5029018816555101,
    0.5090434006501714,
    0.5084198049644169,
    0.5209123421007649,
    0.5238170165274513,
    0.5219810117120852,
    0.5235198428599448
  ],
  "upload_bytes_per_round": [
    214732416,
    214732416,
    214732416,
    214732416,
    214732416,
    214732416,
    214732416,
    214732416,
    214732416,
    214732416,
    214732416,
    214732416,
    214732416,
    214732416,
    214732416,
    214732416,
    214732416,
    214732416,
    214732416,
    214732416,
    214732416,
    214732416,
    214732416,
    214732416,
    214732416,
    214732416,
    214732416,
    214732416,
    214732416,
    214732416
  ],
  "total_upload_bytes": 6441972480,
  "aggregate_stats_per_round": [
    {
      "avg_item_neighbors": 566.5005302226936,
      "avg_interest_neighbors": 594.1314952279957,
      "avg_trusted_neighbors": 455.2492046659597,
      "avg_union_neighbors": 705.3828207847296,
      "avg_false_neighbor_ratio": 0.35460690103070464,
      "isolated_nodes": 160.0,
      "mode": "intersection"
    },
    {
      "avg_item_neighbors": 512.559915164369,
      "avg_interest_neighbors": 560.593849416755,
      "avg_trusted_neighbors": 357.9130434782609,
      "avg_union_neighbors": 715.2407211028632,
      "avg_false_neighbor_ratio": 0.4995907910187524,
      "isolated_nodes": 172.0,
      "mode": "intersection"
    },
    {
      "avg_item_neighbors": 513.170731707317,
      "avg_interest_neighbors": 565.085896076352,
      "avg_trusted_neighbors": 360.27147401908803,
      "avg_union_neighbors": 717.9851537645811,
      "avg_false_neighbor_ratio": 0.4982187693852834,
      "isolated_nodes": 160.0,
      "mode": "intersection"
    },
    {
      "avg_item_neighbors": 502.8419936373277,
      "avg_interest_neighbors": 640.0360551431602,
      "avg_trusted_neighbors": 431.6012725344645,
      "avg_union_neighbors": 711.2767762460234,
      "avg_false_neighbor_ratio": 0.39320207414563746,
      "isolated_nodes": 174.0,
      "mode": "intersection"
    },
    {
      "avg_item_neighbors": 487.6691410392365,
      "avg_interest_neighbors": 623.2492046659597,
      "avg_trusted_neighbors": 415.3234358430541,
      "avg_union_neighbors": 695.5949098621421,
      "avg_false_neighbor_ratio": 0.4029234113783757,
      "isolated_nodes": 177.0,
      "mode": "intersection"
    },
    {
      "avg_item_neighbors": 470.6341463414634,
      "avg_interest_neighbors": 608.50901378579,
      "avg_trusted_neighbors": 395.2682926829268,
      "avg_union_neighbors": 683.8748674443266,
      "avg_false_neighbor_ratio": 0.4220166414945712,
      "isolated_nodes": 184.0,
      "mode": "intersection"
    },
    {
      "avg_item_neighbors": 465.34888653234356,
      "avg_interest_neighbors": 617.7051961823967,
      "avg_trusted_neighbors": 403.5524920466596,
      "avg_union_neighbors": 679.5015906680806,
      "avg_false_neighbor_ratio": 0.4061051547357086,
      "isolated_nodes": 196.0,
      "mode": "intersection"
    },
    {
      "avg_item_neighbors": 452.67232237539764,
      "avg_interest_neighbors": 618.4453870625663,
      "avg_trusted_neighbors": 388.61081654294804,
      "avg_union_neighbors": 682.5068928950159,
      "avg_false_neighbor_ratio": 0.4306126127245946,
      "isolated_nodes": 201.0,
      "mode": "intersection"
    },
    {
      "avg_item_neighbors": 442.576882290562,
      "avg_interest_neighbors": 615.5164369034994,
      "avg_trusted_neighbors": 380.41993637327676,
      "avg_union_neighbors": 677.6733828207847,
      "avg_false_neighbor_ratio": 0.43863822009683184,
      "isolated_nodes": 194.0,
      "mode": "intersection"
    },
    {
      "avg_item_neighbors": 439.3594909862142,
      "avg_interest_neighbors": 619.2831389183457,
      "avg_trusted_neighbors": 381.7158006362672,
      "avg_union_neighbors": 676.9268292682926,
      "avg_false_neighbor_ratio": 0.4361047839559358,
      "isolated_nodes": 193.0,
      "mode": "intersection"
    },
    {
      "avg_item_neighbors": 434.2905620360551,
      "avg_interest_neighbors": 619.4931071049841,
      "avg_trusted_neighbors": 373.87486744432664,
      "avg_union_neighbors": 679.9088016967127,
      "avg_false_neighbor_ratio": 0.45011026991955133,
      "isolated_nodes": 196.0,
      "mode": "intersection"
    },
    {
      "avg_item_neighbors": 432.95227995758216,
      "avg_interest_neighbors": 668.4135737009544,
      "avg_trusted_neighbors": 390.6320254506893,
      "avg_union_neighbors": 710.7338282078473,
      "avg_false_neighbor_ratio": 0.45038211219566054,
      "isolated_nodes": 179.0,
      "mode": "intersection"
    },
    {
      "avg_item_neighbors": 426.9862142099682,
      "avg_interest_neighbors": 664.6574761399788,
      "avg_trusted_neighbors": 386.57900318133613,
      "avg_union_neighbors": 705.0646871686108,
      "avg_false_neighbor_ratio": 0.4517112965425132,
      "isolated_nodes": 188.0,