{
  "tag": "F2_r0.05_mp2_lep3",
  "alias": "F2_r0.05_mp2_lep3",
  "dataset": "100k",
  "num_round_requested": 30,
  "num_round_actual": 30,
  "best_round": 29,
  "best_test_hr": 0.7550371155885471,
  "best_test_ndcg": 0.467350809117331,
  "best_val_hr": 0.7847295864262991,
  "hr_list": [
    0.3117709437963945,
    0.5556733828207847,
    0.6203605514316013,
    0.6277836691410392,
    0.6362672322375398,
    0.6362672322375398,
    0.6468716861081655,
    0.6405090137857901,
    0.6383881230116649,
    0.6436903499469777,
    0.647932131495228,
    0.6468716861081655,
    0.6585365853658537,
    0.6564156945917285,
    0.6521739130434783,
    0.6755037115588547,
    0.6585365853658537,
    0.6903499469777307,
    0.6956521739130435,
    0.7179215270413574,
    0.7094379639448568,
    0.7401908801696713,
    0.721102863202545,
    0.7295864262990456,
    0.735949098621421,
    0.7465535524920467,
    0.7497348886532343,
    0.7497348886532343,
    0.767762460233298,
    0.7550371155885471
  ],
  "ndcg_list": [
    0.17300486343343927,
    0.3656244952794784,
    0.4063400644127296,
    0.40195468863821726,
    0.4083493693906505,
    0.4009397313141977,
    0.4057711482882917,
    0.40362594746809616,
    0.4058909950373375,
    0.4020537920231617,
    0.406216520286629,
    0.3926680897141306,
    0.4095184142513259,
    0.4146500953531888,
    0.4017734933054979,
    0.4085666329537581,
    0.4131034739115895,
    0.4148917095664294,
    0.4294102198921924,
    0.43422498985949987,
    0.43900872453619133,
    0.4479456549686953,
    0.44132866210220456,
    0.44571344010871866,
    0.4451343710190533,
    0.45191044673259106,
    0.4581176850629218,
    0.4561102212162965,
    0.4743842323062294,
    0.467350809117331
  ],
  "val_hr_list": [
    0.3584305408271474,
    0.6171792152704135,
    0.6755037115588547,
    0.6638388123011665,
    0.6606574761399788,
    0.6670201484623541,
    0.6680805938494168,
    0.6680805938494168,
    0.6765641569459173,
    0.6691410392364793,
    0.6818663838812301,
    0.6808059384941676,
    0.6914103923647932,
    0.6914103923647932,
    0.6903499469777307,
    0.6956521739130435,
    0.6882290562036055,
    0.7104984093319194,
    0.7179215270413574,
    0.7242841993637328,
    0.7401908801696713,
    0.7348886532343585,
    0.7486744432661718,
    0.7550371155885471,
    0.7645811240721103,
    0.7730646871686108,
    0.7592788971367974,
    0.7656415694591728,
    0.7613997879109226,
    0.7847295864262991
  ],
  "val_ndcg_list": [
    0.18996494936588937,
    0.40923946221155644,
    0.44548274221244727,
    0.43909451109160247,
    0.43998544618121077,
    0.44074052516249634,
    0.44201269736859217,
    0.4437809533353117,
    0.4390590910800098,
    0.429601171050334,
    0.44076728354507017,
    0.4346457464976245,
    0.4443108018004676,
    0.4469283034698816,
    0.4323341652536579,
    0.45106830752860366,
    0.4315944404790431,
    0.4508435811147465,
    0.45125377311753867,
    0.4604734433094522,
    0.46043708386622006,
    0.4622294401304948,
    0.48391409290674225,
    0.4942978565358932,
    0.4913323372423323,
    0.5008040684409684,
    0.4925057393573886,
    0.4968888319144143,
    0.49714957923409075,
    0.5052437588620259
  ],
  "upload_bytes_per_round": [
    214732416,
    214732416,
    214732416,
    214732416,
    214732416,
    214732416,
    214732416,
    214732416,
    214732416,
    214732416,
    214732416,
    214732416,
    214732416,
    214732416,
    214732416,
    214732416,
    214732416,
    214732416,
    214732416,
    214732416,
    214732416,
    214732416,
    214732416,
    214732416,
    214732416,
    214732416,
    214732416,
    214732416,
    214732416,
    214732416
  ],
  "total_upload_bytes": 6441972480,
  "aggregate_stats_per_round": [
    {
      "avg_item_neighbors": 487.2131495227996,
      "avg_interest_neighbors": 576.4369034994697,
      "avg_trusted_neighbors": 376.0424178154825,
      "avg_union_neighbors": 687.6076352067869,
      "avg_false_neighbor_ratio": 0.4531148309567653,
      "isolated_nodes": 201.0,
      "mode": "intersection"
    },
    {
      "avg_item_neighbors": 518.3753976670201,
      "avg_interest_neighbors": 572.6595970307529,
      "avg_trusted_neighbors": 369.6564156945917,
      "avg_union_neighbors": 721.3785790031814,
      "avg_false_neighbor_ratio": 0.4875694587363655,
      "isolated_nodes": 150.0,
      "mode": "intersection"
    },
    {
      "avg_item_neighbors": 519.8494167550372,
      "avg_interest_neighbors": 621.1389183457052,
      "avg_trusted_neighbors": 435.74125132555673,
      "avg_union_neighbors": 705.2470837751856,
      "avg_false_neighbor_ratio": 0.38214384525628226,
      "isolated_nodes": 157.0,
      "mode": "intersection"
    },
    {
      "avg_item_neighbors": 496.36903499469776,
      "avg_interest_neighbors": 608.4538706256628,
      "avg_trusted_neighbors": 399.6627783669141,
      "avg_union_neighbors": 705.1601272534465,
      "avg_false_neighbor_ratio": 0.4332311727216128,
      "isolated_nodes": 184.0,
      "mode": "intersection"
    },
    {
      "avg_item_neighbors": 478.36055143160127,
      "avg_interest_neighbors": 615.0201484623542,
      "avg_trusted_neighbors": 382.4135737009544,
      "avg_union_neighbors": 710.967126193001,
      "avg_false_neighbor_ratio": 0.46212200309646473,
      "isolated_nodes": 181.0,
      "mode": "intersection"
    },
    {
      "avg_item_neighbors": 476.1930010604454,
      "avg_interest_neighbors": 615.7370095440085,
      "avg_trusted_neighbors": 374.31813361611876,
      "avg_union_neighbors": 717.6118769883351,
      "avg_false_neighbor_ratio": 0.47838358642132206,
      "isolated_nodes": 163.0,
      "mode": "intersection"
    },
    {
      "avg_item_neighbors": 468.390243902439,
      "avg_interest_neighbors": 619.1495227995758,
      "avg_trusted_neighbors": 359.5461293743372,
      "avg_union_neighbors": 727.9936373276777,
      "avg_false_neighbor_ratio": 0.5061136376216683,
      "isolated_nodes": 161.0,
      "mode": "intersection"
    },
    {
      "avg_item_neighbors": 466.4984093319194,
      "avg_interest_neighbors": 668.5726405090138,
      "avg_trusted_neighbors": 376.4475079533404,
      "avg_union_neighbors": 758.6235418875928,
      "avg_false_neighbor_ratio": 0.5037756052011373,
      "isolated_nodes": 140.0,
      "mode": "intersection"
    },
    {
      "avg_item_neighbors": 469.9236479321315,
      "avg_interest_neighbors": 677.1431601272534,
      "avg_trusted_neighbors": 374.3520678685048,
      "avg_union_neighbors": 772.7147401908802,
      "avg_false_neighbor_ratio": 0.5155365254504782,
      "isolated_nodes": 123.0,
      "mode": "intersection"
    },
    {
      "avg_item_neighbors": 462.9713679745493,
      "avg_interest_neighbors": 683.3870625662778,
      "avg_trusted_neighbors": 361.32979851537647,
      "avg_union_neighbors": 785.0286320254506,
      "avg_false_neighbor_ratio": 0.5397240511048492,
      "isolated_nodes": 108.0,
      "mode": "intersection"
    },
    {
      "avg_item_neighbors": 465.5058324496288,
      "avg_interest_neighbors": 694.0445387062566,
      "avg_trusted_neighbors": 360.80593849416755,
      "avg_union_neighbors": 798.744432661718,
      "avg_false_neighbor_ratio": 0.5482836264763361,
      "isolated_nodes": 100.0,
      "mode": "intersection"
    },
    {
      "avg_item_neighbors": 491.0371155885472,
      "avg_interest_neighbors": 732.3690349946978,
      "avg_trusted_neighbors": 440.46235418875926,
      "avg_union_neighbors": 782.9437963944857,
      "avg_false_neighbor_ratio": 0.4374278764106426,
      "isolated_nodes": 154.0,
      "mode": "intersection"
    },
    {
      "avg_item_neighbors": 556.7826086956521,
      "avg_interest_neighbors": 743.3319194061506,
      "avg_trusted_neighbors": 485.6139978791092,
      "avg_union_neighbors": 814.5005302226936,
      "avg_false_neighbor_ratio": 0.4037892182263688,
      "isolated_nodes": 147.0,