{
  "tag": "F2_r0.05_mp2_lep3",
  "alias": "F2_r0.05_mp2_lep3",
  "dataset": "100k",
  "num_round_requested": 30,
  "num_round_actual": 9,
  "best_round": 2,
  "best_test_hr": 0.6203605514316013,
  "best_test_ndcg": 0.4063400644127296,
  "best_val_hr": 0.6755037115588547,
  "hr_list": [
    0.3117709437963945,
    0.5556733828207847,
    0.6203605514316013,
    0.6277836691410392,
    0.6373276776246023,
    0.6352067868504772,
    0.6436903499469777,
    0.6415694591728526,
    0.6405090137857901
  ],
  "ndcg_list": [
    0.17300486343343927,
    0.3656244952794784,
    0.4063400644127296,
    0.40195468863821726,
    0.4091491712670618,
    0.40090784983238753,
    0.4040144211159101,
    0.40563661718976046,
    0.4079584320616723
  ],
  "val_hr_list": [
    0.3584305408271474,
    0.6171792152704135,
    0.6755037115588547,
    0.6638388123011665,
    0.6617179215270413,
    0.6670201484623541,
    0.6659597030752916,
    0.6691410392364793,
    0.6744432661717922
  ],
  "val_ndcg_list": [
    0.18996494936588937,
    0.40923946221155644,
    0.44548274221244727,
    0.439079203688504,
    0.4410126815125493,
    0.4404479431572397,
    0.44215677044583573,
    0.444517619026219,
    0.43416916917520404
  ],
  "upload_bytes_per_round": [
    214732416,
    214732416,
    214732416,
    214732416,
    214732416,
    214732416,
    214732416,
    214732416,
    214732416
  ],
  "total_upload_bytes": 1932591744,
  "aggregate_stats_per_round": [
    {
      "avg_item_neighbors": 487.2131495227996,
      "avg_interest_neighbors": 576.4369034994697,
      "avg_trusted_neighbors": 376.0424178154825,
      "avg_union_neighbors": 687.6076352067869,
      "avg_false_neighbor_ratio": 0.4531148309567653,
      "isolated_nodes": 201.0,
      "mode": "intersection"
    },
    {
      "avg_item_neighbors": 518.3753976670201,
      "avg_interest_neighbors": 572.6532343584305,
      "avg_trusted_neighbors": 369.6585365853659,
      "avg_union_neighbors": 721.3700954400848,
      "avg_false_neighbor_ratio": 0.487560492288152,
      "isolated_nodes": 150.0,
      "mode": "intersection"
    },
    {
      "avg_item_neighbors": 519.8727465535525,
      "avg_interest_neighbors": 621.1113467656415,
      "avg_trusted_neighbors": 435.7497348886532,
      "avg_union_neighbors": 705.2343584305409,
      "avg_false_neighbor_ratio": 0.38212066715185344,
      "isolated_nodes": 157.0,
      "mode": "intersection"
    },
    {
      "avg_item_neighbors": 495.8069989395546,
      "avg_interest_neighbors": 608.4156945917285,
      "avg_trusted_neighbors": 399.06044538706254,
      "avg_union_neighbors": 705.1622481442206,
      "avg_false_neighbor_ratio": 0.4340870538131158,
      "isolated_nodes": 184.0,
      "mode": "intersection"
    },
    {
      "avg_item_neighbors": 478.11876988335104,
      "avg_interest_neighbors": 614.8928950159067,
      "avg_trusted_neighbors": 382.3817603393425,
      "avg_union_neighbors": 710.6299045599152,
      "avg_false_neighbor_ratio": 0.4619115268219016,
      "isolated_nodes": 182.0,
      "mode": "intersection"
    },
    {
      "avg_item_neighbors": 473.58218451749735,
      "avg_interest_neighbors": 615.7158006362672,
      "avg_trusted_neighbors": 372.80593849416755,
      "avg_union_neighbors": 716.492046659597,
      "avg_false_neighbor_ratio": 0.4796788879482337,
      "isolated_nodes": 164.0,
      "mode": "intersection"
    },
    {
      "avg_item_neighbors": 470.7826086956522,
      "avg_interest_neighbors": 619.6818663838812,
      "avg_trusted_neighbors": 363.44432661717923,
      "avg_union_neighbors": 727.0201484623542,
      "avg_false_neighbor_ratio": 0.5000904343767321,
      "isolated_nodes": 156.0,
      "mode": "intersection"
    },
    {
      "avg_item_neighbors": 459.19406150583245,
      "avg_interest_neighbors": 624.3669141039237,
      "avg_trusted_neighbors": 351.5037115588547,
      "avg_union_neighbors": 732.0572640509014,
      "avg_false_neighbor_ratio": 0.5198412353512089,
      "isolated_nodes": 148.0,
      "mode": "intersection"
    },
    {
      "avg_item_neighbors": 463.4782608695652,
      "avg_interest_neighbors": 643.9809119830329,
      "avg_trusted_neighbors": 360.3944856839873,
      "avg_union_neighbors": 747.0646871686108,
      "avg_false_neighbor_ratio": 0.5175859709687401,
      "isolated_nodes": 123.0,
      "mode": "intersection"
    }
  ],
  "final_false_neighbor_ratio": 0.5175859709687401,
  "final_avg_trusted_neighbors": 360.3944856839873,
  "final_isolated_nodes": 123,
  "epsilon_per_round": 100.0,
  "epsilon_total_naive": 900.0,
  "dp_composition": {
    "naive": 900.0,
    "advanced": 2.419305427634522e+46,
    "rdp": 900.8364925043098,
    "tightest": 900.0,
    "method": "naive",
    "delta": 1e-05
  },
  "config": {
    "alias": "F2_r0.05_mp2_lep3",
    "clients_sample_ratio": 1,
    "clients_sample_num": 0,
    "num_round": 30,
    "local_epoch": 3,
    "neighborhood_size": 0,
    "neighborhood_threshold": 1.0,
    "mp_layers": 2,
    "similarity_metric": "cosine",
    "reg": 0.05,
    "lr_eta": 80,
    "batch_size": 256,
    "optimizer": "sgd",
    "lr": 0.1,
    "dataset": "100k",
    "num_users": 943,
    "num_items": 1682,
    "latent_dim": 32,
    "num_negative": 12,
    "layers": [
      96,
      32,
      16,
      8
    ],
    "l2_regularization": 0.0,
    "dp": 0.01,
    "use_cuda": false,
    "device_id": 0,
    "model_dir": "checkpoints/{}_Epoch{}_HR{:.4f}_NDCG{:.4f}.model",
    "alpha": 0.5,
    "no_attention": false,
    "no_graph": false,
    "graph_fusion": "intersection",
    "graph_semantic": "similarity",
    "history_len": 5,
    "attention_type": "multihead",
    "num_heads": 2,
    "max_history_len": 20,
    "dp_delta": 1e-05,
    "interest_type": "both",
    "lr_u": null,
    "lr_i": null,
    "seed": 42,
    "early_stop_patience": 6,
    "metrics_json": "results/v4/F2_r0.05_mp2_lep3.json",
    "result_tag": "F2_r0.05_mp2_lep3",
    "use_attention": true
  }
}