{
  "tag": "F3_r0.1_mp2_lep3",
  "alias": "F3_r0.1_mp2_lep3",
  "dataset": "100k",
  "num_round_requested": 30,
  "num_round_actual": 30,
  "best_round": 29,
  "best_test_hr": 0.7444326617179216,
  "best_test_ndcg": 0.45696419471877237,
  "best_val_hr": 0.7815482502651113,
  "hr_list": [
    0.2926829268292683,
    0.5291622481442205,
    0.6023329798515377,
    0.6214209968186638,
    0.6224814422057264,
    0.6139978791092259,
    0.633085896076352,
    0.6193001060445387,
    0.6256627783669141,
    0.6362672322375398,
    0.6394485683987274,
    0.6415694591728526,
    0.6553552492046659,
    0.6521739130434783,
    0.6606574761399788,
    0.6606574761399788,
    0.6776246023329798,
    0.6786850477200425,
    0.6871686108165429,
    0.6935312831389183,
    0.7020148462354189,
    0.7094379639448568,
    0.7147401908801697,
    0.7126193001060446,
    0.7232237539766702,
    0.7168610816542949,
    0.7253446447507953,
    0.7232237539766702,
    0.7338282078472959,
    0.7444326617179216
  ],
  "ndcg_list": [
    0.15829777082119584,
    0.3433218770495051,
    0.3868428204715655,
    0.39488592965173813,
    0.39086271529560795,
    0.3901895217563953,
    0.3947850938887447,
    0.3918717634892347,
    0.3874033669022237,
    0.39421389824270636,
    0.395303269360575,
    0.3943698285131975,
    0.4010103922239135,
    0.40810863029557615,
    0.40909757573555994,
    0.40617721784500505,
    0.414843327185369,
    0.40786249917927925,
    0.42105819861263966,
    0.4204466804715488,
    0.43812883380804585,
    0.43816546312619303,
    0.44066687267097926,
    0.43629429076222287,
    0.4435171796311065,
    0.44205879702546236,
    0.4431843012479447,
    0.4380523034502488,
    0.4485830472657398,
    0.45696419471877237
  ],
  "val_hr_list": [
    0.32873806998939553,
    0.5768822905620361,
    0.6468716861081655,
    0.6532343584305408,
    0.6521739130434783,
    0.6574761399787911,
    0.6564156945917285,
    0.647932131495228,
    0.6585365853658537,
    0.662778366914104,
    0.6670201484623541,
    0.6818663838812301,
    0.6808059384941676,
    0.6914103923647932,
    0.6977730646871686,
    0.6998939554612937,
    0.704135737009544,
    0.7168610816542949,
    0.7179215270413574,
    0.7232237539766702,
    0.7348886532343585,
    0.7412513255567338,
    0.7391304347826086,
    0.7624602332979852,
    0.767762460233298,
    0.7730646871686108,
    0.7550371155885471,
    0.7592788971367974,
    0.7656415694591728,
    0.7815482502651113
  ],
  "val_ndcg_list": [
    0.1750555164269976,
    0.3770716781012874,
    0.422676967311847,
    0.42145514159911923,
    0.4238305112138755,
    0.42170992563650356,
    0.41953764244465036,
    0.4192495764927179,
    0.4123962898539684,
    0.4251910814494971,
    0.4336681860468928,
    0.4419034696467289,
    0.43804164971071236,
    0.4402501448156975,
    0.44135080315613184,
    0.44668022560693016,
    0.44067531974053353,
    0.45473891576037057,
    0.4566144028935301,
    0.4584642754033163,
    0.470655437978153,
    0.4755486866824468,
    0.47385584236466616,
    0.4893140834732604,
    0.48483057547754105,
    0.49410045134800673,
    0.48650582878308796,
    0.48793439162817026,
    0.4867131517855979,
    0.503269967715871
  ],
  "upload_bytes_per_round": [
    214732416,
    214732416,
    214732416,
    214732416,
    214732416,
    214732416,
    214732416,
    214732416,
    214732416,
    214732416,
    214732416,
    214732416,
    214732416,
    214732416,
    214732416,
    214732416,
    214732416,
    214732416,
    214732416,
    214732416,
    214732416,
    214732416,
    214732416,
    214732416,
    214732416,
    214732416,
    214732416,
    214732416,
    214732416,
    214732416
  ],
  "total_upload_bytes": 6441972480,
  "aggregate_stats_per_round": [
    {
      "avg_item_neighbors": 528.6892895015907,
      "avg_interest_neighbors": 570.5917285259809,
      "avg_trusted_neighbors": 391.1749734888653,
      "avg_union_neighbors": 708.1060445387062,
      "avg_false_neighbor_ratio": 0.4475757176402933,
      "isolated_nodes": 181.0,
      "mode": "intersection"
    },
    {
      "avg_item_neighbors": 522.0721102863203,
      "avg_interest_neighbors": 586.7062566277837,
      "avg_trusted_neighbors": 362.76139978791093,
      "avg_union_neighbors": 746.016967126193,
      "avg_false_neighbor_ratio": 0.5137357248249452,
      "isolated_nodes": 121.0,
      "mode": "intersection"
    },
    {
      "avg_item_neighbors": 632.305408271474,
      "avg_interest_neighbors": 622.4602332979852,
      "avg_trusted_neighbors": 462.52810180275713,
      "avg_union_neighbors": 792.2375397667021,
      "avg_false_neighbor_ratio": 0.41617497456765007,
      "isolated_nodes": 133.0,
      "mode": "intersection"
    },
    {
      "avg_item_neighbors": 606.1039236479321,
      "avg_interest_neighbors": 649.9215270413574,
      "avg_trusted_neighbors": 454.67868504772,
      "avg_union_neighbors": 801.3467656415695,
      "avg_false_neighbor_ratio": 0.43260682573080844,
      "isolated_nodes": 131.0,
      "mode": "intersection"
    },
    {
      "avg_item_neighbors": 582.67868504772,
      "avg_interest_neighbors": 656.3520678685047,
      "avg_trusted_neighbors": 441.4146341463415,
      "avg_union_neighbors": 797.6161187698833,
      "avg_false_neighbor_ratio": 0.44658260564354013,
      "isolated_nodes": 135.0,
      "mode": "intersection"
    },
    {
      "avg_item_neighbors": 576.8907741251326,
      "avg_interest_neighbors": 659.2895015906681,
      "avg_trusted_neighbors": 434.57051961823964,
      "avg_union_neighbors": 801.609756097561,
      "avg_false_neighbor_ratio": 0.4578777063120603,
      "isolated_nodes": 136.0,
      "mode": "intersection"
    },
    {
      "avg_item_neighbors": 580.9289501590669,
      "avg_interest_neighbors": 668.5896076352068,
      "avg_trusted_neighbors": 443.9978791092259,
      "avg_union_neighbors": 805.5206786850478,
      "avg_false_neighbor_ratio": 0.44880635487344755,
      "isolated_nodes": 122.0,
      "mode": "intersection"
    },
    {
      "avg_item_neighbors": 591.7391304347826,
      "avg_interest_neighbors": 683.728525980912,
      "avg_trusted_neighbors": 457.06044538706254,
      "avg_union_neighbors": 818.407211028632,
      "avg_false_neighbor_ratio": 0.44152441568470946,
      "isolated_nodes": 111.0,
      "mode": "intersection"
    },
    {
      "avg_item_neighbors": 598.424178154825,
      "avg_interest_neighbors": 705.4464475079534,
      "avg_trusted_neighbors": 480.35630965005305,
      "avg_union_neighbors": 823.5143160127253,
      "avg_false_neighbor_ratio": 0.416699503202528,
      "isolated_nodes": 109.0,
      "mode": "intersection"
    },
    {
      "avg_item_neighbors": 573.4931071049841,
      "avg_interest_neighbors": 704.4156945917285,
      "avg_trusted_neighbors": 455.3001060445387,
      "avg_union_neighbors": 822.6086956521739,
      "avg_false_neighbor_ratio": 0.4465167844067447,
      "isolated_nodes": 106.0,
      "mode": "intersection"
    },
    {
      "avg_item_neighbors": 574.6383881230116,
      "avg_interest_neighbors": 701.6033934252386,
      "avg_trusted_neighbors": 451.73064687168613,
      "avg_union_neighbors": 824.5111346765642,
      "avg_false_neighbor_ratio": 0.45212304858819263,
      "isolated_nodes": 109.0,
      "mode": "intersection"
    },
    {
      "avg_item_neighbors": 556.7889713679746,
      "avg_interest_neighbors": 692.0933191940615,
      "avg_trusted_neighbors": 431.14528101802756,
      "avg_union_neighbors": 817.7370095440085,
      "avg_false_neighbor_ratio": 0.4727580187932971,
      "isolated_nodes": 106.0,
      "mode": "intersection"
    },
    {
      "avg_item_neighbors": 571.0286320254506,
      "avg_interest_neighbors": 710.9056203605514,
      "avg_trusted_neighbors": 457.14740190880167,
      "avg_union_neighbors": 824.7868504772005,
      "avg_false_neighbor_ratio": 0.44573873644529133,
      "isolated_nodes": 102.0,