{
  "tag": "N2_neg_20",
  "alias": "N2_neg_20",
  "dataset": "100k",
  "num_round_requested": 30,
  "num_round_actual": 30,
  "best_round": 28,
  "best_test_hr": 0.5737009544008483,
  "best_test_ndcg": 0.35330984867057424,
  "best_val_hr": 0.5906680805938495,
  "hr_list": [
    0.14316012725344646,
    0.16118769883351008,
    0.20784729586426298,
    0.2608695652173913,
    0.3107104984093319,
    0.3637327677624602,
    0.4050901378579003,
    0.43796394485683987,
    0.4634146341463415,
    0.4623541887592789,
    0.48568398727465534,
    0.49628844114528103,
    0.5026511134676565,
    0.5015906680805938,
    0.5121951219512195,
    0.5143160127253447,
    0.5111346765641569,
    0.5174973488865323,
    0.5291622481442205,
    0.5302226935312832,
    0.5344644750795334,
    0.5291622481442205,
    0.545068928950159,
    0.5535524920466596,
    0.5482502651113468,
    0.559915164369035,
    0.5715800636267232,
    0.5726405090137858,
    0.5737009544008483,
    0.5726405090137858
  ],
  "ndcg_list": [
    0.06010969371832717,
    0.07450802037242032,
    0.10148989022183708,
    0.14164485603540908,
    0.1741595257363692,
    0.20744682993675473,
    0.23427980477972288,
    0.2536715968565657,
    0.2681001228772501,
    0.2682494386095772,
    0.2791689773673922,
    0.2893899756958803,
    0.29643279792939936,
    0.2981351990483389,
    0.30526363452311445,
    0.3098387564942892,
    0.30922509983105034,
    0.3147400110662294,
    0.3204410139497884,
    0.32223862447739193,
    0.3221342879546739,
    0.3275116461203523,
    0.3347347069591063,
    0.34110885198269625,
    0.3410557805719309,
    0.34640630643194614,
    0.3503287719100845,
    0.35072924703199687,
    0.35330984867057424,
    0.3533141162079609
  ],
  "val_hr_list": [
    0.13361611876988336,
    0.176033934252386,
    0.21314952279957583,
    0.28101802757158006,
    0.34146341463414637,
    0.40827147401908803,
    0.4559915164369035,
    0.48568398727465534,
    0.5058324496288441,
    0.5058324496288441,
    0.5174973488865323,
    0.5227995758218452,
    0.5227995758218452,
    0.5387062566277837,
    0.5397667020148462,
    0.5535524920466596,
    0.542948038176034,
    0.5461293743372216,
    0.5535524920466596,
    0.5609756097560976,
    0.5524920466595971,
    0.5514316012725344,
    0.5694591728525981,
    0.5641569459172853,
    0.574761399787911,
    0.5726405090137858,
    0.5896076352067868,
    0.5768822905620361,
    0.5906680805938495,
    0.5821845174973489
  ],
  "val_ndcg_list": [
    0.059972007957274365,
    0.07892233418662073,
    0.10761653168249481,
    0.14615493134780796,
    0.1940838708183947,
    0.23152483049438394,
    0.2647923262811949,
    0.28324058829675985,
    0.29419499817539896,
    0.29486481537855824,
    0.30547126473252,
    0.31550171826387496,
    0.3170840422732282,
    0.3256528343854241,
    0.32668205916700926,
    0.3395296899950176,
    0.33906671032698826,
    0.3405970381290428,
    0.34386592842841857,
    0.349059517096062,
    0.3512414255568998,
    0.35369272170665206,
    0.3573992532439866,
    0.35609211052327844,
    0.3612767320950029,
    0.36265854248381935,
    0.36730601442540683,
    0.36654283952011457,
    0.37155506815447437,
    0.36770857801358153
  ],
  "upload_bytes_per_round": [
    214732416,
    214732416,
    214732416,
    214732416,
    214732416,
    214732416,
    214732416,
    214732416,
    214732416,
    214732416,
    214732416,
    214732416,
    214732416,
    214732416,
    214732416,
    214732416,
    214732416,
    214732416,
    214732416,
    214732416,
    214732416,
    214732416,
    214732416,
    214732416,
    214732416,
    214732416,
    214732416,
    214732416,
    214732416,
    214732416
  ],
  "total_upload_bytes": 6441972480,
  "aggregate_stats_per_round": [
    {
      "avg_item_neighbors": 730.7847295864264,
      "avg_interest_neighbors": 639.6246023329799,
      "avg_trusted_neighbors": 519.4931071049841,
      "avg_union_neighbors": 850.9162248144221,
      "avg_false_neighbor_ratio": 0.3894897147856343,
      "isolated_nodes": 94.0,
      "mode": "intersection"
    },
    {
      "avg_item_neighbors": 720.6553552492047,
      "avg_interest_neighbors": 570.1272534464475,
      "avg_trusted_neighbors": 444.85047720042417,
      "avg_union_neighbors": 845.932131495228,
      "avg_false_neighbor_ratio": 0.47412982597773135,
      "isolated_nodes": 101.0,
      "mode": "intersection"
    },
    {
      "avg_item_neighbors": 719.626723223754,
      "avg_interest_neighbors": 582.2693531283139,
      "avg_trusted_neighbors": 441.2682926829268,
      "avg_union_neighbors": 860.6277836691411,
      "avg_false_neighbor_ratio": 0.4872716160734969,
      "isolated_nodes": 109.0,
      "mode": "intersection"
    },
    {
      "avg_item_neighbors": 713.1643690349947,
      "avg_interest_neighbors": 590.6914103923648,
      "avg_trusted_neighbors": 434.3881230116649,
      "avg_union_neighbors": 869.4676564156946,
      "avg_false_neighbor_ratio": 0.5003976055850169,
      "isolated_nodes": 113.0,
      "mode": "intersection"
    },
    {
      "avg_item_neighbors": 706.3457051961824,
      "avg_interest_neighbors": 600.220572640509,
      "avg_trusted_neighbors": 444.70625662778366,
      "avg_union_neighbors": 861.8600212089077,
      "avg_false_neighbor_ratio": 0.4840156804071197,
      "isolated_nodes": 120.0,
      "mode": "intersection"
    },
    {
      "avg_item_neighbors": 695.4252386002121,
      "avg_interest_neighbors": 658.3372216330858,
      "avg_trusted_neighbors": 512.8101802757158,
      "avg_union_neighbors": 840.9522799575822,
      "avg_false_neighbor_ratio": 0.3902029966532916,
      "isolated_nodes": 121.0,
      "mode": "intersection"
    },
    {
      "avg_item_neighbors": 688.3923647932131,
      "avg_interest_neighbors": 624.3287380699894,
      "avg_trusted_neighbors": 493.8112407211029,
      "avg_union_neighbors": 818.9098621420997,
      "avg_false_neighbor_ratio": 0.3969895057443877,
      "isolated_nodes": 123.0,
      "mode": "intersection"
    },
    {
      "avg_item_neighbors": 686.3075291622481,
      "avg_interest_neighbors": 627.8069989395547,
      "avg_trusted_neighbors": 505.9236479321315,
      "avg_union_neighbors": 808.1908801696712,
      "avg_false_neighbor_ratio": 0.37400475513171083,
      "isolated_nodes": 129.0,
      "mode": "intersection"
    },
    {
      "avg_item_neighbors": 660.7995758218452,
      "avg_interest_neighbors": 703.0201484623542,
      "avg_trusted_neighbors": 572.5259809119831,
      "avg_union_neighbors": 791.2937433722163,
      "avg_false_neighbor_ratio": 0.27646845977566037,
      "isolated_nodes": 134.0,
      "mode": "intersection"
    },
    {
      "avg_item_neighbors": 648.9968186638388,
      "avg_interest_neighbors": 692.2629904559915,
      "avg_trusted_neighbors": 557.7497348886533,
      "avg_union_neighbors": 783.5100742311771,
      "avg_false_neighbor_ratio": 0.28813967652432837,
      "isolated_nodes": 140.0,
      "mode": "intersection"
    },
    {
      "avg_item_neighbors": 655.4867444326617,
      "avg_interest_neighbors": 675.9342523860021,
      "avg_trusted_neighbors": 550.5238600212089,
      "avg_union_neighbors": 780.8971367974549,
      "avg_false_neighbor_ratio": 0.2950110404054395,
      "isolated_nodes": 142.0,
      "mode": "intersection"
    },
    {
      "avg_item_neighbors": 636.0254506892895,
      "avg_interest_neighbors": 668.5429480381761,
      "avg_trusted_neighbors": 532.3669141039237,
      "avg_union_neighbors": 772.2014846235419,
      "avg_false_neighbor_ratio": 0.3105854822806261,
      "isolated_nodes": 149.0,
      "mode": "intersection"
    },
    {
      "avg_item_neighbors": 631.8409331919406,
      "avg_interest_neighbors": 657.1410392364793,
      "avg_trusted_neighbors": 523.3552492046659,
      "avg_union_neighbors": 765.626723223754,
      "avg_false_neighbor_ratio": 0.31643549874928323,
      "isolated_nodes": 156.0,