{
  "tag": "Q1_v3_mp2",
  "alias": "Q1_v3_mp2",
  "dataset": "100k",
  "num_round_requested": 30,
  "num_round_actual": 30,
  "best_round": 28,
  "best_test_hr": 0.5376458112407211,
  "best_test_ndcg": 0.33396562938569174,
  "best_val_hr": 0.591728525980912,
  "hr_list": [
    0.12089077412513255,
    0.14634146341463414,
    0.1919406150583245,
    0.2417815482502651,
    0.295864262990456,
    0.35100742311770944,
    0.3987274655355249,
    0.42735949098621423,
    0.4559915164369035,
    0.4528101802757158,
    0.47720042417815484,
    0.49204665959703076,
    0.4973488865323436,
    0.5015906680805938,
    0.5121951219512195,
    0.5026511134676565,
    0.5143160127253447,
    0.5111346765641569,
    0.5143160127253447,
    0.5111346765641569,
    0.5143160127253447,
    0.5270413573700954,
    0.5217391304347826,
    0.542948038176034,
    0.545068928950159,
    0.5334040296924708,
    0.5387062566277837,
    0.542948038176034,
    0.5376458112407211,
    0.5535524920466596
  ],
  "ndcg_list": [
    0.05614286097847594,
    0.06703971501651187,
    0.09449548506956235,
    0.12517577251203718,
    0.16167612985819477,
    0.19900866803824413,
    0.23592277082230628,
    0.24953671394643048,
    0.2626630107877157,
    0.2669352285631275,
    0.27755472463263253,
    0.2864351045733583,
    0.291382392206341,
    0.29608364532892517,
    0.30033269907697896,
    0.3036172687882122,
    0.310287772312071,
    0.31224546375751083,
    0.31561992407396594,
    0.3217494027722444,
    0.3216590710483209,
    0.3277908585187525,
    0.3275102009783221,
    0.3342641133123875,
    0.3371180421902819,
    0.3372605075260064,
    0.3349229601086596,
    0.3386953752807213,
    0.33396562938569174,
    0.3435759638171309
  ],
  "val_hr_list": [
    0.11558854718981973,
    0.15588547189819724,
    0.19724284199363734,
    0.24390243902439024,
    0.31283138918345704,
    0.38812301166489926,
    0.440084835630965,
    0.4740190880169671,
    0.4899257688229056,
    0.4984093319194062,
    0.5143160127253447,
    0.5174973488865323,
    0.5302226935312832,
    0.528101802757158,
    0.5355249204665959,
    0.5408271474019088,
    0.5514316012725344,
    0.5461293743372216,
    0.5546129374337222,
    0.5577942735949099,
    0.5546129374337222,
    0.5556733828207847,
    0.5694591728525981,
    0.5641569459172853,
    0.5737009544008483,
    0.5715800636267232,
    0.5758218451749735,
    0.5811240721102863,
    0.591728525980912,
    0.5874867444326617
  ],
  "val_ndcg_list": [
    0.0519094603232871,
    0.07122028722037005,
    0.09336316023137105,
    0.1270275939607002,
    0.16898110783253686,
    0.2176107087150015,
    0.2511072151167589,
    0.27161898799725936,
    0.2824032695611022,
    0.28627841411991556,
    0.29859077332306466,
    0.3026307342928364,
    0.3083261776145637,
    0.31333020438438086,
    0.31722296967150493,
    0.3241227393203884,
    0.3315693615101728,
    0.3312129354445872,
    0.3384140822857125,
    0.33434060110899677,
    0.3395369508147584,
    0.342956522285371,
    0.348219931654799,
    0.3469357230827004,
    0.3555774242925381,
    0.35403338608761675,
    0.35554476516597644,
    0.3588514974887275,
    0.3637172488224447,
    0.36287779333666564
  ],
  "upload_bytes_per_round": [
    214732416,
    214732416,
    214732416,
    214732416,
    214732416,
    214732416,
    214732416,
    214732416,
    214732416,
    214732416,
    214732416,
    214732416,
    214732416,
    214732416,
    214732416,
    214732416,
    214732416,
    214732416,
    214732416,
    214732416,
    214732416,
    214732416,
    214732416,
    214732416,
    214732416,
    214732416,
    214732416,
    214732416,
    214732416,
    214732416
  ],
  "total_upload_bytes": 6441972480,
  "aggregate_stats_per_round": [
    {
      "avg_item_neighbors": 705.5800636267232,
      "avg_interest_neighbors": 682.6850477200425,
      "avg_trusted_neighbors": 526.1314952279957,
      "avg_union_neighbors": 862.1336161187699,
      "avg_false_neighbor_ratio": 0.389733232307329,
      "isolated_nodes": 101.0,
      "mode": "intersection"
    },
    {
      "avg_item_neighbors": 722.3817603393426,
      "avg_interest_neighbors": 605.9512195121952,
      "avg_trusted_neighbors": 480.1039236479321,
      "avg_union_neighbors": 848.2290562036055,
      "avg_false_neighbor_ratio": 0.4339925988898335,
      "isolated_nodes": 95.0,
      "mode": "intersection"
    },
    {
      "avg_item_neighbors": 718.1887592788971,
      "avg_interest_neighbors": 570.6511134676564,
      "avg_trusted_neighbors": 444.52810180275713,
      "avg_union_neighbors": 844.3117709437964,
      "avg_false_neighbor_ratio": 0.47350242280070237,
      "isolated_nodes": 109.0,
      "mode": "intersection"
    },
    {
      "avg_item_neighbors": 713.4209968186639,
      "avg_interest_neighbors": 565.0243902439024,
      "avg_trusted_neighbors": 433.7073170731707,
      "avg_union_neighbors": 844.7380699893955,
      "avg_false_neighbor_ratio": 0.4865777541213275,
      "isolated_nodes": 115.0,
      "mode": "intersection"
    },
    {
      "avg_item_neighbors": 705.6585365853658,
      "avg_interest_neighbors": 583.2661717921527,
      "avg_trusted_neighbors": 444.0551431601273,
      "avg_union_neighbors": 844.8695652173913,
      "avg_false_neighbor_ratio": 0.4744098243781944,
      "isolated_nodes": 119.0,
      "mode": "intersection"
    },
    {
      "avg_item_neighbors": 704.8229056203605,
      "avg_interest_neighbors": 572.8780487804878,
      "avg_trusted_neighbors": 443.97030752916226,
      "avg_union_neighbors": 833.7306468716861,
      "avg_false_neighbor_ratio": 0.46748951931295535,
      "isolated_nodes": 120.0,
      "mode": "intersection"
    },
    {
      "avg_item_neighbors": 697.1049840933192,
      "avg_interest_neighbors": 573.0137857900318,
      "avg_trusted_neighbors": 445.3191940615058,
      "avg_union_neighbors": 824.7995758218452,
      "avg_false_neighbor_ratio": 0.4600879933554988,
      "isolated_nodes": 120.0,
      "mode": "intersection"
    },
    {
      "avg_item_neighbors": 681.3340402969247,
      "avg_interest_neighbors": 677.7348886532344,
      "avg_trusted_neighbors": 542.9777306468717,
      "avg_union_neighbors": 816.0911983032873,
      "avg_false_neighbor_ratio": 0.3346604744962798,
      "isolated_nodes": 126.0,
      "mode": "intersection"
    },
    {
      "avg_item_neighbors": 678.0615058324496,
      "avg_interest_neighbors": 660.9077412513255,
      "avg_trusted_neighbors": 533.8579003181336,
      "avg_union_neighbors": 805.1113467656415,
      "avg_false_neighbor_ratio": 0.336914201417244,
      "isolated_nodes": 129.0,
      "mode": "intersection"
    },
    {
      "avg_item_neighbors": 656.5959703075291,
      "avg_interest_neighbors": 648.9946977730647,
      "avg_trusted_neighbors": 512.1951219512196,
      "avg_union_neighbors": 793.3955461293743,
      "avg_false_neighbor_ratio": 0.35442652224354826,
      "isolated_nodes": 142.0,
      "mode": "intersection"
    },
    {
      "avg_item_neighbors": 648.8101802757158,
      "avg_interest_neighbors": 636.5174973488865,
      "avg_trusted_neighbors": 502.65535524920466,
      "avg_union_neighbors": 782.6723223753977,
      "avg_false_neighbor_ratio": 0.35777037097254966,
      "isolated_nodes": 146.0,
      "mode": "intersection"
    },
    {
      "avg_item_neighbors": 637.7539766702015,
      "avg_interest_neighbors": 636.8144220572641,
      "avg_trusted_neighbors": 498.51325556733826,
      "avg_union_neighbors": 776.0551431601273,
      "avg_false_neighbor_ratio": 0.3576316580579924,
      "isolated_nodes": 150.0,
      "mode": "intersection"
    },
    {
      "avg_item_neighbors": 624.1124072110287,
      "avg_interest_neighbors": 644.8928950159067,
      "avg_trusted_neighbors": 505.98091198303285,
      "avg_union_neighbors": 763.0243902439024,
      "avg_false_neighbor_ratio": 0.33687452399615303,
      "isolated_nodes": 154.0,