{
  "tag": "Q2_v3_mp3",
  "alias": "Q2_v3_mp3",
  "dataset": "100k",
  "num_round_requested": 30,
  "num_round_actual": 30,
  "best_round": 28,
  "best_test_hr": 0.5365853658536586,
  "best_test_ndcg": 0.3364815777084349,
  "best_val_hr": 0.5874867444326617,
  "hr_list": [
    0.12089077412513255,
    0.14634146341463414,
    0.19300106044538706,
    0.24284199363732767,
    0.2979851537645811,
    0.3488865323435843,
    0.3902439024390244,
    0.42311770943796395,
    0.4602332979851538,
    0.4559915164369035,
    0.47932131495228,
    0.48886532343584305,
    0.4909862142099682,
    0.49628844114528103,
    0.5090137857900318,
    0.5015906680805938,
    0.5121951219512195,
    0.5090137857900318,
    0.5111346765641569,
    0.5100742311770944,
    0.5111346765641569,
    0.5206786850477201,
    0.5227995758218452,
    0.5344644750795334,
    0.5376458112407211,
    0.5355249204665959,
    0.5376458112407211,
    0.542948038176034,
    0.5365853658536586,
    0.5535524920466596
  ],
  "ndcg_list": [
    0.05614286097847594,
    0.06678683878133204,
    0.09447458767950374,
    0.12459449534426174,
    0.16197211462902686,
    0.19793375519735892,
    0.23265408008384722,
    0.24691147573047215,
    0.26372660138919923,
    0.26826522389736357,
    0.2763033392662735,
    0.28318512676657254,
    0.2878124360801435,
    0.2941525466380457,
    0.2983113113954869,
    0.30248799874543064,
    0.3082170160291432,
    0.31055846127172704,
    0.31073505168857035,
    0.32012642493871585,
    0.31913047184429216,
    0.32612709960876124,
    0.3293309350669281,
    0.3313238136758221,
    0.3334380540354066,
    0.33812988216161977,
    0.3346116627820362,
    0.3349292406322668,
    0.3364815777084349,
    0.3440615522341541
  ],
  "val_hr_list": [
    0.11558854718981973,
    0.15588547189819724,
    0.19830328738069988,
    0.24284199363732767,
    0.3117709437963945,
    0.3870625662778367,
    0.43478260869565216,
    0.4687168610816543,
    0.48462354188759277,
    0.4931071049840933,
    0.513255567338282,
    0.5143160127253447,
    0.528101802757158,
    0.5227995758218452,
    0.5302226935312832,
    0.5408271474019088,
    0.5418875927889714,
    0.5418875927889714,
    0.5535524920466596,
    0.5524920466595971,
    0.5524920466595971,
    0.5588547189819725,
    0.5609756097560976,
    0.5620360551431601,
    0.5715800636267232,
    0.5630965005302226,
    0.5715800636267232,
    0.5758218451749735,
    0.5874867444326617,
    0.5821845174973489
  ],
  "val_ndcg_list": [
    0.0519094603232871,
    0.07080853605480572,
    0.09317155277811613,
    0.12637609856925622,
    0.16844272885881423,
    0.2166037503362407,
    0.24810829954828334,
    0.2702842507802791,
    0.28090161337888186,
    0.2864841193101207,
    0.29733819791746596,
    0.3010977319058542,
    0.3090191647424313,
    0.3115709594490976,
    0.31406361644602854,
    0.3206485525626227,
    0.3246851569767229,
    0.32753550252615105,
    0.33597245368673473,
    0.33189037701574403,
    0.3365573481191846,
    0.34218331969831384,
    0.3454162378228633,
    0.34629902313099914,
    0.35332456095690024,
    0.3530590709351033,
    0.3552012035675538,
    0.35515133991422526,
    0.36391682992768476,
    0.36095625012947197
  ],
  "upload_bytes_per_round": [
    214732416,
    214732416,
    214732416,
    214732416,
    214732416,
    214732416,
    214732416,
    214732416,
    214732416,
    214732416,
    214732416,
    214732416,
    214732416,
    214732416,
    214732416,
    214732416,
    214732416,
    214732416,
    214732416,
    214732416,
    214732416,
    214732416,
    214732416,
    214732416,
    214732416,
    214732416,
    214732416,
    214732416,
    214732416,
    214732416
  ],
  "total_upload_bytes": 6441972480,
  "aggregate_stats_per_round": [
    {
      "avg_item_neighbors": 705.5800636267232,
      "avg_interest_neighbors": 682.6850477200425,
      "avg_trusted_neighbors": 526.1314952279957,
      "avg_union_neighbors": 862.1336161187699,
      "avg_false_neighbor_ratio": 0.389733232307329,
      "isolated_nodes": 101.0,
      "mode": "intersection"
    },
    {
      "avg_item_neighbors": 723.1728525980913,
      "avg_interest_neighbors": 606.1908801696712,
      "avg_trusted_neighbors": 480.22481442205725,
      "avg_union_neighbors": 849.1389183457052,
      "avg_false_neighbor_ratio": 0.4344567136816287,
      "isolated_nodes": 95.0,
      "mode": "intersection"
    },
    {
      "avg_item_neighbors": 719.2152704135736,
      "avg_interest_neighbors": 570.6808059384941,
      "avg_trusted_neighbors": 444.9374337221633,
      "avg_union_neighbors": 844.9586426299046,
      "avg_false_neighbor_ratio": 0.47342105131049855,
      "isolated_nodes": 109.0,
      "mode": "intersection"
    },
    {
      "avg_item_neighbors": 714.5980911983033,
      "avg_interest_neighbors": 565.1834570519618,
      "avg_trusted_neighbors": 434.56415694591726,
      "avg_union_neighbors": 845.2173913043479,
      "avg_false_neighbor_ratio": 0.48585516410719665,
      "isolated_nodes": 115.0,
      "mode": "intersection"
    },
    {
      "avg_item_neighbors": 706.8016967126193,
      "avg_interest_neighbors": 583.3361611876988,
      "avg_trusted_neighbors": 444.7274655355249,
      "avg_union_neighbors": 845.4103923647932,
      "avg_false_neighbor_ratio": 0.47395079413262553,
      "isolated_nodes": 119.0,
      "mode": "intersection"
    },
    {
      "avg_item_neighbors": 705.272534464475,
      "avg_interest_neighbors": 572.984093319194,
      "avg_trusted_neighbors": 444.81654294803815,
      "avg_union_neighbors": 833.440084835631,
      "avg_false_neighbor_ratio": 0.46628851786536785,
      "isolated_nodes": 120.0,
      "mode": "intersection"
    },
    {
      "avg_item_neighbors": 699.1452810180276,
      "avg_interest_neighbors": 573.2767762460234,
      "avg_trusted_neighbors": 446.55355249204666,
      "avg_union_neighbors": 825.8685047720043,
      "avg_false_neighbor_ratio": 0.4592921876645172,
      "isolated_nodes": 120.0,
      "mode": "intersection"
    },
    {
      "avg_item_neighbors": 683.8027571580063,
      "avg_interest_neighbors": 682.356309650053,
      "avg_trusted_neighbors": 548.3817603393426,
      "avg_union_neighbors": 817.7773064687169,
      "avg_false_neighbor_ratio": 0.32942409137356,
      "isolated_nodes": 126.0,
      "mode": "intersection"
    },
    {
      "avg_item_neighbors": 678.1378579003182,
      "avg_interest_neighbors": 665.3531283138918,
      "avg_trusted_neighbors": 537.4570519618239,
      "avg_union_neighbors": 806.033934252386,
      "avg_false_neighbor_ratio": 0.33320790958965385,
      "isolated_nodes": 127.0,
      "mode": "intersection"
    },
    {
      "avg_item_neighbors": 662.6850477200425,
      "avg_interest_neighbors": 648.8716861081655,
      "avg_trusted_neighbors": 516.152704135737,
      "avg_union_neighbors": 795.4040296924709,
      "avg_false_neighbor_ratio": 0.35108110486277205,
      "isolated_nodes": 135.0,
      "mode": "intersection"
    },
    {
      "avg_item_neighbors": 652.7720042417816,
      "avg_interest_neighbors": 631.9533404029693,
      "avg_trusted_neighbors": 501.8515376458112,
      "avg_union_neighbors": 782.8738069989396,
      "avg_false_neighbor_ratio": 0.35896241110734844,
      "isolated_nodes": 144.0,
      "mode": "intersection"
    },
    {
      "avg_item_neighbors": 638.4623541887593,
      "avg_interest_neighbors": 634.4665959703075,
      "avg_trusted_neighbors": 497.4591728525981,
      "avg_union_neighbors": 775.4697773064687,
      "avg_false_neighbor_ratio": 0.3585060470306372,
      "isolated_nodes": 150.0,
      "mode": "intersection"
    },
    {
      "avg_item_neighbors": 624.5217391304348,
      "avg_interest_neighbors": 639.0583244962885,
      "avg_trusted_neighbors": 499.6055143160127,
      "avg_union_neighbors": 763.9745493107105,
      "avg_false_neighbor_ratio": 0.34604429589077607,
      "isolated_nodes": 156.0,