{
  "tag": "R1_reg_0.1",
  "alias": "R1_reg_0.1",
  "dataset": "100k",
  "num_round_requested": 30,
  "num_round_actual": 30,
  "best_round": 27,
  "best_test_hr": 0.6755037115588547,
  "best_test_ndcg": 0.42383064135874426,
  "best_val_hr": 0.7136797454931071,
  "hr_list": [
    0.19406150583244963,
    0.28844114528101805,
    0.4135737009544008,
    0.5079533404029692,
    0.5344644750795334,
    0.5418875927889714,
    0.5471898197242842,
    0.5588547189819725,
    0.5683987274655355,
    0.5683987274655355,
    0.5726405090137858,
    0.5758218451749735,
    0.5821845174973489,
    0.5832449628844114,
    0.591728525980912,
    0.5821845174973489,
    0.6097560975609756,
    0.6002120890774125,
    0.616118769883351,
    0.6224814422057264,
    0.6182396606574762,
    0.6373276776246023,
    0.6426299045599152,
    0.6511134676564156,
    0.6617179215270413,
    0.6489925768822906,
    0.6638388123011665,
    0.6755037115588547,
    0.6755037115588547,
    0.6903499469777307
  ],
  "ndcg_list": [
    0.0924846088378273,
    0.1547866882956912,
    0.24972526853410257,
    0.3142744791778314,
    0.3303923829126811,
    0.3378864517341919,
    0.3449266490206383,
    0.3447287844020016,
    0.34641574383200996,
    0.3473294370216482,
    0.3498134304622236,
    0.344658327218077,
    0.3496597826238579,
    0.35554372939433465,
    0.3617926860873602,
    0.35759670121398185,
    0.3708582690108352,
    0.36359049750938716,
    0.37446270779403296,
    0.38274911523988964,
    0.38716818064506425,
    0.38948982900245666,
    0.39820325533604994,
    0.40180279207247316,
    0.4116097837354036,
    0.4044557778304998,
    0.41274094269795164,
    0.42383064135874426,
    0.4283815377104745,
    0.42559644282868797
  ],
  "val_hr_list": [
    0.19724284199363734,
    0.3022269353128314,
    0.43584305408271473,
    0.5334040296924708,
    0.5673382820784729,
    0.5885471898197243,
    0.5885471898197243,
    0.5970307529162248,
    0.6002120890774125,
    0.5938494167550371,
    0.6171792152704135,
    0.6086956521739131,
    0.6139978791092259,
    0.6214209968186638,
    0.6086956521739131,
    0.6193001060445387,
    0.6341463414634146,
    0.6436903499469777,
    0.6415694591728526,
    0.647932131495228,
    0.6595970307529162,
    0.662778366914104,
    0.662778366914104,
    0.6786850477200425,
    0.689289501590668,
    0.6956521739130435,
    0.6818663838812301,
    0.7136797454931071,
    0.6998939554612937,
    0.7030752916224814
  ],
  "val_ndcg_list": [
    0.09510213909136357,
    0.16765923928134158,
    0.2596827761476487,
    0.33176352064851516,
    0.35655609176814773,
    0.3692740377274287,
    0.3707335679068852,
    0.36781839534181415,
    0.36644043045354313,
    0.36383443179893704,
    0.3804526944530061,
    0.3730817866676674,
    0.3785454958505622,
    0.3816601916338388,
    0.38607458482946155,
    0.39106956586075,
    0.3976344633325812,
    0.4018292857270546,
    0.41413181751205613,
    0.40703847460654546,
    0.4146532206980397,
    0.421067527481338,
    0.43037986051606975,
    0.43507708152713037,
    0.44072868911725965,
    0.4490259792251543,
    0.4420265980413747,
    0.45806798669643045,
    0.45512875703271577,
    0.4599774115662586
  ],
  "upload_bytes_per_round": [
    214732416,
    214732416,
    214732416,
    214732416,
    214732416,
    214732416,
    214732416,
    214732416,
    214732416,
    214732416,
    214732416,
    214732416,
    214732416,
    214732416,
    214732416,
    214732416,
    214732416,
    214732416,
    214732416,
    214732416,
    214732416,
    214732416,
    214732416,
    214732416,
    214732416,
    214732416,
    214732416,
    214732416,
    214732416,
    214732416
  ],
  "total_upload_bytes": 6441972480,
  "aggregate_stats_per_round": [
    {
      "avg_item_neighbors": 658.7147401908802,
      "avg_interest_neighbors": 675.0116648992577,
      "avg_trusted_neighbors": 555.0625662778367,
      "avg_union_neighbors": 778.6638388123012,
      "avg_false_neighbor_ratio": 0.28716021136351255,
      "isolated_nodes": 113.0,
      "mode": "intersection"
    },
    {
      "avg_item_neighbors": 644.1378579003182,
      "avg_interest_neighbors": 591.3467656415695,
      "avg_trusted_neighbors": 478.11240721102865,
      "avg_union_neighbors": 757.3722163308589,
      "avg_false_neighbor_ratio": 0.3687220142200666,
      "isolated_nodes": 135.0,
      "mode": "intersection"
    },
    {
      "avg_item_neighbors": 623.0413573700954,
      "avg_interest_neighbors": 563.5291622481442,
      "avg_trusted_neighbors": 435.5567338282078,
      "avg_union_neighbors": 751.0137857900318,
      "avg_false_neighbor_ratio": 0.42004162630647013,
      "isolated_nodes": 139.0,
      "mode": "intersection"
    },
    {
      "avg_item_neighbors": 591.6288441145281,
      "avg_interest_neighbors": 564.7189819724284,
      "avg_trusted_neighbors": 413.28950159066807,
      "avg_union_neighbors": 743.0583244962885,
      "avg_false_neighbor_ratio": 0.44379937891035304,
      "isolated_nodes": 152.0,
      "mode": "intersection"
    },
    {
      "avg_item_neighbors": 564.1633085896076,
      "avg_interest_neighbors": 556.9544008483563,
      "avg_trusted_neighbors": 388.8356309650053,
      "avg_union_neighbors": 732.2820784729587,
      "avg_false_neighbor_ratio": 0.46900840209574507,
      "isolated_nodes": 160.0,
      "mode": "intersection"
    },
    {
      "avg_item_neighbors": 538.0042417815482,
      "avg_interest_neighbors": 585.1431601272534,
      "avg_trusted_neighbors": 402.2608695652174,
      "avg_union_neighbors": 720.8865323435843,
      "avg_false_neighbor_ratio": 0.4419914209556985,
      "isolated_nodes": 177.0,
      "mode": "intersection"
    },
    {
      "avg_item_neighbors": 523.6076352067869,
      "avg_interest_neighbors": 650.305408271474,
      "avg_trusted_neighbors": 455.1389183457052,
      "avg_union_neighbors": 718.7741251325557,
      "avg_false_neighbor_ratio": 0.3667844981735133,
      "isolated_nodes": 178.0,
      "mode": "intersection"
    },
    {
      "avg_item_neighbors": 525.7751855779427,
      "avg_interest_neighbors": 635.7030752916224,
      "avg_trusted_neighbors": 457.0774125132556,
      "avg_union_neighbors": 704.4008483563097,
      "avg_false_neighbor_ratio": 0.35111178020323675,
      "isolated_nodes": 192.0,
      "mode": "intersection"
    },
    {
      "avg_item_neighbors": 519.8218451749735,
      "avg_interest_neighbors": 619.7094379639449,
      "avg_trusted_neighbors": 436.9756097560976,
      "avg_union_neighbors": 702.5556733828208,
      "avg_false_neighbor_ratio": 0.3780199544157824,
      "isolated_nodes": 179.0,
      "mode": "intersection"
    },
    {
      "avg_item_neighbors": 509.8048780487805,
      "avg_interest_neighbors": 606.0530222693532,
      "avg_trusted_neighbors": 425.5546129374337,
      "avg_union_neighbors": 690.3032873806999,
      "avg_false_neighbor_ratio": 0.38352515377383417,
      "isolated_nodes": 193.0,
      "mode": "intersection"
    },
    {
      "avg_item_neighbors": 512.8525980911983,
      "avg_interest_neighbors": 601.0837751855779,
      "avg_trusted_neighbors": 422.59597030752917,
      "avg_union_neighbors": 691.3404029692471,
      "avg_false_neighbor_ratio": 0.3887295339712302,
      "isolated_nodes": 186.0,
      "mode": "intersection"
    },
    {
      "avg_item_neighbors": 501.93637327677624,
      "avg_interest_neighbors": 609.6182396606574,
      "avg_trusted_neighbors": 427.86850477200426,
      "avg_union_neighbors": 683.6861081654295,
      "avg_false_neighbor_ratio": 0.37417405493271455,
      "isolated_nodes": 188.0,
      "mode": "intersection"
    },
    {
      "avg_item_neighbors": 502.47083775185575,
      "avg_interest_neighbors": 608.5026511134677,
      "avg_trusted_neighbors": 423.19194061505834,
      "avg_union_neighbors": 687.7815482502651,
      "avg_false_neighbor_ratio": 0.3847000669156216,
      "isolated_nodes": 183.0,