{
  "tag": "R2_reg_0.3",
  "alias": "R2_reg_0.3",
  "dataset": "100k",
  "num_round_requested": 30,
  "num_round_actual": 30,
  "best_round": 29,
  "best_test_hr": 0.6214209968186638,
  "best_test_ndcg": 0.3725447469860671,
  "best_val_hr": 0.662778366914104,
  "hr_list": [
    0.16542948038176034,
    0.2258748674443266,
    0.32343584305408274,
    0.41675503711558853,
    0.49628844114528103,
    0.5111346765641569,
    0.5217391304347826,
    0.5323435843054083,
    0.5471898197242842,
    0.5535524920466596,
    0.5461293743372216,
    0.5673382820784729,
    0.559915164369035,
    0.5546129374337222,
    0.559915164369035,
    0.5652173913043478,
    0.5790031813361611,
    0.5652173913043478,
    0.5652173913043478,
    0.5705196182396607,
    0.5726405090137858,
    0.5758218451749735,
    0.5821845174973489,
    0.6002120890774125,
    0.5938494167550371,
    0.5853658536585366,
    0.5832449628844114,
    0.5959703075291622,
    0.6065747613997879,
    0.6214209968186638
  ],
  "ndcg_list": [
    0.07611391964580884,
    0.11238244562874718,
    0.18138115715708397,
    0.24987957209126424,
    0.30375437475133726,
    0.313949836014819,
    0.3306297803085431,
    0.33441084261106296,
    0.3409546040905992,
    0.3423399443177833,
    0.34190733365647136,
    0.3413334270638388,
    0.3398701968651009,
    0.3377874151270003,
    0.34072945828227724,
    0.341533731971657,
    0.3493872291621484,
    0.34532224378914794,
    0.34018902276706897,
    0.3543124083208909,
    0.3493273707185139,
    0.35410715407557614,
    0.35860909328330565,
    0.35298051545728104,
    0.35352082757731695,
    0.35399396250113757,
    0.35647317897092595,
    0.359608317070574,
    0.3664443213997717,
    0.3725447469860671
  ],
  "val_hr_list": [
    0.1664899257688229,
    0.25556733828207845,
    0.3329798515376458,
    0.45811240721102864,
    0.5100742311770944,
    0.545068928950159,
    0.5630965005302226,
    0.5652173913043478,
    0.5832449628844114,
    0.5737009544008483,
    0.5832449628844114,
    0.5896076352067868,
    0.5949098621420997,
    0.5874867444326617,
    0.5874867444326617,
    0.5927889713679746,
    0.6108165429480382,
    0.6118769883351007,
    0.6086956521739131,
    0.6065747613997879,
    0.6044538706256628,
    0.616118769883351,
    0.6182396606574762,
    0.6118769883351007,
    0.6299045599151644,
    0.633085896076352,
    0.6383881230116649,
    0.647932131495228,
    0.6521739130434783,
    0.662778366914104
  ],
  "val_ndcg_list": [
    0.07605841714156368,
    0.12502544238809993,
    0.1838893615545198,
    0.27123047950873475,
    0.3128366724768522,
    0.33753805794592645,
    0.3571332782971807,
    0.36002105206465634,
    0.36355269505477933,
    0.3630179496924959,
    0.3633319447942648,
    0.36304816962188735,
    0.3680928133704327,
    0.3622433658801674,
    0.36460636009918634,
    0.36743926484545564,
    0.3750978165681848,
    0.37374078895347845,
    0.3754042896768976,
    0.3764800098224996,
    0.3708378011068926,
    0.38412017122682823,
    0.38477577325014306,
    0.37533396679524195,
    0.3839105207684396,
    0.38901706484069437,
    0.3903669612419366,
    0.39188983043265163,
    0.40113805939149844,
    0.40476891213919985
  ],
  "upload_bytes_per_round": [
    214732416,
    214732416,
    214732416,
    214732416,
    214732416,
    214732416,
    214732416,
    214732416,
    214732416,
    214732416,
    214732416,
    214732416,
    214732416,
    214732416,
    214732416,
    214732416,
    214732416,
    214732416,
    214732416,
    214732416,
    214732416,
    214732416,
    214732416,
    214732416,
    214732416,
    214732416,
    214732416,
    214732416,
    214732416,
    214732416
  ],
  "total_upload_bytes": 6441972480,
  "aggregate_stats_per_round": [
    {
      "avg_item_neighbors": 684.5980911983033,
      "avg_interest_neighbors": 681.7476139978791,
      "avg_trusted_neighbors": 541.3107104984093,
      "avg_union_neighbors": 825.0349946977731,
      "avg_false_neighbor_ratio": 0.34389363605515627,
      "isolated_nodes": 101.0,
      "mode": "intersection"
    },
    {
      "avg_item_neighbors": 671.1240721102863,
      "avg_interest_neighbors": 593.4443266171792,
      "avg_trusted_neighbors": 469.1049840933192,
      "avg_union_neighbors": 795.4634146341464,
      "avg_false_neighbor_ratio": 0.4102745953324926,
      "isolated_nodes": 120.0,
      "mode": "intersection"
    },
    {
      "avg_item_neighbors": 672.1548250265112,
      "avg_interest_neighbors": 565.779427359491,
      "avg_trusted_neighbors": 443.4676564156946,
      "avg_union_neighbors": 794.4665959703075,
      "avg_false_neighbor_ratio": 0.4418045281386899,
      "isolated_nodes": 119.0,
      "mode": "intersection"
    },
    {
      "avg_item_neighbors": 669.5100742311771,
      "avg_interest_neighbors": 553.4570519618239,
      "avg_trusted_neighbors": 436.32449628844114,
      "avg_union_neighbors": 786.64262990456,
      "avg_false_neighbor_ratio": 0.4453332686262139,
      "isolated_nodes": 118.0,
      "mode": "intersection"
    },
    {
      "avg_item_neighbors": 640.7847295864264,
      "avg_interest_neighbors": 568.0805938494168,
      "avg_trusted_neighbors": 428.7910922587487,
      "avg_union_neighbors": 780.0742311770944,
      "avg_false_neighbor_ratio": 0.45032014246679625,
      "isolated_nodes": 128.0,
      "mode": "intersection"
    },
    {
      "avg_item_neighbors": 601.3764581124072,
      "avg_interest_neighbors": 566.9013785790032,
      "avg_trusted_neighbors": 407.8388123011665,
      "avg_union_neighbors": 760.439024390244,
      "avg_false_neighbor_ratio": 0.4636797965120333,
      "isolated_nodes": 149.0,
      "mode": "intersection"
    },
    {
      "avg_item_neighbors": 558.118769883351,
      "avg_interest_neighbors": 659.3637327677625,
      "avg_trusted_neighbors": 473.2810180275716,
      "avg_union_neighbors": 744.2014846235419,
      "avg_false_neighbor_ratio": 0.3640418249541881,
      "isolated_nodes": 162.0,
      "mode": "intersection"
    },
    {
      "avg_item_neighbors": 548.0975609756098,
      "avg_interest_neighbors": 649.9936373276777,
      "avg_trusted_neighbors": 462.80381760339344,
      "avg_union_neighbors": 735.2873806998939,
      "avg_false_neighbor_ratio": 0.37058104116669743,
      "isolated_nodes": 177.0,
      "mode": "intersection"
    },
    {
      "avg_item_neighbors": 529.0901378579003,
      "avg_interest_neighbors": 630.6744432661718,
      "avg_trusted_neighbors": 439.3997879109226,
      "avg_union_neighbors": 720.3647932131495,
      "avg_false_neighbor_ratio": 0.3900315617161094,
      "isolated_nodes": 177.0,
      "mode": "intersection"
    },
    {
      "avg_item_neighbors": 517.5991516436903,
      "avg_interest_neighbors": 614.3329798515376,
      "avg_trusted_neighbors": 421.62460233297986,
      "avg_union_neighbors": 710.3075291622481,
      "avg_false_neighbor_ratio": 0.4064196351258547,
      "isolated_nodes": 193.0,
      "mode": "intersection"
    },
    {
      "avg_item_neighbors": 527.6161187698833,
      "avg_interest_neighbors": 606.3753976670201,
      "avg_trusted_neighbors": 426.35843054082716,
      "avg_union_neighbors": 707.6330858960763,
      "avg_false_neighbor_ratio": 0.3974865802085425,
      "isolated_nodes": 182.0,
      "mode": "intersection"
    },
    {
      "avg_item_neighbors": 521.2534464475079,
      "avg_interest_neighbors": 604.1845174973489,
      "avg_trusted_neighbors": 423.21102863202543,
      "avg_union_neighbors": 702.2269353128314,
      "avg_false_neighbor_ratio": 0.3973301117487164,
      "isolated_nodes": 184.0,
      "mode": "intersection"
    },
    {
      "avg_item_neighbors": 520.8123011664899,
      "avg_interest_neighbors": 606.5344644750795,
      "avg_trusted_neighbors": 422.67868504772,
      "avg_union_neighbors": 704.6680805938494,
      "avg_false_neighbor_ratio": 0.4001733629093667,
      "isolated_nodes": 181.0,