{
  "tag": "R3_reg_0.5",
  "alias": "R3_reg_0.5",
  "dataset": "100k",
  "num_round_requested": 30,
  "num_round_actual": 30,
  "best_round": 29,
  "best_test_hr": 0.5832449628844114,
  "best_test_ndcg": 0.36428694444814835,
  "best_val_hr": 0.630965005302227,
  "hr_list": [
    0.14103923647932132,
    0.18663838812301167,
    0.26299045599151644,
    0.34782608695652173,
    0.41993637327677624,
    0.47295864262990456,
    0.49204665959703076,
    0.5153764581124072,
    0.5174973488865323,
    0.5238600212089077,
    0.5397667020148462,
    0.5461293743372216,
    0.5493107104984093,
    0.545068928950159,
    0.5503711558854719,
    0.5493107104984093,
    0.5567338282078473,
    0.559915164369035,
    0.5567338282078473,
    0.5662778366914104,
    0.5567338282078473,
    0.5630965005302226,
    0.574761399787911,
    0.5853658536585366,
    0.5832449628844114,
    0.5715800636267232,
    0.5652173913043478,
    0.5790031813361611,
    0.5811240721102863,
    0.5832449628844114
  ],
  "ndcg_list": [
    0.06537284338905892,
    0.0902994004774756,
    0.13964900603650987,
    0.1976131427384118,
    0.24762924938695166,
    0.28120209948165364,
    0.3000692731341726,
    0.3133260709206776,
    0.3195725411321388,
    0.32077765837052835,
    0.3324327471719835,
    0.3331752063705513,
    0.3368544996785279,
    0.3345710807289658,
    0.3392530749163402,
    0.34144461202296233,
    0.3484181073095103,
    0.348802894702817,
    0.34235460932245154,
    0.35394883610389144,
    0.3512411354875327,
    0.35684308871984716,
    0.36447866278347213,
    0.3593517756930509,
    0.35841234689937046,
    0.35528501375828014,
    0.352888525654877,
    0.36036611052415446,
    0.36277246006911507,
    0.36428694444814835
  ],
  "val_hr_list": [
    0.1474019088016967,
    0.20996818663838812,
    0.2704135737009544,
    0.37857900318133614,
    0.46659597030752914,
    0.5068928950159067,
    0.5291622481442205,
    0.542948038176034,
    0.5577942735949099,
    0.5493107104984093,
    0.5620360551431601,
    0.5673382820784729,
    0.574761399787911,
    0.5811240721102863,
    0.5726405090137858,
    0.584305408271474,
    0.5938494167550371,
    0.5980911983032874,
    0.5927889713679746,
    0.5970307529162248,
    0.5874867444326617,
    0.5959703075291622,
    0.6097560975609756,
    0.601272534464475,
    0.6065747613997879,
    0.6002120890774125,
    0.6129374337221634,
    0.6150583244962884,
    0.6288441145281018,
    0.630965005302227
  ],
  "val_ndcg_list": [
    0.06557122190791843,
    0.09744464512452489,
    0.13575583924228357,
    0.2081204294701987,
    0.2712663967921339,
    0.3008871261078785,
    0.32036634173807205,
    0.33537863752740726,
    0.34471836967842967,
    0.3425856974451639,
    0.3528077109728485,
    0.35578461774127196,
    0.3574732906957237,
    0.3627923637374721,
    0.3597079506729356,
    0.3674078954680009,
    0.3762851877489582,
    0.37344675413845446,
    0.3742679604849723,
    0.3702400681103847,
    0.368746121502885,
    0.37918275347601044,
    0.3865559503839046,
    0.3763114033795436,
    0.38191676971645383,
    0.3812746561696235,
    0.3836167397543621,
    0.3884052657197727,
    0.3944497402499271,
    0.39564360117823905
  ],
  "upload_bytes_per_round": [
    214732416,
    214732416,
    214732416,
    214732416,
    214732416,
    214732416,
    214732416,
    214732416,
    214732416,
    214732416,
    214732416,
    214732416,
    214732416,
    214732416,
    214732416,
    214732416,
    214732416,
    214732416,
    214732416,
    214732416,
    214732416,
    214732416,
    214732416,
    214732416,
    214732416,
    214732416,
    214732416,
    214732416,
    214732416,
    214732416
  ],
  "total_upload_bytes": 6441972480,
  "aggregate_stats_per_round": [
    {
      "avg_item_neighbors": 698.1930010604453,
      "avg_interest_neighbors": 683.4422057264051,
      "avg_trusted_neighbors": 532.6998939554613,
      "avg_union_neighbors": 848.9353128313892,
      "avg_false_neighbor_ratio": 0.3725082631104271,
      "isolated_nodes": 94.0,
      "mode": "intersection"
    },
    {
      "avg_item_neighbors": 693.3934252386002,
      "avg_interest_neighbors": 597.272534464475,
      "avg_trusted_neighbors": 468.36691410392365,
      "avg_union_neighbors": 822.2990455991517,
      "avg_false_neighbor_ratio": 0.4304177821796479,
      "isolated_nodes": 113.0,
      "mode": "intersection"
    },
    {
      "avg_item_neighbors": 691.7942735949099,
      "avg_interest_neighbors": 568.5747613997879,
      "avg_trusted_neighbors": 437.7582184517497,
      "avg_union_neighbors": 822.610816542948,
      "avg_false_neighbor_ratio": 0.46784286123121427,
      "isolated_nodes": 113.0,
      "mode": "intersection"
    },
    {
      "avg_item_neighbors": 693.4443266171792,
      "avg_interest_neighbors": 557.7921527041358,
      "avg_trusted_neighbors": 435.40615058324494,
      "avg_union_neighbors": 815.83032873807,
      "avg_false_neighbor_ratio": 0.46630305929330534,
      "isolated_nodes": 111.0,
      "mode": "intersection"
    },
    {
      "avg_item_neighbors": 684.1081654294804,
      "avg_interest_neighbors": 566.7741251325557,
      "avg_trusted_neighbors": 441.8557794273595,
      "avg_union_neighbors": 809.0265111346765,
      "avg_false_neighbor_ratio": 0.4538426450232792,
      "isolated_nodes": 114.0,
      "mode": "intersection"
    },
    {
      "avg_item_neighbors": 659.4209968186639,
      "avg_interest_neighbors": 559.2598091198304,
      "avg_trusted_neighbors": 428.91410392364793,
      "avg_union_neighbors": 789.7667020148463,
      "avg_false_neighbor_ratio": 0.4569103726082578,
      "isolated_nodes": 129.0,
      "mode": "intersection"
    },
    {
      "avg_item_neighbors": 628.3351007423117,
      "avg_interest_neighbors": 665.5737009544008,
      "avg_trusted_neighbors": 516.2863202545069,
      "avg_union_neighbors": 777.6224814422058,
      "avg_false_neighbor_ratio": 0.33607073795373776,
      "isolated_nodes": 143.0,
      "mode": "intersection"
    },
    {
      "avg_item_neighbors": 608.8398727465535,
      "avg_interest_neighbors": 665.2067868504772,
      "avg_trusted_neighbors": 505.4761399787911,
      "avg_union_neighbors": 768.5705196182397,
      "avg_false_neighbor_ratio": 0.34231651217917053,
      "isolated_nodes": 153.0,
      "mode": "intersection"
    },
    {
      "avg_item_neighbors": 589.9512195121952,
      "avg_interest_neighbors": 640.7317073170732,
      "avg_trusted_neighbors": 476.02120890774125,
      "avg_union_neighbors": 754.661717921527,
      "avg_false_neighbor_ratio": 0.3692257105358563,
      "isolated_nodes": 153.0,
      "mode": "intersection"
    },
    {
      "avg_item_neighbors": 579.3170731707318,
      "avg_interest_neighbors": 623.7073170731708,
      "avg_trusted_neighbors": 457.44220572640506,
      "avg_union_neighbors": 745.5821845174974,
      "avg_false_neighbor_ratio": 0.38646306842425654,
      "isolated_nodes": 162.0,
      "mode": "intersection"
    },
    {
      "avg_item_neighbors": 577.255567338282,
      "avg_interest_neighbors": 613.1728525980913,
      "avg_trusted_neighbors": 454.46023329798516,
      "avg_union_neighbors": 735.9681866383881,
      "avg_false_neighbor_ratio": 0.38250016570175416,
      "isolated_nodes": 162.0,
      "mode": "intersection"
    },
    {
      "avg_item_neighbors": 571.4782608695652,
      "avg_interest_neighbors": 608.9607635206787,
      "avg_trusted_neighbors": 452.288441145281,
      "avg_union_neighbors": 728.1505832449628,
      "avg_false_neighbor_ratio": 0.37885314994917324,
      "isolated_nodes": 173.0,
      "mode": "intersection"
    },
    {
      "avg_item_neighbors": 561.4125132555673,
      "avg_interest_neighbors": 615.0307529162249,
      "avg_trusted_neighbors": 451.09225874867445,
      "avg_union_neighbors": 725.3510074231177,
      "avg_false_neighbor_ratio": 0.3781048704251132,
      "isolated_nodes": 172.0,