{
  "tag": "S1_C4_seed0",
  "alias": "S1_C4_seed0",
  "dataset": "100k",
  "num_round_requested": 30,
  "num_round_actual": 30,
  "best_round": 28,
  "best_test_hr": 0.7613997879109226,
  "best_test_ndcg": 0.4739764798112641,
  "best_val_hr": 0.7879109225874867,
  "hr_list": [
    0.19724284199363734,
    0.29056203605514314,
    0.45068928950159065,
    0.5471898197242842,
    0.5906680805938495,
    0.6139978791092259,
    0.6076352067868505,
    0.6139978791092259,
    0.6193001060445387,
    0.633085896076352,
    0.6362672322375398,
    0.6468716861081655,
    0.6617179215270413,
    0.6702014846235419,
    0.6659597030752916,
    0.6829268292682927,
    0.6691410392364793,
    0.6808059384941676,
    0.6967126193001061,
    0.711558854718982,
    0.7136797454931071,
    0.7030752916224814,
    0.7264050901378579,
    0.7221633085896076,
    0.7497348886532343,
    0.7486744432661718,
    0.7444326617179216,
    0.7529162248144221,
    0.7613997879109226,
    0.767762460233298
  ],
  "ndcg_list": [
    0.09385326502930796,
    0.1526458311351072,
    0.2741243125591445,
    0.3471371310216145,
    0.3772924340107659,
    0.38660742343789534,
    0.3936762684667213,
    0.39922218704790896,
    0.39765763736866994,
    0.4105855927272004,
    0.4224209963074961,
    0.42608295046144956,
    0.43255318117173686,
    0.43152076832502134,
    0.4350015967342035,
    0.447576021742758,
    0.43583767039975335,
    0.4416833472195647,
    0.4429426736990795,
    0.45202642102393575,
    0.46505356874904064,
    0.45078670691095063,
    0.46288042161091114,
    0.4603913623698154,
    0.4627888206949314,
    0.46879937945769506,
    0.4686174400198735,
    0.47345607879695767,
    0.4739764798112641,
    0.49131172348762026
  ],
  "val_hr_list": [
    0.19300106044538706,
    0.3117709437963945,
    0.47720042417815484,
    0.5758218451749735,
    0.5980911983032874,
    0.6203605514316013,
    0.630965005302227,
    0.6521739130434783,
    0.6585365853658537,
    0.6638388123011665,
    0.6776246023329798,
    0.6839872746553552,
    0.6924708377518558,
    0.6956521739130435,
    0.71898197242842,
    0.7168610816542949,
    0.7285259809119831,
    0.7094379639448568,
    0.7582184517497349,
    0.7370095440084835,
    0.7560975609756098,
    0.7476139978791092,
    0.7645811240721103,
    0.7582184517497349,
    0.7720042417815483,
    0.7815482502651113,
    0.7815482502651113,
    0.7815482502651113,
    0.7879109225874867,
    0.7783669141039237
  ],
  "val_ndcg_list": [
    0.0892605412344252,
    0.16697260877470935,
    0.2949456932457964,
    0.3732382673014988,
    0.3954303338207146,
    0.405167039809013,
    0.41168138625216244,
    0.4226407699126282,
    0.43970291739554557,
    0.43791542283178525,
    0.4516689599045077,
    0.45220729514640573,
    0.4587829620679772,
    0.46591585452528383,
    0.47581532342336785,
    0.47099886796953705,
    0.4705420048839329,
    0.46768954204390106,
    0.4852202882362883,
    0.4809118854287324,
    0.5039931058672108,
    0.47926621151751625,
    0.49987523666105876,
    0.4862684085984203,
    0.5088880415915907,
    0.5102438124450628,
    0.5043604978987917,
    0.5157001887244973,
    0.5250545377852015,
    0.5212609602640025
  ],
  "upload_bytes_per_round": [
    214732416,
    214732416,
    214732416,
    214732416,
    214732416,
    214732416,
    214732416,
    214732416,
    214732416,
    214732416,
    214732416,
    214732416,
    214732416,
    214732416,
    214732416,
    214732416,
    214732416,
    214732416,
    214732416,
    214732416,
    214732416,
    214732416,
    214732416,
    214732416,
    214732416,
    214732416,
    214732416,
    214732416,
    214732416,
    214732416
  ],
  "total_upload_bytes": 6441972480,
  "aggregate_stats_per_round": [
    {
      "avg_item_neighbors": 684.2863202545069,
      "avg_interest_neighbors": 661.6500530222694,
      "avg_trusted_neighbors": 577.1495227995758,
      "avg_union_neighbors": 768.7868504772005,
      "avg_false_neighbor_ratio": 0.249272379670219,
      "isolated_nodes": 111.0,
      "mode": "intersection"
    },
    {
      "avg_item_neighbors": 596.8038176033934,
      "avg_interest_neighbors": 552.9331919406151,
      "avg_trusted_neighbors": 434.85896076352066,
      "avg_union_neighbors": 714.8780487804878,
      "avg_false_neighbor_ratio": 0.39170189726017235,
      "isolated_nodes": 179.0,
      "mode": "intersection"
    },
    {
      "avg_item_neighbors": 517.3849416755037,
      "avg_interest_neighbors": 549.5567338282078,
      "avg_trusted_neighbors": 381.58006362672324,
      "avg_union_neighbors": 685.3616118769884,
      "avg_false_neighbor_ratio": 0.443242724695805,
      "isolated_nodes": 209.0,
      "mode": "intersection"
    },
    {
      "avg_item_neighbors": 520.1060445387062,
      "avg_interest_neighbors": 561.6394485683987,
      "avg_trusted_neighbors": 382.1039236479321,
      "avg_union_neighbors": 699.6415694591728,
      "avg_false_neighbor_ratio": 0.45385760319630414,
      "isolated_nodes": 211.0,
      "mode": "intersection"
    },
    {
      "avg_item_neighbors": 510.16967126193003,
      "avg_interest_neighbors": 634.271474019088,
      "avg_trusted_neighbors": 446.1781548250265,
      "avg_union_neighbors": 698.2629904559915,
      "avg_false_neighbor_ratio": 0.3610170366703014,
      "isolated_nodes": 209.0,
      "mode": "intersection"
    },
    {
      "avg_item_neighbors": 497.30222693531283,
      "avg_interest_neighbors": 630.8780487804878,
      "avg_trusted_neighbors": 440.90986214209966,
      "avg_union_neighbors": 687.2704135737009,
      "avg_false_neighbor_ratio": 0.35846232656890337,
      "isolated_nodes": 213.0,
      "mode": "intersection"
    },
    {
      "avg_item_neighbors": 487.745493107105,
      "avg_interest_neighbors": 612.6553552492047,
      "avg_trusted_neighbors": 429.2407211028632,
      "avg_union_neighbors": 671.1601272534465,
      "avg_false_neighbor_ratio": 0.3604496100514454,
      "isolated_nodes": 216.0,
      "mode": "intersection"
    },
    {
      "avg_item_neighbors": 465.34464475079534,
      "avg_interest_neighbors": 596.288441145281,
      "avg_trusted_neighbors": 398.73806998939557,
      "avg_union_neighbors": 662.8950159066808,
      "avg_false_neighbor_ratio": 0.39848986578362205,
      "isolated_nodes": 210.0,
      "mode": "intersection"
    },
    {
      "avg_item_neighbors": 438.5408271474019,
      "avg_interest_neighbors": 601.6458112407211,
      "avg_trusted_neighbors": 387.3149522799576,
      "avg_union_neighbors": 652.8716861081655,
      "avg_false_neighbor_ratio": 0.4067518005126223,
      "isolated_nodes": 230.0,
      "mode": "intersection"
    },
    {
      "avg_item_neighbors": 426.12301166489925,
      "avg_interest_neighbors": 600.4941675503711,
      "avg_trusted_neighbors": 381.14740190880167,
      "avg_union_neighbors": 645.4697773064687,
      "avg_false_neighbor_ratio": 0.40950387561239276,
      "isolated_nodes": 224.0,
      "mode": "intersection"
    },
    {
      "avg_item_neighbors": 424.64687168610817,
      "avg_interest_neighbors": 602.0296924708377,
      "avg_trusted_neighbors": 376.1484623541888,
      "avg_union_neighbors": 650.5281018027572,
      "avg_false_neighbor_ratio": 0.42177984116013095,
      "isolated_nodes": 220.0,
      "mode": "intersection"
    },
    {
      "avg_item_neighbors": 411.1983032873807,
      "avg_interest_neighbors": 599.3001060445387,
      "avg_trusted_neighbors": 358.4475079533404,
      "avg_union_neighbors": 652.050901378579,
      "avg_false_neighbor_ratio": 0.45027680017694394,
      "isolated_nodes": 212.0,
      "mode": "intersection"
    },
    {
      "avg_item_neighbors": 407.25132555673383,
      "avg_interest_neighbors": 603.5652173913044,
      "avg_trusted_neighbors": 352.76139978791093,
      "avg_union_neighbors": 658.0551431601273,
      "avg_false_neighbor_ratio": 0.4639333748021903,
      "isolated_nodes": 209.0,