{
  "tag": "S2_C4_seed1",
  "alias": "S2_C4_seed1",
  "dataset": "100k",
  "num_round_requested": 30,
  "num_round_actual": 30,
  "best_round": 24,
  "best_test_hr": 0.7539766702014846,
  "best_test_ndcg": 0.46653958384194477,
  "best_val_hr": 0.7836691410392365,
  "hr_list": [
    0.18133616118769882,
    0.3266171792152704,
    0.5143160127253447,
    0.5790031813361611,
    0.5896076352067868,
    0.6055143160127253,
    0.6150583244962884,
    0.6203605514316013,
    0.616118769883351,
    0.630965005302227,
    0.630965005302227,
    0.6394485683987274,
    0.6299045599151644,
    0.6489925768822906,
    0.6595970307529162,
    0.6733828207847296,
    0.672322375397667,
    0.6733828207847296,
    0.6998939554612937,
    0.7009544008483564,
    0.7051961823966065,
    0.711558854718982,
    0.7391304347826086,
    0.7486744432661718,
    0.7539766702014846,
    0.7550371155885471,
    0.7624602332979852,
    0.7529162248144221,
    0.767762460233298,
    0.7529162248144221
  ],
  "ndcg_list": [
    0.08883342714118769,
    0.18876956792978375,
    0.31641846907784205,
    0.3730931250893314,
    0.37703175142672707,
    0.3888161494594219,
    0.3964104201498836,
    0.4002913103084165,
    0.40053503226405623,
    0.40226903438856876,
    0.40935203082007476,
    0.4110408631153168,
    0.4130920218566838,
    0.4268964924692401,
    0.42210110295443687,
    0.4222791820591,
    0.42778136298953906,
    0.42684896318051196,
    0.4413640692364328,
    0.4404209318208296,
    0.4447350446458572,
    0.4517821279304895,
    0.45476515347221885,
    0.461966894711852,
    0.46653958384194477,
    0.465116576770474,
    0.47766678711751415,
    0.4697387276304793,
    0.4827400984061236,
    0.47067281427476637
  ],
  "val_hr_list": [
    0.21739130434782608,
    0.3425238600212089,
    0.5387062566277837,
    0.6118769883351007,
    0.6299045599151644,
    0.6447507953340403,
    0.6426299045599152,
    0.6532343584305408,
    0.6670201484623541,
    0.6564156945917285,
    0.6702014846235419,
    0.6818663838812301,
    0.6977730646871686,
    0.6776246023329798,
    0.6882290562036055,
    0.6967126193001061,
    0.704135737009544,
    0.7051961823966065,
    0.7285259809119831,
    0.7327677624602333,
    0.7518557794273595,
    0.7518557794273595,
    0.7539766702014846,
    0.7476139978791092,
    0.7836691410392365,
    0.7624602332979852,
    0.7624602332979852,
    0.777306468716861,
    0.7709437963944857,
    0.7794273594909862
  ],
  "val_ndcg_list": [
    0.10474959212916969,
    0.19137465238922763,
    0.3408429291474116,
    0.39461363204484123,
    0.40709328613997997,
    0.4174698047043111,
    0.417334262439626,
    0.42476430170168156,
    0.4324520199493426,
    0.43452173788272885,
    0.4328063239151638,
    0.44459342303551824,
    0.455425261751059,
    0.44360758484183604,
    0.45266050883155334,
    0.4534366231500369,
    0.45426010337677386,
    0.45714920902342243,
    0.4721405634781643,
    0.4660402631955327,
    0.4807557208723162,
    0.47210547608252257,
    0.4889104693851978,
    0.4746820503437629,
    0.501862008443953,
    0.4977840147490888,
    0.4956067434030678,
    0.5088526186497164,
    0.4978957362704796,
    0.5084791007473014
  ],
  "upload_bytes_per_round": [
    214732416,
    214732416,
    214732416,
    214732416,
    214732416,
    214732416,
    214732416,
    214732416,
    214732416,
    214732416,
    214732416,
    214732416,
    214732416,
    214732416,
    214732416,
    214732416,
    214732416,
    214732416,
    214732416,
    214732416,
    214732416,
    214732416,
    214732416,
    214732416,
    214732416,
    214732416,
    214732416,
    214732416,
    214732416,
    214732416
  ],
  "total_upload_bytes": 6441972480,
  "aggregate_stats_per_round": [
    {
      "avg_item_neighbors": 651.7603393425238,
      "avg_interest_neighbors": 654.8547189819724,
      "avg_trusted_neighbors": 554.4708377518558,
      "avg_union_neighbors": 752.1442205726405,
      "avg_false_neighbor_ratio": 0.26281313797809586,
      "isolated_nodes": 130.0,
      "mode": "intersection"
    },
    {
      "avg_item_neighbors": 567.2067868504772,
      "avg_interest_neighbors": 566.0063626723223,
      "avg_trusted_neighbors": 427.68186638388124,
      "avg_union_neighbors": 705.5312831389183,
      "avg_false_neighbor_ratio": 0.39381587095455395,
      "isolated_nodes": 188.0,
      "mode": "intersection"
    },
    {
      "avg_item_neighbors": 536.0424178154825,
      "avg_interest_neighbors": 562.9946977730647,
      "avg_trusted_neighbors": 374.3287380699894,
      "avg_union_neighbors": 724.7083775185578,
      "avg_false_neighbor_ratio": 0.48347673397717295,
      "isolated_nodes": 187.0,
      "mode": "intersection"
    },
    {
      "avg_item_neighbors": 529.9809119830329,
      "avg_interest_neighbors": 573.575821845175,
      "avg_trusted_neighbors": 370.86320254506893,
      "avg_union_neighbors": 732.6935312831389,
      "avg_false_neighbor_ratio": 0.4938358444415498,
      "isolated_nodes": 195.0,
      "mode": "intersection"
    },
    {
      "avg_item_neighbors": 519.5100742311771,
      "avg_interest_neighbors": 583.4994697773064,
      "avg_trusted_neighbors": 388.5811240721103,
      "avg_union_neighbors": 714.4284199363733,
      "avg_false_neighbor_ratio": 0.4560950919243706,
      "isolated_nodes": 188.0,
      "mode": "intersection"
    },
    {
      "avg_item_neighbors": 509.694591728526,
      "avg_interest_neighbors": 626.6299045599152,
      "avg_trusted_neighbors": 435.6373276776246,
      "avg_union_neighbors": 700.6871686108166,
      "avg_false_neighbor_ratio": 0.37827129253512687,
      "isolated_nodes": 190.0,
      "mode": "intersection"
    },
    {
      "avg_item_neighbors": 501.1898197242842,
      "avg_interest_neighbors": 612.5005302226936,
      "avg_trusted_neighbors": 422.8950159066808,
      "avg_union_neighbors": 690.7953340402969,
      "avg_false_neighbor_ratio": 0.38781431334622823,
      "isolated_nodes": 198.0,
      "mode": "intersection"
    },
    {
      "avg_item_neighbors": 479.3828207847296,
      "avg_interest_neighbors": 599.4867444326617,
      "avg_trusted_neighbors": 393.63308589607635,
      "avg_union_neighbors": 685.236479321315,
      "avg_false_neighbor_ratio": 0.4255514734330169,
      "isolated_nodes": 199.0,
      "mode": "intersection"
    },
    {
      "avg_item_neighbors": 457.92788971367975,
      "avg_interest_neighbors": 593.5652173913044,
      "avg_trusted_neighbors": 370.20572640509016,
      "avg_union_neighbors": 681.2873806998939,
      "avg_false_neighbor_ratio": 0.45660856652772025,
      "isolated_nodes": 212.0,
      "mode": "intersection"
    },
    {
      "avg_item_neighbors": 450.08271474019085,
      "avg_interest_neighbors": 596.1590668080594,
      "avg_trusted_neighbors": 367.5270413573701,
      "avg_union_neighbors": 678.7147401908802,
      "avg_false_neighbor_ratio": 0.4584955658189954,
      "isolated_nodes": 205.0,
      "mode": "intersection"
    },
    {
      "avg_item_neighbors": 432.0996818663839,
      "avg_interest_neighbors": 596.559915164369,
      "avg_trusted_neighbors": 355.34676564156945,
      "avg_union_neighbors": 673.3128313891834,
      "avg_false_neighbor_ratio": 0.47224120932254376,
      "isolated_nodes": 209.0,
      "mode": "intersection"
    },
    {
      "avg_item_neighbors": 426.32661717921525,
      "avg_interest_neighbors": 595.406150583245,
      "avg_trusted_neighbors": 343.14952279957583,
      "avg_union_neighbors": 678.5832449628845,
      "avg_false_neighbor_ratio": 0.49431477221583237,
      "isolated_nodes": 206.0,
      "mode": "intersection"
    },
    {
      "avg_item_neighbors": 422.2799575821845,
      "avg_interest_neighbors": 594.3287380699894,
      "avg_trusted_neighbors": 337.64369034994695,
      "avg_union_neighbors": 678.9650053022269,
      "avg_false_neighbor_ratio": 0.5027082578436395,
      "isolated_nodes": 205.0,