{
  "tag": "S3_C4_seed7",
  "alias": "S3_C4_seed7",
  "dataset": "100k",
  "num_round_requested": 30,
  "num_round_actual": 30,
  "best_round": 29,
  "best_test_hr": 0.7613997879109226,
  "best_test_ndcg": 0.4657614262137487,
  "best_val_hr": 0.7910922587486744,
  "hr_list": [
    0.23329798515376457,
    0.38176033934252385,
    0.5641569459172853,
    0.6150583244962884,
    0.6256627783669141,
    0.623541887592789,
    0.6288441145281018,
    0.630965005302227,
    0.6256627783669141,
    0.6277836691410392,
    0.6277836691410392,
    0.6299045599151644,
    0.6277836691410392,
    0.6553552492046659,
    0.647932131495228,
    0.6532343584305408,
    0.6511134676564156,
    0.6489925768822906,
    0.6702014846235419,
    0.6765641569459173,
    0.6744432661717922,
    0.7062566277836692,
    0.7030752916224814,
    0.7168610816542949,
    0.721102863202545,
    0.7253446447507953,
    0.7380699893955461,
    0.7338282078472959,
    0.750795334040297,
    0.7613997879109226
  ],
  "ndcg_list": [
    0.1112307431111233,
    0.2251504738256906,
    0.3641961773852779,
    0.3974627418897098,
    0.39690480879502377,
    0.3860366158047069,
    0.38948502996775736,
    0.38770702289289843,
    0.3815263166917041,
    0.3861792220940994,
    0.3817138560184994,
    0.38065557028540176,
    0.3786809965710487,
    0.3977126252218726,
    0.38748813300597323,
    0.39495509729751443,
    0.3991273909798073,
    0.4022197409801575,
    0.41213354354284676,
    0.4113581769976008,
    0.41943274088332283,
    0.43048722270726536,
    0.42752865048418215,
    0.4336192991736401,
    0.43642323761384055,
    0.4547418086195995,
    0.4464970278392131,
    0.45433112638546663,
    0.4533635983146887,
    0.4657614262137487
  ],
  "val_hr_list": [
    0.23860021208907742,
    0.40402969247083775,
    0.6044538706256628,
    0.662778366914104,
    0.6606574761399788,
    0.662778366914104,
    0.6744432661717922,
    0.6680805938494168,
    0.6680805938494168,
    0.672322375397667,
    0.6829268292682927,
    0.6786850477200425,
    0.6818663838812301,
    0.6818663838812301,
    0.6967126193001061,
    0.6914103923647932,
    0.704135737009544,
    0.7020148462354189,
    0.7200424178154825,
    0.7221633085896076,
    0.7253446447507953,
    0.7274655355249204,
    0.7380699893955461,
    0.7497348886532343,
    0.7539766702014846,
    0.76033934252386,
    0.767762460233298,
    0.7613997879109226,
    0.7762460233297985,
    0.7910922587486744
  ],
  "val_ndcg_list": [
    0.11983154516901792,
    0.23093544262515991,
    0.3876197140188017,
    0.42256950318632025,
    0.428529672628525,
    0.4182105803087793,
    0.42345797693995446,
    0.4137756223972667,
    0.41482561606320323,
    0.4151677024668219,
    0.42088846816711656,
    0.41422773194284596,
    0.4129267628716121,
    0.4306035271459379,
    0.4246421932438136,
    0.42609419742817045,
    0.4332251514708536,
    0.445063061362422,
    0.4518017528695567,
    0.44904375376838174,
    0.4641942521942236,
    0.45748912838416317,
    0.46798636898925144,
    0.47402036088254,
    0.47857209033964276,
    0.48487251209690535,
    0.49255855263249354,
    0.4892623724776629,
    0.49204240882826616,
    0.5106611487390385
  ],
  "upload_bytes_per_round": [
    214732416,
    214732416,
    214732416,
    214732416,
    214732416,
    214732416,
    214732416,
    214732416,
    214732416,
    214732416,
    214732416,
    214732416,
    214732416,
    214732416,
    214732416,
    214732416,
    214732416,
    214732416,
    214732416,
    214732416,
    214732416,
    214732416,
    214732416,
    214732416,
    214732416,
    214732416,
    214732416,
    214732416,
    214732416,
    214732416
  ],
  "total_upload_bytes": 6441972480,
  "aggregate_stats_per_round": [
    {
      "avg_item_neighbors": 612.1293743372216,
      "avg_interest_neighbors": 606.1293743372216,
      "avg_trusted_neighbors": 503.18345705196185,
      "avg_union_neighbors": 715.0752916224815,
      "avg_false_neighbor_ratio": 0.296321012700277,
      "isolated_nodes": 150.0,
      "mode": "intersection"
    },
    {
      "avg_item_neighbors": 491.5524920466596,
      "avg_interest_neighbors": 559.9915164369035,
      "avg_trusted_neighbors": 352.55991516436904,
      "avg_union_neighbors": 698.984093319194,
      "avg_false_neighbor_ratio": 0.49561096091585727,
      "isolated_nodes": 230.0,
      "mode": "intersection"
    },
    {
      "avg_item_neighbors": 493.83244962884413,
      "avg_interest_neighbors": 559.7136797454931,
      "avg_trusted_neighbors": 314.91622481442204,
      "avg_union_neighbors": 738.6299045599152,
      "avg_false_neighbor_ratio": 0.5736481519766614,
      "isolated_nodes": 203.0,
      "mode": "intersection"
    },
    {
      "avg_item_neighbors": 495.9045599151644,
      "avg_interest_neighbors": 566.3669141039237,
      "avg_trusted_neighbors": 354.3860021208908,
      "avg_union_neighbors": 707.8854718981972,
      "avg_false_neighbor_ratio": 0.49937381654322766,
      "isolated_nodes": 204.0,
      "mode": "intersection"
    },
    {
      "avg_item_neighbors": 495.29374337221634,
      "avg_interest_neighbors": 599.5715800636267,
      "avg_trusted_neighbors": 412.6320254506893,
      "avg_union_neighbors": 682.2332979851537,
      "avg_false_neighbor_ratio": 0.3951746027798416,
      "isolated_nodes": 205.0,
      "mode": "intersection"
    },
    {
      "avg_item_neighbors": 486.8292682926829,
      "avg_interest_neighbors": 589.3552492046659,
      "avg_trusted_neighbors": 405.29374337221634,
      "avg_union_neighbors": 670.8907741251326,
      "avg_false_neighbor_ratio": 0.3958871413893938,
      "isolated_nodes": 213.0,
      "mode": "intersection"
    },
    {
      "avg_item_neighbors": 486.8271474019088,
      "avg_interest_neighbors": 586.8695652173913,
      "avg_trusted_neighbors": 398.6320254506893,
      "avg_union_neighbors": 675.0646871686108,
      "avg_false_neighbor_ratio": 0.40949062656106167,
      "isolated_nodes": 213.0,
      "mode": "intersection"
    },
    {
      "avg_item_neighbors": 473.96818663838815,
      "avg_interest_neighbors": 603.9872746553552,
      "avg_trusted_neighbors": 399.49946977730644,
      "avg_union_neighbors": 678.4559915164369,
      "avg_false_neighbor_ratio": 0.41116376777162295,
      "isolated_nodes": 208.0,
      "mode": "intersection"
    },
    {
      "avg_item_neighbors": 479.87698833510075,
      "avg_interest_neighbors": 602.2948038176033,
      "avg_trusted_neighbors": 409.79427359490984,
      "avg_union_neighbors": 672.3775185577942,
      "avg_false_neighbor_ratio": 0.3905294833862207,
      "isolated_nodes": 209.0,
      "mode": "intersection"
    },
    {
      "avg_item_neighbors": 475.0774125132556,
      "avg_interest_neighbors": 594.6362672322375,
      "avg_trusted_neighbors": 390.5896076352068,
      "avg_union_neighbors": 679.1240721102863,
      "avg_false_neighbor_ratio": 0.42486266696230873,
      "isolated_nodes": 190.0,
      "mode": "intersection"
    },
    {
      "avg_item_neighbors": 470.51749734888654,
      "avg_interest_neighbors": 589.3170731707318,
      "avg_trusted_neighbors": 382.390243902439,
      "avg_union_neighbors": 677.4443266171792,
      "avg_false_neighbor_ratio": 0.43553997151041746,
      "isolated_nodes": 191.0,
      "mode": "intersection"
    },
    {
      "avg_item_neighbors": 464.96712619300104,
      "avg_interest_neighbors": 587.3828207847296,
      "avg_trusted_neighbors": 367.2301166489926,
      "avg_union_neighbors": 685.1198303287381,
      "avg_false_neighbor_ratio": 0.4639914064773368,
      "isolated_nodes": 183.0,
      "mode": "intersection"
    },
    {
      "avg_item_neighbors": 458.5068928950159,
      "avg_interest_neighbors": 585.7879109225875,
      "avg_trusted_neighbors": 371.38494167550374,
      "avg_union_neighbors": 672.9098621420997,
      "avg_false_neighbor_ratio": 0.44809110020581383,
      "isolated_nodes": 182.0,