{
  "tag": "S3_C4_seed7",
  "alias": "S3_C4_seed7",
  "dataset": "100k",
  "num_round_requested": 30,
  "num_round_actual": 30,
  "best_round": 29,
  "best_test_hr": 0.76033934252386,
  "best_test_ndcg": 0.46191565650013605,
  "best_val_hr": 0.7879109225874867,
  "hr_list": [
    0.23329798515376457,
    0.38176033934252385,
    0.5641569459172853,
    0.6150583244962884,
    0.6267232237539767,
    0.623541887592789,
    0.6267232237539767,
    0.630965005302227,
    0.6267232237539767,
    0.6277836691410392,
    0.6288441145281018,
    0.6288441145281018,
    0.6299045599151644,
    0.6585365853658537,
    0.6468716861081655,
    0.6489925768822906,
    0.6542948038176034,
    0.6532343584305408,
    0.6691410392364793,
    0.6691410392364793,
    0.6776246023329798,
    0.7126193001060446,
    0.704135737009544,
    0.7073170731707317,
    0.7104984093319194,
    0.7179215270413574,
    0.7274655355249204,
    0.7433722163308589,
    0.7529162248144221,
    0.76033934252386
  ],
  "ndcg_list": [
    0.1112307431111233,
    0.2251504738256906,
    0.3641961773852779,
    0.3974627418897098,
    0.3972113462566546,
    0.3860564254025652,
    0.3884972372293627,
    0.387482534524028,
    0.3815677410002807,
    0.38510847401531956,
    0.38275138178082596,
    0.3805587552510005,
    0.37996920846661497,
    0.3991226837091367,
    0.3869775923620862,
    0.3957492379525575,
    0.39330446173069256,
    0.39982086054965993,
    0.4111287398718866,
    0.4094186307186108,
    0.41590471596238154,
    0.43172456381014773,
    0.4293218445317829,
    0.4298971704194887,
    0.42764436591111105,
    0.44718291281255457,
    0.44513302579252567,
    0.46101471682959405,
    0.45459961520893033,
    0.46191565650013605
  ],
  "val_hr_list": [
    0.23860021208907742,
    0.40402969247083775,
    0.6044538706256628,
    0.662778366914104,
    0.6606574761399788,
    0.662778366914104,
    0.6744432661717922,
    0.6680805938494168,
    0.6670201484623541,
    0.6744432661717922,
    0.6808059384941676,
    0.6733828207847296,
    0.6765641569459173,
    0.6786850477200425,
    0.6924708377518558,
    0.6924708377518558,
    0.6998939554612937,
    0.6967126193001061,
    0.721102863202545,
    0.7158006362672322,
    0.7274655355249204,
    0.7242841993637328,
    0.7454931071049841,
    0.7560975609756098,
    0.7550371155885471,
    0.7645811240721103,
    0.7667020148462355,
    0.7613997879109226,
    0.7751855779427359,
    0.7879109225874867
  ],
  "val_ndcg_list": [
    0.11983154516901792,
    0.23093544262515991,
    0.3876197140188017,
    0.42256950318632025,
    0.428529672628525,
    0.4183630647339033,
    0.42316982527326463,
    0.41409688851855464,
    0.4150829504381064,
    0.4161925732075021,
    0.418170197928896,
    0.4134511790559743,
    0.41381966872904047,
    0.42780917526280615,
    0.42517197722659067,
    0.42653254068796315,
    0.42933513864182593,
    0.4434913390839251,
    0.4509952542714931,
    0.43971262422498264,
    0.46070304033931236,
    0.455291045133423,
    0.47345580448344343,
    0.47225711298133033,
    0.478974321482425,
    0.48548578875978493,
    0.4924620924854272,
    0.4842482774116164,
    0.49320471080616834,
    0.5013080235501334
  ],
  "upload_bytes_per_round": [
    214732416,
    214732416,
    214732416,
    214732416,
    214732416,
    214732416,
    214732416,
    214732416,
    214732416,
    214732416,
    214732416,
    214732416,
    214732416,
    214732416,
    214732416,
    214732416,
    214732416,
    214732416,
    214732416,
    214732416,
    214732416,
    214732416,
    214732416,
    214732416,
    214732416,
    214732416,
    214732416,
    214732416,
    214732416,
    214732416
  ],
  "total_upload_bytes": 6441972480,
  "aggregate_stats_per_round": [
    {
      "avg_item_neighbors": 612.1272534464475,
      "avg_interest_neighbors": 606.1293743372216,
      "avg_trusted_neighbors": 503.18345705196185,
      "avg_union_neighbors": 715.0731707317074,
      "avg_false_neighbor_ratio": 0.296318925604392,
      "isolated_nodes": 150.0,
      "mode": "intersection"
    },
    {
      "avg_item_neighbors": 491.5524920466596,
      "avg_interest_neighbors": 559.9915164369035,
      "avg_trusted_neighbors": 352.56203605514315,
      "avg_union_neighbors": 698.9819724284199,
      "avg_false_neighbor_ratio": 0.4956063962132476,
      "isolated_nodes": 230.0,
      "mode": "intersection"
    },
    {
      "avg_item_neighbors": 493.8388123011665,
      "avg_interest_neighbors": 559.711558854719,
      "avg_trusted_neighbors": 314.9247083775186,
      "avg_union_neighbors": 738.6256627783669,
      "avg_false_neighbor_ratio": 0.5736342179163962,
      "isolated_nodes": 203.0,
      "mode": "intersection"
    },
    {
      "avg_item_neighbors": 495.98727465535524,
      "avg_interest_neighbors": 566.3266171792153,
      "avg_trusted_neighbors": 354.4284199363733,
      "avg_union_neighbors": 707.8854718981972,
      "avg_false_neighbor_ratio": 0.4993138946813355,
      "isolated_nodes": 204.0,
      "mode": "intersection"
    },
    {
      "avg_item_neighbors": 495.1898197242842,
      "avg_interest_neighbors": 599.5970307529162,
      "avg_trusted_neighbors": 412.5323435843054,
      "avg_union_neighbors": 682.254506892895,
      "avg_false_neighbor_ratio": 0.39533951125797756,
      "isolated_nodes": 205.0,
      "mode": "intersection"
    },
    {
      "avg_item_neighbors": 486.91410392364793,
      "avg_interest_neighbors": 589.3510074231177,
      "avg_trusted_neighbors": 405.4146341463415,
      "avg_union_neighbors": 670.8504772004242,
      "avg_false_neighbor_ratio": 0.39567064804335045,
      "isolated_nodes": 213.0,
      "mode": "intersection"
    },
    {
      "avg_item_neighbors": 486.5662778366914,
      "avg_interest_neighbors": 586.8674443266171,
      "avg_trusted_neighbors": 398.2863202545069,
      "avg_union_neighbors": 675.1474019088017,
      "avg_false_neighbor_ratio": 0.4100750160210095,
      "isolated_nodes": 211.0,
      "mode": "intersection"
    },
    {
      "avg_item_neighbors": 473.2746553552492,
      "avg_interest_neighbors": 604.0763520678685,
      "avg_trusted_neighbors": 399.0201484623542,
      "avg_union_neighbors": 678.3308589607635,
      "avg_false_neighbor_ratio": 0.41176176317015445,
      "isolated_nodes": 208.0,
      "mode": "intersection"
    },
    {
      "avg_item_neighbors": 479.0286320254507,
      "avg_interest_neighbors": 602.4284199363733,
      "avg_trusted_neighbors": 409.71792152704137,
      "avg_union_neighbors": 671.7391304347826,
      "avg_false_neighbor_ratio": 0.3900639355908122,
      "isolated_nodes": 210.0,
      "mode": "intersection"
    },
    {
      "avg_item_neighbors": 475.67550371155886,
      "avg_interest_neighbors": 594.4962884411452,
      "avg_trusted_neighbors": 391.77518557794275,
      "avg_union_neighbors": 678.3966065747614,
      "avg_false_neighbor_ratio": 0.4224983117825076,
      "isolated_nodes": 189.0,
      "mode": "intersection"
    },
    {
      "avg_item_neighbors": 471.59915164369033,
      "avg_interest_neighbors": 589.966065747614,
      "avg_trusted_neighbors": 384.46659597030754,
      "avg_union_neighbors": 677.0986214209968,
      "avg_false_neighbor_ratio": 0.43218523298209566,
      "isolated_nodes": 189.0,
      "mode": "intersection"
    },
    {
      "avg_item_neighbors": 465.9575821845175,
      "avg_interest_neighbors": 587.5121951219512,
      "avg_trusted_neighbors": 367.3085896076352,
      "avg_union_neighbors": 686.1611876988335,
      "avg_false_neighbor_ratio": 0.46469051850707055,
      "isolated_nodes": 185.0,
      "mode": "intersection"
    },
    {
      "avg_item_neighbors": 460.75503711558855,
      "avg_interest_neighbors": 584.984093319194,
      "avg_trusted_neighbors": 374.59384941675506,
      "avg_union_neighbors": 671.1452810180276,
      "avg_false_neighbor_ratio": 0.44185877482658914,
      "isolated_nodes": 180.0,