{
  "tag": "XR1_reg_0.05",
  "alias": "XR1_reg_0.05",
  "dataset": "100k",
  "num_round_requested": 30,
  "num_round_actual": 30,
  "best_round": 28,
  "best_test_hr": 0.6808059384941676,
  "best_test_ndcg": 0.42826422580817436,
  "best_val_hr": 0.7285259809119831,
  "hr_list": [
    0.20890774125132555,
    0.30434782608695654,
    0.440084835630965,
    0.5153764581124072,
    0.5270413573700954,
    0.5387062566277837,
    0.5493107104984093,
    0.5524920466595971,
    0.5662778366914104,
    0.5694591728525981,
    0.5641569459172853,
    0.5705196182396607,
    0.5758218451749735,
    0.5758218451749735,
    0.5896076352067868,
    0.584305408271474,
    0.616118769883351,
    0.6086956521739131,
    0.6171792152704135,
    0.623541887592789,
    0.6299045599151644,
    0.6341463414634146,
    0.6553552492046659,
    0.6458112407211029,
    0.662778366914104,
    0.6595970307529162,
    0.6765641569459173,
    0.6776246023329798,
    0.6808059384941676,
    0.6924708377518558
  ],
  "ndcg_list": [
    0.10024106242464549,
    0.16292077313214792,
    0.2611043726784988,
    0.3116155818302748,
    0.3217439492940897,
    0.3226524029843314,
    0.3311921954310538,
    0.32936594360537685,
    0.33472210779916434,
    0.33819464698226903,
    0.33699037129227993,
    0.33580820855643784,
    0.3409775157687446,
    0.3414513003388028,
    0.3503892600266542,
    0.3521463176101405,
    0.3671285405133856,
    0.36453004523067584,
    0.37053187378682023,
    0.3861584323790221,
    0.387755984248003,
    0.39040954819037266,
    0.4035520178633452,
    0.40029063231550344,
    0.40910986946756217,
    0.40831575989138946,
    0.4208588127366623,
    0.4250259597528886,
    0.42826422580817436,
    0.4350738053806658
  ],
  "val_hr_list": [
    0.19936373276776245,
    0.3213149522799576,
    0.46129374337221635,
    0.5418875927889714,
    0.5673382820784729,
    0.584305408271474,
    0.5959703075291622,
    0.5980911983032874,
    0.601272534464475,
    0.5991516436903499,
    0.6129374337221634,
    0.6044538706256628,
    0.6033934252386002,
    0.6182396606574762,
    0.6203605514316013,
    0.6203605514316013,
    0.6373276776246023,
    0.6458112407211029,
    0.6617179215270413,
    0.6458112407211029,
    0.6712619300106044,
    0.6733828207847296,
    0.6755037115588547,
    0.6850477200424178,
    0.7009544008483564,
    0.6956521739130435,
    0.6935312831389183,
    0.7126193001060446,
    0.7285259809119831,
    0.7104984093319194
  ],
  "val_ndcg_list": [
    0.10077957922637794,
    0.1772016669821106,
    0.27107520324036993,
    0.3344943169513531,
    0.35145629282147123,
    0.3587563553642549,
    0.36139017637479204,
    0.35715779140115517,
    0.3593465027711728,
    0.3562170682512683,
    0.36531489666210465,
    0.3655212411142682,
    0.3646690346723961,
    0.37547949630351396,
    0.38089580463420997,
    0.38273044988649974,
    0.3919042730870552,
    0.40436624404818927,
    0.4136935056161667,
    0.4091639203147744,
    0.41928582916153223,
    0.427766651677826,
    0.4359764804036563,
    0.4420515799791905,
    0.45549367617972697,
    0.4500916050268512,
    0.44823134046459434,
    0.4591337888637564,
    0.4669250308849202,
    0.4693428047273592
  ],
  "upload_bytes_per_round": [
    214732416,
    214732416,
    214732416,
    214732416,
    214732416,
    214732416,
    214732416,
    214732416,
    214732416,
    214732416,
    214732416,
    214732416,
    214732416,
    214732416,
    214732416,
    214732416,
    214732416,
    214732416,
    214732416,
    214732416,
    214732416,
    214732416,
    214732416,
    214732416,
    214732416,
    214732416,
    214732416,
    214732416,
    214732416,
    214732416
  ],
  "total_upload_bytes": 6441972480,
  "aggregate_stats_per_round": [
    {
      "avg_item_neighbors": 648.5747613997879,
      "avg_interest_neighbors": 672.0954400848357,
      "avg_trusted_neighbors": 556.3923647932131,
      "avg_union_neighbors": 764.2778366914104,
      "avg_false_neighbor_ratio": 0.2720024864231859,
      "isolated_nodes": 115.0,
      "mode": "intersection"
    },
    {
      "avg_item_neighbors": 639.3531283138918,
      "avg_interest_neighbors": 591.9978791092259,
      "avg_trusted_neighbors": 480.0869565217391,
      "avg_union_neighbors": 751.2640509013786,
      "avg_false_neighbor_ratio": 0.36096109490967504,
      "isolated_nodes": 136.0,
      "mode": "intersection"
    },
    {
      "avg_item_neighbors": 603.1686108165429,
      "avg_interest_neighbors": 562.846235418876,
      "avg_trusted_neighbors": 430.88865323435846,
      "avg_union_neighbors": 735.1261930010604,
      "avg_false_neighbor_ratio": 0.4138575698475529,
      "isolated_nodes": 151.0,
      "mode": "intersection"
    },
    {
      "avg_item_neighbors": 586.3032873806999,
      "avg_interest_neighbors": 560.424178154825,
      "avg_trusted_neighbors": 410.9374337221633,
      "avg_union_neighbors": 735.7900318133616,
      "avg_false_neighbor_ratio": 0.4415017655112777,
      "isolated_nodes": 156.0,
      "mode": "intersection"
    },
    {
      "avg_item_neighbors": 571.9045599151643,
      "avg_interest_neighbors": 553.4125132555673,
      "avg_trusted_neighbors": 394.8186638388123,
      "avg_union_neighbors": 730.4984093319194,
      "avg_false_neighbor_ratio": 0.4595215283221554,
      "isolated_nodes": 158.0,
      "mode": "intersection"
    },
    {
      "avg_item_neighbors": 558.2948038176033,
      "avg_interest_neighbors": 589.8027571580063,
      "avg_trusted_neighbors": 425.8218451749735,
      "avg_union_neighbors": 722.2757158006362,
      "avg_false_neighbor_ratio": 0.41044418930386756,
      "isolated_nodes": 167.0,
      "mode": "intersection"
    },
    {
      "avg_item_neighbors": 542.8483563096501,
      "avg_interest_neighbors": 644.2226935312831,
      "avg_trusted_neighbors": 473.0201484623542,
      "avg_union_neighbors": 714.050901378579,
      "avg_false_neighbor_ratio": 0.33755402094007575,
      "isolated_nodes": 166.0,
      "mode": "intersection"
    },
    {
      "avg_item_neighbors": 536.3860021208908,
      "avg_interest_neighbors": 630.3308589607635,
      "avg_trusted_neighbors": 465.5715800636267,
      "avg_union_neighbors": 701.1452810180276,
      "avg_false_neighbor_ratio": 0.33598414955080314,
      "isolated_nodes": 185.0,
      "mode": "intersection"
    },
    {
      "avg_item_neighbors": 529.9363732767763,
      "avg_interest_neighbors": 613.7497348886533,
      "avg_trusted_neighbors": 447.847295864263,
      "avg_union_neighbors": 695.8388123011665,
      "avg_false_neighbor_ratio": 0.3563921874619005,
      "isolated_nodes": 176.0,
      "mode": "intersection"
    },
    {
      "avg_item_neighbors": 518.8780487804878,
      "avg_interest_neighbors": 600.5726405090138,
      "avg_trusted_neighbors": 429.73700954400846,
      "avg_union_neighbors": 689.7136797454931,
      "avg_false_neighbor_ratio": 0.3769341943419434,
      "isolated_nodes": 186.0,
      "mode": "intersection"
    },
    {
      "avg_item_neighbors": 519.1686108165429,
      "avg_interest_neighbors": 598.2269353128314,
      "avg_trusted_neighbors": 429.18769883351007,
      "avg_union_neighbors": 688.2078472958642,
      "avg_false_neighbor_ratio": 0.3763690714659928,
      "isolated_nodes": 185.0,
      "mode": "intersection"
    },
    {
      "avg_item_neighbors": 505.6967126193001,
      "avg_interest_neighbors": 605.8430540827147,
      "avg_trusted_neighbors": 430.7338282078473,
      "avg_union_neighbors": 680.8059384941675,
      "avg_false_neighbor_ratio": 0.36731775700934577,
      "isolated_nodes": 199.0,
      "mode": "intersection"
    },
    {
      "avg_item_neighbors": 504.02757158006364,
      "avg_interest_neighbors": 603.9554612937434,
      "avg_trusted_neighbors": 425.0646871686108,
      "avg_union_neighbors": 682.9183457051962,
      "avg_false_neighbor_ratio": 0.3775761189579995,
      "isolated_nodes": 192.0,