{
  "tag": "I2_fc_layer",
  "alias": "I2_fc_layer",
  "dataset": "100k",
  "num_round_requested": 20,
  "num_round_actual": 20,
  "best_round": 19,
  "best_test_hr": 0.4602332979851538,
  "best_test_ndcg": 0.26670824544438987,
  "best_val_hr": 0.5026511134676565,
  "hr_list": [
    0.11770943796394485,
    0.11664899257688228,
    0.13467656415694593,
    0.13361611876988336,
    0.16542948038176034,
    0.20360551431601273,
    0.22481442205726404,
    0.2704135737009544,
    0.2979851537645811,
    0.32343584305408274,
    0.32767762460233296,
    0.34782608695652173,
    0.3743372216330859,
    0.3711558854718982,
    0.41145281018027574,
    0.41569459172852596,
    0.440084835630965,
    0.44644750795334043,
    0.4559915164369035,
    0.4602332979851538
  ],
  "ndcg_list": [
    0.05345868085007483,
    0.05143225893508341,
    0.06230239218229738,
    0.06725311315008141,
    0.08804978849664225,
    0.11051308948835165,
    0.12349972689518954,
    0.14752450678430468,
    0.16393905661463704,
    0.17858952812219592,
    0.18338660314007357,
    0.19857475978723088,
    0.20916115239743904,
    0.21077176110588053,
    0.2357118510783822,
    0.2347115278264951,
    0.24991268432894992,
    0.2522011644452661,
    0.260451100691917,
    0.26670824544438987
  ],
  "val_hr_list": [
    0.10180275715800637,
    0.09968186638388123,
    0.11983032873807,
    0.1357370095440085,
    0.16224814422057265,
    0.2142099681866384,
    0.23753976670201485,
    0.2682926829268293,
    0.2926829268292683,
    0.3266171792152704,
    0.3584305408271474,
    0.3796394485683987,
    0.40827147401908803,
    0.4284199363732768,
    0.45387062566277836,
    0.4623541887592789,
    0.47720042417815484,
    0.48568398727465534,
    0.48250265111346763,
    0.5026511134676565
  ],
  "val_ndcg_list": [
    0.04602956683499871,
    0.04707890395685529,
    0.057775850176936344,
    0.07564104331572791,
    0.08798523089752447,
    0.11731565860913817,
    0.136485297475503,
    0.15196628471842472,
    0.16495173914389546,
    0.17978312429759927,
    0.19702226405243292,
    0.21040869889171096,
    0.23202312708033404,
    0.24253925911628224,
    0.2515384952743998,
    0.25771856066167503,
    0.26288789545528707,
    0.27206037435672314,
    0.2722808188501037,
    0.28398480618474725
  ],
  "upload_bytes_per_round": [
    214611712,
    214611712,
    214611712,
    214611712,
    214611712,
    214611712,
    214611712,
    214611712,
    214611712,
    214611712,
    214611712,
    214611712,
    214611712,
    214611712,
    214611712,
    214611712,
    214611712,
    214611712,
    214611712,
    214611712
  ],
  "total_upload_bytes": 4292234240,
  "aggregate_stats_per_round": [
    {
      "avg_item_neighbors": 685.1431601272534,
      "avg_interest_neighbors": 691.4294803817603,
      "avg_trusted_neighbors": 512.0805938494168,
      "avg_union_neighbors": 864.492046659597,
      "avg_false_neighbor_ratio": 0.4076514690585072,
      "isolated_nodes": 104.0,
      "mode": "intersection"
    },
    {
      "avg_item_neighbors": 590.0954400848357,
      "avg_interest_neighbors": 590.6150583244963,
      "avg_trusted_neighbors": 368.50053022269356,
      "avg_union_neighbors": 812.2099681866384,
      "avg_false_neighbor_ratio": 0.54629893173385,
      "isolated_nodes": 140.0,
      "mode": "intersection"
    },
    {
      "avg_item_neighbors": 557.2661717921527,
      "avg_interest_neighbors": 651.8960763520679,
      "avg_trusted_neighbors": 402.9650053022269,
      "avg_union_neighbors": 806.1972428419937,
      "avg_false_neighbor_ratio": 0.5001657362636206,
      "isolated_nodes": 171.0,
      "mode": "intersection"
    },
    {
      "avg_item_neighbors": 528.6341463414634,
      "avg_interest_neighbors": 663.507953340403,
      "avg_trusted_neighbors": 397.2216330858961,
      "avg_union_neighbors": 794.9204665959703,
      "avg_false_neighbor_ratio": 0.5003001560811622,
      "isolated_nodes": 196.0,
      "mode": "intersection"
    },
    {
      "avg_item_neighbors": 534.6850477200425,
      "avg_interest_neighbors": 701.032873806999,
      "avg_trusted_neighbors": 430.06574761399787,
      "avg_union_neighbors": 805.6521739130435,
      "avg_false_neighbor_ratio": 0.4661893040948758,
      "isolated_nodes": 200.0,
      "mode": "intersection"
    },
    {
      "avg_item_neighbors": 537.9597030752916,
      "avg_interest_neighbors": 690.0805938494168,
      "avg_trusted_neighbors": 435.9003181336161,
      "avg_union_neighbors": 792.1399787910923,
      "avg_false_neighbor_ratio": 0.4497180677601247,
      "isolated_nodes": 207.0,
      "mode": "intersection"
    },
    {
      "avg_item_neighbors": 538.540827147402,
      "avg_interest_neighbors": 702.8865323435843,
      "avg_trusted_neighbors": 449.34464475079534,
      "avg_union_neighbors": 792.0827147401909,
      "avg_false_neighbor_ratio": 0.43270489762147657,
      "isolated_nodes": 207.0,
      "mode": "intersection"
    },
    {
      "avg_item_neighbors": 526.1293743372216,
      "avg_interest_neighbors": 684.0021208907741,
      "avg_trusted_neighbors": 433.9745493107105,
      "avg_union_neighbors": 776.1569459172853,
      "avg_false_neighbor_ratio": 0.4408675312467551,
      "isolated_nodes": 205.0,
      "mode": "intersection"
    },
    {
      "avg_item_neighbors": 529.881230116649,
      "avg_interest_neighbors": 670.8928950159067,
      "avg_trusted_neighbors": 436.0572640509014,
      "avg_union_neighbors": 764.7168610816543,
      "avg_false_neighbor_ratio": 0.4297794566290589,
      "isolated_nodes": 212.0,
      "mode": "intersection"
    },
    {
      "avg_item_neighbors": 524.0869565217391,
      "avg_interest_neighbors": 669.9342523860021,
      "avg_trusted_neighbors": 433.87486744432664,
      "avg_union_neighbors": 760.1463414634146,
      "avg_false_neighbor_ratio": 0.42922192244056373,
      "isolated_nodes": 216.0,
      "mode": "intersection"
    },
    {
      "avg_item_neighbors": 518.931071049841,
      "avg_interest_neighbors": 668.1272534464475,
      "avg_trusted_neighbors": 431.6712619300106,
      "avg_union_neighbors": 755.3870625662778,
      "avg_false_neighbor_ratio": 0.42854295059873937,
      "isolated_nodes": 220.0,
      "mode": "intersection"
    },
    {
      "avg_item_neighbors": 523.2873806998939,
      "avg_interest_neighbors": 666.1102863202545,
      "avg_trusted_neighbors": 441.2767762460233,
      "avg_union_neighbors": 748.1208907741251,
      "avg_false_neighbor_ratio": 0.4101531160433068,
      "isolated_nodes": 216.0,
      "mode": "intersection"
    },
    {
      "avg_item_neighbors": 528.4114528101803,
      "avg_interest_neighbors": 668.2078472958642,
      "avg_trusted_neighbors": 455.68398727465535,
      "avg_union_neighbors": 740.9353128313892,
      "avg_false_neighbor_ratio": 0.38498816376652706,
      "isolated_nodes": 217.0,
      "mode": "intersection"
    },
    {
      "avg_item_neighbors": 526.3584305408272,
      "avg_interest_neighbors": 665.9342523860021,
      "avg_trusted_neighbors": 457.33616118769885,
      "avg_union_neighbors": 734.9565217391304,
      "avg_false_neighbor_ratio": 0.3777371209585262,
      "isolated_nodes": 216.0,
      "mode": "intersection"
    },
    {
      "avg_item_neighbors": 528.0551431601273,
      "avg_interest_neighbors": 661.6988335100742,
      "avg_trusted_neighbors": 461.9851537645811,
      "avg_union_neighbors": 727.7688229056204,
      "avg_false_neighbor_ratio": 0.3652034283083146,
      "isolated_nodes": 221.0,
      "mode": "intersection"
    },
    {
      "avg_item_neighbors": 523.085896076352,
      "avg_interest_neighbors": 660.0975609756098,
      "avg_trusted_neighbors": 455.5715800636267,
      "avg_union_neighbors": 727.6118769883351,
      "avg_false_neighbor_ratio": 0.37388105599748156,
      "isolated_nodes": 212.0,
      "mode": "intersection"
    },
    {
      "avg_item_neighbors": 524.9331919406151,
      "avg_interest_neighbors": 667.4358430540827,