{
  "tag": "I3_both",
  "alias": "I3_both",
  "dataset": "100k",
  "num_round_requested": 20,
  "num_round_actual": 20,
  "best_round": 19,
  "best_test_hr": 0.4899257688229056,
  "best_test_ndcg": 0.26844738319706823,
  "best_val_hr": 0.48250265111346763,
  "hr_list": [
    0.11770943796394485,
    0.11452810180275716,
    0.1357370095440085,
    0.12937433722163308,
    0.16755037115588547,
    0.22481442205726404,
    0.23753976670201485,
    0.26617179215270415,
    0.3022269353128314,
    0.3297985153764581,
    0.3488865323435843,
    0.3488865323435843,
    0.37327677624602335,
    0.39660657476139977,
    0.41993637327677624,
    0.4188759278897137,
    0.4517497348886532,
    0.45493107104984093,
    0.4687168610816543,
    0.4899257688229056
  ],
  "ndcg_list": [
    0.05345868085007483,
    0.05067188127832773,
    0.06283409991744852,
    0.0651948771545854,
    0.09252961920490464,
    0.11819951819429338,
    0.1332346060027376,
    0.1449466752524879,
    0.1677157639896413,
    0.1839166660542122,
    0.1955088261229653,
    0.20286534357577313,
    0.21429416186544972,
    0.22074842970534428,
    0.24195001172519173,
    0.23792130360101488,
    0.24841537358952925,
    0.2563092591862041,
    0.2632604537354273,
    0.26844738319706823
  ],
  "val_hr_list": [
    0.10180275715800637,
    0.09862142099681867,
    0.12195121951219512,
    0.13467656415694593,
    0.1633085896076352,
    0.2110286320254507,
    0.2354188759278897,
    0.271474019088017,
    0.29692470837751855,
    0.3255567338282078,
    0.352067868504772,
    0.383881230116649,
    0.41675503711558853,
    0.4284199363732768,
    0.45068928950159065,
    0.4591728525980912,
    0.4814422057264051,
    0.4782608695652174,
    0.47720042417815484,
    0.48250265111346763
  ],
  "val_ndcg_list": [
    0.04602956683499871,
    0.04731490417755401,
    0.059334456719642346,
    0.07140354892234142,
    0.08839954308488736,
    0.10833482638910752,
    0.13330629002001515,
    0.1522775753096954,
    0.164968764380013,
    0.1805768439001809,
    0.1945505059050782,
    0.20823374413002246,
    0.23614589661204158,
    0.23984491339830338,
    0.2483865873105955,
    0.2512521104611951,
    0.2612053689665642,
    0.2648527948816641,
    0.2652997077740995,
    0.2787589194313424
  ],
  "upload_bytes_per_round": [
    214732416,
    214732416,
    214732416,
    214732416,
    214732416,
    214732416,
    214732416,
    214732416,
    214732416,
    214732416,
    214732416,
    214732416,
    214732416,
    214732416,
    214732416,
    214732416,
    214732416,
    214732416,
    214732416,
    214732416
  ],
  "total_upload_bytes": 4294648320,
  "aggregate_stats_per_round": [
    {
      "avg_item_neighbors": 685.1431601272534,
      "avg_interest_neighbors": 686.3011664899258,
      "avg_trusted_neighbors": 506.86320254506893,
      "avg_union_neighbors": 864.5811240721102,
      "avg_false_neighbor_ratio": 0.4137470869618545,
      "isolated_nodes": 104.0,
      "mode": "intersection"
    },
    {
      "avg_item_neighbors": 587.2937433722163,
      "avg_interest_neighbors": 583.9893955461293,
      "avg_trusted_neighbors": 358.9331919406151,
      "avg_union_neighbors": 812.3499469777306,
      "avg_false_neighbor_ratio": 0.5581544711414197,
      "isolated_nodes": 140.0,
      "mode": "intersection"
    },
    {
      "avg_item_neighbors": 553.7073170731708,
      "avg_interest_neighbors": 577.5991516436903,
      "avg_trusted_neighbors": 344.576882290562,
      "avg_union_neighbors": 786.7295864262991,
      "avg_false_neighbor_ratio": 0.5620135708181581,
      "isolated_nodes": 172.0,
      "mode": "intersection"
    },
    {
      "avg_item_neighbors": 536.4114528101803,
      "avg_interest_neighbors": 590.8547189819724,
      "avg_trusted_neighbors": 349.83244962884413,
      "avg_union_neighbors": 777.4337221633086,
      "avg_false_neighbor_ratio": 0.5500163683980794,
      "isolated_nodes": 195.0,
      "mode": "intersection"
    },
    {
      "avg_item_neighbors": 543.1770943796395,
      "avg_interest_neighbors": 594.5832449628845,
      "avg_trusted_neighbors": 357.29374337221634,
      "avg_union_neighbors": 780.4665959703075,
      "avg_false_neighbor_ratio": 0.5422049512215006,
      "isolated_nodes": 201.0,
      "mode": "intersection"
    },
    {
      "avg_item_neighbors": 547.4167550371155,
      "avg_interest_neighbors": 597.2916224814422,
      "avg_trusted_neighbors": 359.9936373276776,
      "avg_union_neighbors": 784.7147401908802,
      "avg_false_neighbor_ratio": 0.5412426721586625,
      "isolated_nodes": 201.0,
      "mode": "intersection"
    },
    {
      "avg_item_neighbors": 535.4718981972428,
      "avg_interest_neighbors": 600.4262990455992,
      "avg_trusted_neighbors": 364.51749734888654,
      "avg_union_neighbors": 771.3806998939555,
      "avg_false_neighbor_ratio": 0.5274479937092047,
      "isolated_nodes": 210.0,
      "mode": "intersection"
    },
    {
      "avg_item_neighbors": 525.423117709438,
      "avg_interest_neighbors": 604.5281018027572,
      "avg_trusted_neighbors": 369.12619300106047,
      "avg_union_neighbors": 760.8250265111346,
      "avg_false_neighbor_ratio": 0.5148343178276638,
      "isolated_nodes": 212.0,
      "mode": "intersection"
    },
    {
      "avg_item_neighbors": 532.8844114528101,
      "avg_interest_neighbors": 611.7306468716861,
      "avg_trusted_neighbors": 388.84623541887595,
      "avg_union_neighbors": 755.7688229056204,
      "avg_false_neighbor_ratio": 0.4854957976118649,
      "isolated_nodes": 207.0,
      "mode": "intersection"
    },
    {
      "avg_item_neighbors": 524.2120890774125,
      "avg_interest_neighbors": 634.9034994697773,
      "avg_trusted_neighbors": 405.8727465535525,
      "avg_union_neighbors": 753.2428419936373,
      "avg_false_neighbor_ratio": 0.4611661420116344,
      "isolated_nodes": 209.0,
      "mode": "intersection"
    },
    {
      "avg_item_neighbors": 532.135737009544,
      "avg_interest_neighbors": 640.1908801696712,
      "avg_trusted_neighbors": 423.2746553552492,
      "avg_union_neighbors": 749.051961823966,
      "avg_false_neighbor_ratio": 0.43491950234725835,
      "isolated_nodes": 208.0,
      "mode": "intersection"
    },
    {
      "avg_item_neighbors": 538.8674443266171,
      "avg_interest_neighbors": 644.9968186638388,
      "avg_trusted_neighbors": 438.85683987274655,
      "avg_union_neighbors": 745.0074231177094,
      "avg_false_neighbor_ratio": 0.41093628565978974,
      "isolated_nodes": 210.0,
      "mode": "intersection"
    },
    {
      "avg_item_neighbors": 543.7476139978791,
      "avg_interest_neighbors": 649.5843054082715,
      "avg_trusted_neighbors": 451.2131495227996,
      "avg_union_neighbors": 742.118769883351,
      "avg_false_neighbor_ratio": 0.3919933468416074,
      "isolated_nodes": 211.0,
      "mode": "intersection"
    },
    {
      "avg_item_neighbors": 545.7900318133616,
      "avg_interest_neighbors": 647.6373276776246,
      "avg_trusted_neighbors": 455.0053022269353,
      "avg_union_neighbors": 738.4220572640509,
      "avg_false_neighbor_ratio": 0.3838140427267453,
      "isolated_nodes": 208.0,
      "mode": "intersection"
    },
    {
      "avg_item_neighbors": 543.236479321315,
      "avg_interest_neighbors": 644.4475079533404,
      "avg_trusted_neighbors": 451.92788971367975,
      "avg_union_neighbors": 735.7560975609756,
      "avg_false_neighbor_ratio": 0.3857639899800812,
      "isolated_nodes": 211.0,
      "mode": "intersection"
    },
    {
      "avg_item_neighbors": 542.3690349946978,
      "avg_interest_neighbors": 641.0222693531283,
      "avg_trusted_neighbors": 445.93849416755035,
      "avg_union_neighbors": 737.4528101802757,
      "avg_false_neighbor_ratio": 0.39529894250652126,
      "isolated_nodes": 208.0,
      "mode": "intersection"
    },
    {
      "avg_item_neighbors": 546.7211028632025,
      "avg_interest_neighbors": 637.4803817603394,